0.000000000000000000e+00,3.660527562610187857e+01
1.400140014001400104e-03,3.660710675320615337e+01
2.800280028002800209e-03,3.661166687196376301e+01
4.200420042004200313e-03,3.661667609739396312e+01
5.600560056005600418e-03,3.661975703633147816e+01
7.000700070007000522e-03,3.661967836041604585e+01
8.400840084008400627e-03,3.661689282836759674e+01
9.800980098009800731e-03,3.661312233840909158e+01
1.120112011201120084e-02,3.661030922584550495e+01
1.260126012601260094e-02,3.660958080872539711e+01
1.400140014001400104e-02,3.661079081260464818e+01
1.540154015401540115e-02,3.661280480620046518e+01
1.680168016801680125e-02,3.661426124891550415e+01
1.820182018201819962e-02,3.661432246319279216e+01
1.960196019601960146e-02,3.661301849920549500e+01
2.100210021002100330e-02,3.661107695214298730e+01
2.240224022402240167e-02,3.660942419419376392e+01
2.380238023802380004e-02,3.660867834590459324e+01
2.520252025202520188e-02,3.660889294763504154e+01
2.660266026602660372e-02,3.660962880989280421e+01
2.800280028002800209e-02,3.661025163008503114e+01
2.940294029402940046e-02,3.661026548190479701e+01
3.080308030803080230e-02,3.660951779180933130e+01
3.220322032203220414e-02,3.660820884972442002e+01
3.360336033603360251e-02,3.660674336926017247e+01
3.500350035003500088e-02,3.660552291956913251e+01
3.640364036403639925e-02,3.660478021054039033e+01
3.780378037803780455e-02,3.660451450508190874e+01
3.920392039203920292e-02,3.660453186788917890e+01
4.060406040604060129e-02,3.660455149710771394e+01
4.200420042004200660e-02,3.660432340974782761e+01
4.340434043404340497e-02,3.660371191399055135e+01
4.480448044804480334e-02,3.660272286416025622e+01
4.620462046204620171e-02,3.660147780720713229e+01
4.760476047604760008e-02,3.660015538860352535e+01
4.900490049004900539e-02,3.659892612810268986e+01
5.040504050405040376e-02,3.659790235719891882e+01
5.180518051805180213e-02,3.659711508187993445e+01
5.320532053205320744e-02,3.659651861800124806e+01
5.460546054605460581e-02,3.659601561933286007e+01
5.600560056005600418e-02,3.659549121410726968e+01
5.740574057405740255e-02,3.659484523606730733e+01
5.880588058805880092e-02,3.659401469247501382e+01
6.020602060206020623e-02,3.659298297505664976e+01
6.160616061606160460e-02,3.659177641287648441e+01
6.300630063006300297e-02,3.659045163957820535e+01
6.440644064406440827e-02,3.658907855053608671e+01
6.580658065806579970e-02,3.658772349620813458e+01
6.720672067206720501e-02,3.658643622913605498e+01
6.860686068606861032e-02,3.658524252310746760e+01
7.000700070007000175e-02,3.658414278796210084e+01
7.140714071407140706e-02,3.658311574373496455e+01
7.280728072807279849e-02,3.658212545641020341e+01
7.420742074207420380e-02,3.658112978879020716e+01
7.560756075607560911e-02,3.658008849333577928e+01
7.700770077007700054e-02,3.657896962455550494e+01
7.840784078407840585e-02,3.657775352214864029e+01
7.980798079807981116e-02,3.657643418012221304e+01
8.120812081208120259e-02,3.657501827817768003e+01
8.260826082608260790e-02,3.657352246016313302e+01
8.400840084008401321e-02,3.657196958972359369e+01
8.540854085408540464e-02,3.657038471406364977e+01
8.680868086808680995e-02,3.656879135910614309e+01
8.820882088208820138e-02,3.656720860620326619e+01
8.960896089608960668e-02,3.656564920301966737e+01
9.100910091009101199e-02,3.656411877297681912e+01
9.240924092409240342e-02,3.656261603221096834e+01
9.380938093809380873e-02,3.656113381322724365e+01
9.520952095209520016e-02,3.655966063374166453e+01
9.660966096609660547e-02,3.655818253373656290e+01
9.800980098009801078e-02,3.655668492487285448e+01
9.940994099409940221e-02,3.655515424311546724e+01
1.008100810081008075e-01,3.655357925637446925e+01
1.022102210221022128e-01,3.655195194392907609e+01
1.036103610361036043e-01,3.655026792518744116e+01
1.050105010501050096e-01,3.654852646623886869e+01
1.064106410641064149e-01,3.654673013039840868e+01
1.078107810781078063e-01,3.654488416247777849e+01
1.092109210921092116e-01,3.654299570651092921e+01
1.106110611061106030e-01,3.654107295503035857e+01
1.120112011201120084e-01,3.653912431736721089e+01
1.134113411341134137e-01,3.653715767773878298e+01
1.148114811481148051e-01,3.653517979392476889e+01
1.162116211621162104e-01,3.653319586661152840e+01
1.176117611761176018e-01,3.653120929000803585e+01
1.190119011901190071e-01,3.652922157755241273e+01
1.204120412041204125e-01,3.652723244332872810e+01
1.218121812181218039e-01,3.652524001058675651e+01
1.232123212321232092e-01,3.652324111346839430e+01
1.246124612461246145e-01,3.652123165634879598e+01
1.260126012601260059e-01,3.651920699652431779e+01
1.274127412741274112e-01,3.651716231964566362e+01
1.288128812881288165e-01,3.651509298256633684e+01
1.302130213021302219e-01,3.651299480447332257e+01
1.316131613161315994e-01,3.651086429364750785e+01
1.330133013301330047e-01,3.650869880346938601e+01
1.344134413441344100e-01,3.650649661692683878e+01
1.358135813581358153e-01,3.650425696364049344e+01
1.372137213721372206e-01,3.650197997712635356e+01
1.386138613861385982e-01,3.649966660262297324e+01
1.400140014001400035e-01,3.649731846734151475e+01
1.414141414141414088e-01,3.649493772555057092e+01
1.428142814281428141e-01,3.649252689062178234e+01
1.442144214421442194e-01,3.649008866519659477e+01
1.456145614561455970e-01,3.648762577917276673e+01
1.470147014701470023e-01,3.648514084341743313e+01
1.484148414841484076e-01,3.648263622515163007e+01
1.498149814981498129e-01,3.648011394896627024e+01
1.512151215121512182e-01,3.647757562552739330e+01
1.526152615261526235e-01,3.647502240830670672e+01
1.540154015401540011e-01,3.647245497719234919e+01
1.554155415541554064e-01,3.646987354663212955e+01
1.568156815681568117e-01,3.646727789505911943e+01
1.582158215821582170e-01,3.646466741173707504e+01
1.596159615961596223e-01,3.646204115683580227e+01
1.610161016101609999e-01,3.645939793046188981e+01
1.624162416241624052e-01,3.645673634650761841e+01
1.638163816381638105e-01,3.645405490748655808e+01
1.652165216521652158e-01,3.645135207696544200e+01
1.666166616661666211e-01,3.644862634673511792e+01
1.680168016801680264e-01,3.644587629644591686e+01
1.694169416941694040e-01,3.644310064403872218e+01
1.708170817081708093e-01,3.644029828589414421e+01
1.722172217221722146e-01,3.643746832617954823e+01
1.736173617361736199e-01,3.643461009537742967e+01
1.750175017501750252e-01,3.643172315841493258e+01
1.764176417641764028e-01,3.642880731317483622e+01
1.778177817781778081e-01,3.642586258045022163e+01
1.792179217921792134e-01,3.642288918660799624e+01
1.806180618061806187e-01,3.641988754035361353e+01
1.820182018201820240e-01,3.641685820504677196e+01
1.834183418341834015e-01,3.641380186801288943e+01
1.848184818481848068e-01,3.641071930823930103e+01
1.862186218621862122e-01,3.640761136374189277e+01
1.876187618761876175e-01,3.640447889975645523e+01
1.890189018901890228e-01,3.640132277874754152e+01
1.904190419041904003e-01,3.639814383305738232e+01
1.918191819181918056e-01,3.639494284083508546e+01
1.932193219321932109e-01,3.639172050570753925e+01
1.946194619461946163e-01,3.638847744048155164e+01
1.960196019601960216e-01,3.638521415500238021e+01
1.974197419741974269e-01,3.638193104815187695e+01
1.988198819881988044e-01,3.637862840383716900e+01
2.002200220022002097e-01,3.637530639071726313e+01
2.016201620162016150e-01,3.637196506532475837e+01
2.030203020302030203e-01,3.636860437817448144e+01
2.044204420442044257e-01,3.636522418240690513e+01
2.058205820582058032e-01,3.636182424448355732e+01
2.072207220722072085e-01,3.635840425644586560e+01
2.086208620862086138e-01,3.635496384925182412e+01
2.100210021002100191e-01,3.635150260672610045e+01
2.114211421142114244e-01,3.634802007968891502e+01
2.128212821282128298e-01,3.634451579986742331e+01
2.142214221422142073e-01,3.634098929324038352e+01
2.156215621562156126e-01,3.633744009251650908e+01
2.170217021702170179e-01,3.633386774849913792e+01
2.184218421842184232e-01,3.633027184014450484e+01
2.198219821982198285e-01,3.632665198317265265e+01
2.212221222122212061e-01,3.632300783714128301e+01
2.226222622262226114e-01,3.631933911094025547e+01
2.240224022402240167e-01,3.631564556670711141e+01
2.254225422542254220e-01,3.631192702220387503e+01
2.268226822682268273e-01,3.630818335172779143e+01
2.282228222822282049e-01,3.630441448565821361e+01
2.296229622962296102e-01,3.630062040876261875e+01
2.310231023102310155e-01,3.629680115740411850e+01
2.324232423242324208e-01,3.629295681580398281e+01
2.338233823382338261e-01,3.628908751151993783e+01
2.352235223522352037e-01,3.628519341030438028e+01
2.366236623662366090e-01,3.628127471050430586e+01
2.380238023802380143e-01,3.627733163716246878e+01
2.394239423942394196e-01,3.627336443596737325e+01
2.408240824082408249e-01,3.626937336719419136e+01
2.422242224222422302e-01,3.626535869976165571e+01
2.436243624362436078e-01,3.626132070552013431e+01
2.450245024502450131e-01,3.625725965386800453e+01
2.464246424642464184e-01,3.625317580678029827e+01
2.478247824782478237e-01,3.624906941431578389e+01
2.492249224922492290e-01,3.624494071065534229e+01
2.506250625062506066e-01,3.624078991070688716e+01
2.520252025202520119e-01,3.623661720730022751e+01
2.534253425342534172e-01,3.623242276897958192e+01
2.548254825482548225e-01,3.622820673839089523e+01
2.562256225622562278e-01,3.622396923124883017e+01
2.576257625762576331e-01,3.621971033585954558e+01
2.590259025902590384e-01,3.621543011316614979e+01
2.604260426042604437e-01,3.621112859727745814e+01
2.618261826182617935e-01,3.620680579643475738e+01
2.632263226322631988e-01,3.620246169436782679e+01
2.646264626462646041e-01,3.619809625198688252e+01
2.660266026602660094e-01,3.619370940935794323e+01
2.674267426742674147e-01,3.618930108790620181e+01
2.688268826882688201e-01,3.618487119279384956e+01
2.702270227022702254e-01,3.618041961542024154e+01
2.716271627162716307e-01,3.617594623599320869e+01
2.730273027302730360e-01,3.617145092612474855e+01
2.744274427442744413e-01,3.616693355140674271e+01
2.758275827582758466e-01,3.616239397392646993e+01
2.772277227722771964e-01,3.615783205468600414e+01
2.786278627862786017e-01,3.615324765589360823e+01
2.800280028002800070e-01,3.614864064310026492e+01
2.814281428142814123e-01,3.614401088715888477e+01
2.828282828282828176e-01,3.613935826598824974e+01
2.842284228422842229e-01,3.613468266612761681e+01
2.856285628562856282e-01,3.612998398407367517e+01
2.870287028702870336e-01,3.612526212739405196e+01
2.884288428842884389e-01,3.612051701561588857e+01
2.898289828982898442e-01,3.611574858089202422e+01
2.912291229122911940e-01,3.611095676844946212e+01
2.926292629262925993e-01,3.610614153682839600e+01
2.940294029402940046e-01,3.610130285792234162e+01
2.954295429542954099e-01,3.609644071683169386e+01
2.968296829682968152e-01,3.609155511154521179e+01
2.982298229822982205e-01,3.608664605246476498e+01
2.996299629962996258e-01,3.608171356179039435e+01
3.010301030103010311e-01,3.607675767278302459e+01
3.024302430243024364e-01,3.607177842892223651e+01
3.038303830383038417e-01,3.606677588297766590e+01
3.052305230523052471e-01,3.606175009601153647e+01
3.066306630663065969e-01,3.605670113632962881e+01
3.080308030803080022e-01,3.605162907839783060e+01
3.094309430943094075e-01,3.604653400174021272e+01
3.108310831083108128e-01,3.604141598983409978e+01
3.122312231223122181e-01,3.603627512901569929e+01
3.136313631363136234e-01,3.603111150741020197e+01
3.150315031503150287e-01,3.602592521389739488e+01
3.164316431643164340e-01,3.602071633712346710e+01
3.178317831783178393e-01,3.601548496456875625e+01
3.192319231923192446e-01,3.601023118167854165e+01
3.206320632063206499e-01,3.600495507106366233e+01
3.220322032203219997e-01,3.599965671177699278e+01
3.234323432343234050e-01,3.599433617866829849e+01
3.248324832483248104e-01,3.598899354182159982e+01
3.262326232623262157e-01,3.598362886607596067e+01
3.276327632763276210e-01,3.597824221063002170e+01
3.290329032903290263e-01,3.597283362873096735e+01
3.304330433043304316e-01,3.596740316744435972e+01
3.318331833183318369e-01,3.596195086750510228e+01
3.332333233323332422e-01,3.595647676324437469e+01
3.346334633463346475e-01,3.595098088259013025e+01
3.360336033603360528e-01,3.594546324713627428e+01
3.374337433743374026e-01,3.593992387227633856e+01
3.388338833883388079e-01,3.593436276739537760e+01
3.402340234023402132e-01,3.592877993611622855e+01
3.416341634163416185e-01,3.592317537659329929e+01
3.430343034303430239e-01,3.591754908184833539e+01
3.444344434443444292e-01,3.591190104014246032e+01
3.458345834583458345e-01,3.590623123537859129e+01
3.472347234723472398e-01,3.590053964752816285e+01
3.486348634863486451e-01,3.589482625307687158e+01
3.500350035003500504e-01,3.588909102548326047e+01
3.514351435143514002e-01,3.588333393564564489e+01
3.528352835283528055e-01,3.587755495237156822e+01
3.542354235423542108e-01,3.587175404284551661e+01
3.556355635563556161e-01,3.586593117309029566e+01
3.570357035703570214e-01,3.586008630841773481e+01
3.584358435843584267e-01,3.585421941386534428e+01
3.598359835983598320e-01,3.584833045461538603e+01
3.612361236123612374e-01,3.584241939639304064e+01
3.626362636263626427e-01,3.583648620584187938e+01
3.640364036403640480e-01,3.583053085087325229e+01
3.654365436543654533e-01,3.582455330098891011e+01
3.668366836683668031e-01,3.581855352757442290e+01
3.682368236823682084e-01,3.581253150416307562e+01
3.696369636963696137e-01,3.580648720666839324e+01
3.710371037103710190e-01,3.580042061358623329e+01
3.724372437243724243e-01,3.579433170616511717e+01
3.738373837383738296e-01,3.578822046854522654e+01
3.752375237523752349e-01,3.578208688786735081e+01
3.766376637663766402e-01,3.577593095435067738e+01
3.780378037803780455e-01,3.576975266134240172e+01
3.794379437943794509e-01,3.576355200533869549e+01
3.808380838083808007e-01,3.575732898597861009e+01
3.822382238223822060e-01,3.575108360601328172e+01
3.836383638363836113e-01,3.574481587125054460e+01
3.850385038503850166e-01,3.573852579047784417e+01
3.864386438643864219e-01,3.573221337536453746e+01
3.878387838783878272e-01,3.572587864034576910e+01
3.892389238923892325e-01,3.571952160248945063e+01
3.906390639063906378e-01,3.571314228134865942e+01
3.920392039203920431e-01,3.570674069880109158e+01
3.934393439343934484e-01,3.570031687887764349e+01
3.948394839483948537e-01,3.569387084758173501e+01
3.962396239623962035e-01,3.568740263270194646e+01
3.976397639763976088e-01,3.568091226361872970e+01
3.990399039903990142e-01,3.567439977110800697e+01
4.004400440044004195e-01,3.566786518714254584e+01
4.018401840184018248e-01,3.566130854469301426e+01
4.032403240324032301e-01,3.565472987753056344e+01
4.046404640464046354e-01,3.564812922003176254e+01
4.060406040604060407e-01,3.564150660698756212e+01
4.074407440744074460e-01,3.563486207341753698e+01
4.088408840884088513e-01,3.562819565439009040e+01
4.102410241024102566e-01,3.562150738485068757e+01
4.116411641164116064e-01,3.561479729945756389e+01
4.130413041304130117e-01,3.560806543242666322e+01
4.144414441444144170e-01,3.560131181738650952e+01
4.158415841584158223e-01,3.559453648724301189e+01
4.172417241724172277e-01,3.558773947405515514e+01
4.186418641864186330e-01,3.558092080892178188e+01
4.200420042004200383e-01,3.557408052187957281e+01
4.214421442144214436e-01,3.556721864181280779e+01
4.228422842284228489e-01,3.556033519637459506e+01
4.242424242424242542e-01,3.555343021191959707e+01
4.256425642564256595e-01,3.554650371344846604e+01
4.270427042704270093e-01,3.553955572456366951e+01
4.284428442844284146e-01,3.553258626743618720e+01
4.298429842984298199e-01,3.552559536278343444e+01
4.312431243124312252e-01,3.551858302985721139e+01
4.326432643264326305e-01,3.551154928644240982e+01
4.340434043404340358e-01,3.550449414886448807e+01
4.354435443544354412e-01,3.549741763200691480e+01
4.368436843684368465e-01,3.549031974933685518e+01
4.382438243824382518e-01,3.548320051293874400e+01
4.396439643964396571e-01,3.547605993355601584e+01
4.410441044104410069e-01,3.546889802063888197e+01
4.424442444244424122e-01,3.546171478239915587e+01
4.438443844384438175e-01,3.545451022587007373e+01
4.452445244524452228e-01,3.544728435697203395e+01
4.466446644664466281e-01,3.544003718058162633e+01
4.480448044804480334e-01,3.543276870060554273e+01
4.494449444944494387e-01,3.542547892005684673e+01
4.508450845084508440e-01,3.541816784113450467e+01
4.522452245224522493e-01,3.541083546530425963e+01
4.536453645364536547e-01,3.540348179338150203e+01
4.550455045504550600e-01,3.539610682561457367e+01
4.564456445644564098e-01,3.538871056176877516e+01
4.578457845784578151e-01,3.538129300120999687e+01
4.592459245924592204e-01,3.537385414298767472e+01
4.606460646064606257e-01,3.536639398591670869e+01
4.620462046204620310e-01,3.535891252865813073e+01
4.634463446344634363e-01,3.535140976979740657e+01
4.648464846484648416e-01,3.534388570792066275e+01
4.662466246624662469e-01,3.533634034168847649e+01
4.676467646764676522e-01,3.532877366990660306e+01
4.690469046904690575e-01,3.532118569159316479e+01
4.704470447044704073e-01,3.531357640604347381e+01
4.718471847184718126e-01,3.530594581288981715e+01
4.732473247324732180e-01,3.529829391215852041e+01
4.746474647464746233e-01,3.529062070432272691e+01
4.760476047604760286e-01,3.528292619035084243e+01
4.774477447744774339e-01,3.527521037175125684e+01
4.788478847884788392e-01,3.526747325061241867e+01
4.802480248024802445e-01,3.525971482963886672e+01
4.816481648164816498e-01,3.525193511218316189e+01
4.830483048304830551e-01,3.524413410227288779e+01
4.844484448444844604e-01,3.523631180463428336e+01
4.858485848584858102e-01,3.522846822471093731e+01
4.872487248724872155e-01,3.522060336867878760e+01
4.886488648864886208e-01,3.521271724345696441e+01
4.900490049004900261e-01,3.520480985671473206e+01
4.914491449144914315e-01,3.519688121687462967e+01
4.928492849284928368e-01,3.518893133311200216e+01
4.942494249424942421e-01,3.518096021535089335e+01
4.956495649564956474e-01,3.517296787425666338e+01
4.970497049704970527e-01,3.516495432122561482e+01
4.984498449844984580e-01,3.515691956837123655e+01
4.998499849984998633e-01,3.514886362850795365e+01
5.012501250125012131e-01,3.514078651513227669e+01
5.026502650265026739e-01,3.513268824240098098e+01
5.040504050405040237e-01,3.512456882510808498e+01
5.054505450545054845e-01,3.511642827865863126e+01
5.068506850685068343e-01,3.510826661904150825e+01
5.082508250825081841e-01,3.510008386280014747e+01
5.096509650965096450e-01,3.509188002700232545e+01
5.110511051105109948e-01,3.508365512920790508e+01
5.124512451245124556e-01,3.507540918743648461e+01
5.138513851385138054e-01,3.506714222013358295e+01
5.152515251525152662e-01,3.505885424613624224e+01
5.166516651665166160e-01,3.505054528463843155e+01
5.180518051805180768e-01,3.504221535515601715e+01
5.194519451945194266e-01,3.503386447749142008e+01
5.208520852085208874e-01,3.502549267169847980e+01
5.222522252225222372e-01,3.501709995804785791e+01
5.236523652365235870e-01,3.500868635699182363e+01
5.250525052505250478e-01,3.500025188913069485e+01
5.264526452645263976e-01,3.499179657517889552e+01
5.278527852785278585e-01,3.498332043593232754e+01
5.292529252925292083e-01,3.497482349223667342e+01
5.306530653065306691e-01,3.496630576495596898e+01
5.320532053205320189e-01,3.495776727494300218e+01
5.334533453345334797e-01,3.494920804301036554e+01
5.348534853485348295e-01,3.494062808990292979e+01
5.362536253625362903e-01,3.493202743627174556e+01
5.376537653765376401e-01,3.492340610264881917e+01
5.390539053905389899e-01,3.491476410942369313e+01
5.404540454045404507e-01,3.490610147682174613e+01
5.418541854185418005e-01,3.489741822488299050e+01
5.432543254325432613e-01,3.488871437344368331e+01
5.446544654465446111e-01,3.487998994211822179e+01
5.460546054605460720e-01,3.487124495028378135e+01
5.474547454745474218e-01,3.486247941706552211e+01
5.488548854885488826e-01,3.485369336132399098e+01
5.502550255025502324e-01,3.484488680164376007e+01
5.516551655165516932e-01,3.483605975632389828e+01
5.530553055305530430e-01,3.482721224336951593e+01
5.544554455445543928e-01,3.481834428048551189e+01
5.558555855585558536e-01,3.480945588507106692e+01
5.572557255725572034e-01,3.480054707421594884e+01
5.586558655865586642e-01,3.479161786469850881e+01
5.600560056005600140e-01,3.478266827298430997e+01
5.614561456145614748e-01,3.477369831522673138e+01
5.628562856285628246e-01,3.476470800726861654e+01
5.642564256425642855e-01,3.475569736464512260e+01
5.656565656565656353e-01,3.474666640258759287e+01
5.670567056705670961e-01,3.473761513602912743e+01
5.684568456845684459e-01,3.472854357961021066e+01
5.698569856985697957e-01,3.471945174768647746e+01
5.712571257125712565e-01,3.471033965433627344e+01
5.726572657265726063e-01,3.470120731337028985e+01
5.740574057405740671e-01,3.469205473834067277e+01
5.754575457545754169e-01,3.468288194255228518e+01
5.768576857685768777e-01,3.467368893907311644e+01
5.782578257825782275e-01,3.466447574074685889e+01
5.796579657965796883e-01,3.465524236020494442e+01
5.810581058105810381e-01,3.464598880987916374e+01
5.824582458245823879e-01,3.463671510201545800e+01
5.838583858385838488e-01,3.462742124868721305e+01
5.852585258525851986e-01,3.461810726180922870e+01
5.866586658665866594e-01,3.460877315315206459e+01
5.880588058805880092e-01,3.459941893435626525e+01
5.894589458945894700e-01,3.459004461694678412e+01
5.908590859085908198e-01,3.458065021234772729e+01
5.922592259225922806e-01,3.457123573189674914e+01
5.936593659365936304e-01,3.456180118685981739e+01
5.950595059505950912e-01,3.455234658844531737e+01
5.964596459645964410e-01,3.454287194781876025e+01
5.978597859785977908e-01,3.453337727611669550e+01
5.992599259925992516e-01,3.452386258446076539e+01
6.006600660066006014e-01,3.451432788397136164e+01
6.020602060206020623e-01,3.450477318578099784e+01
6.034603460346034121e-01,3.449519850104739760e+01
6.048604860486048729e-01,3.448560384096631282e+01
6.062606260626062227e-01,3.447598921678365969e+01
6.076607660766076835e-01,3.446635463980744163e+01
6.090609060906090333e-01,3.445670012141951588e+01
6.104610461046104941e-01,3.444702567308611663e+01
6.118611861186118439e-01,3.443733130636889683e+01
6.132613261326131937e-01,3.442761703293439268e+01
6.146614661466146545e-01,3.441788286456399248e+01
6.160616061606160043e-01,3.440812881316254845e+01
6.174617461746174651e-01,3.439835489076705244e+01
6.188618861886188149e-01,3.438856110955440215e+01
6.202620262026202758e-01,3.437874748184856344e+01
6.216621662166216256e-01,3.436891402012774677e+01
6.230623062306230864e-01,3.435906073702997077e+01
6.244624462446244362e-01,3.434918764535925106e+01
6.258625862586258970e-01,3.433929475809024723e+01
6.272627262726272468e-01,3.432938208837298077e+01
6.286628662866285966e-01,3.431944964953665078e+01
6.300630063006300574e-01,3.430949745509301607e+01
6.314631463146314072e-01,3.429952551873919475e+01
6.328632863286328680e-01,3.428953385436007295e+01
6.342634263426342178e-01,3.427952247602988933e+01
6.356635663566356786e-01,3.426949139801352118e+01
6.370637063706370284e-01,3.425944063476738677e+01
6.384638463846384893e-01,3.424937020093943119e+01
6.398639863986398391e-01,3.423928011136917604e+01
6.412641264126412999e-01,3.422917038108670340e+01
6.426642664266426497e-01,3.421904102531193104e+01
6.440644064406439995e-01,3.420889205945275080e+01
6.454645464546454603e-01,3.419872349910303910e+01
6.468646864686468101e-01,3.418853536004061766e+01
6.482648264826482709e-01,3.417832765822423369e+01
6.496649664966496207e-01,3.416810040979066088e+01
6.510651065106510815e-01,3.415785363105102590e+01
6.524652465246524313e-01,3.414758733848760386e+01
6.538653865386538921e-01,3.413730154874921396e+01
6.552655265526552419e-01,3.412699627864726182e+01
6.566656665666567028e-01,3.411667154515117062e+01
6.580658065806580526e-01,3.410632736538362053e+01
6.594659465946594024e-01,3.409596375661546830e+01
6.608660866086608632e-01,3.408558073626068108e+01
6.622662266226622130e-01,3.407517832187099316e+01
6.636663666366636738e-01,3.406475653113019320e+01
6.650665066506650236e-01,3.405431538184888041e+01
6.664666466646664844e-01,3.404385489195846759e+01
6.678667866786678342e-01,3.403337507950533336e+01
6.692669266926692950e-01,3.402287596264498148e+01
6.706670667066706448e-01,3.401235755963612917e+01
6.720672067206721056e-01,3.400181988883468165e+01
6.734673467346734554e-01,3.399126296868747943e+01
6.748674867486748052e-01,3.398068681772661392e+01
6.762676267626762661e-01,3.397009145456314627e+01
6.776677667766776159e-01,3.395947689788117430e+01
6.790679067906790767e-01,3.394884316643197764e+01
6.804680468046804265e-01,3.393819027902779339e+01
6.818681868186818873e-01,3.392751825453640890e+01
6.832683268326832371e-01,3.391682711187502264e+01
6.846684668466846979e-01,3.390611687000479435e+01
6.860686068606860477e-01,3.389538754792509678e+01
6.874687468746873975e-01,3.388463916466837844e+01
6.888688868886888583e-01,3.387387173929436557e+01
6.902690269026902081e-01,3.386308529088532282e+01
6.916691669166916689e-01,3.385227983854073841e+01
6.930693069306930187e-01,3.384145540137248531e+01
6.944694469446944796e-01,3.383061199850021694e+01
6.958695869586958294e-01,3.381974964904652836e+01
6.972697269726972902e-01,3.380886837213277119e+01
6.986698669866986400e-01,3.379796818687488269e+01
7.000700070007001008e-01,3.378704911237905151e+01
7.014701470147014506e-01,3.377611116773820044e+01
7.028702870287028004e-01,3.376515437202819214e+01
7.042704270427042612e-01,3.375417874430430487e+01
7.056705670567056110e-01,3.374318430359809895e+01
7.070707070707070718e-01,3.373217106891432593e+01
7.084708470847084216e-01,3.372113905922798693e+01
7.098709870987098824e-01,3.371008829348181735e+01
7.112711271127112322e-01,3.369901879058352279e+01
7.126712671267126931e-01,3.368793056940391750e+01
7.140714071407140429e-01,3.367682364877480694e+01
7.154715471547155037e-01,3.366569804748681349e+01
7.168716871687168535e-01,3.365455378428799804e+01
7.182718271827182033e-01,3.364339087788241756e+01
7.196719671967196641e-01,3.363220934692876085e+01
7.210721072107210139e-01,3.362100921003924725e+01
7.224722472247224747e-01,3.360979048577897998e+01
7.238723872387238245e-01,3.359855319266497276e+01
7.252725272527252853e-01,3.358729734916570209e+01
7.266726672667266351e-01,3.357602297370095812e+01
7.280728072807280959e-01,3.356473008464161722e+01
7.294729472947294457e-01,3.355341870030935780e+01
7.308730873087309066e-01,3.354208883897737081e+01
7.322732273227322564e-01,3.353074051887000451e+01
7.336733673367336062e-01,3.351937375816412867e+01
7.350735073507350670e-01,3.350798857498887884e+01
7.364736473647364168e-01,3.349658498742712709e+01
7.378737873787378776e-01,3.348516301351589419e+01
7.392739273927392274e-01,3.347372267124774226e+01
7.406740674067406882e-01,3.346226397857179791e+01
7.420742074207420380e-01,3.345078695339506680e+01
7.434743474347434988e-01,3.343929161358381918e+01
7.448744874487448486e-01,3.342777797696511044e+01
7.462746274627463094e-01,3.341624606132845798e+01
7.476747674767476592e-01,3.340469588442741156e+01
7.490749074907490090e-01,3.339312746398145748e+01
7.504750475047504699e-01,3.338154081767788028e+01
7.518751875187518197e-01,3.336993596317361721e+01
7.532753275327532805e-01,3.335831291809752486e+01
7.546754675467546303e-01,3.334667170005202763e+01
7.560756075607560911e-01,3.333501232661570413e+01
7.574757475747574409e-01,3.332333481534525532e+01
7.588758875887589017e-01,3.331163918377770017e+01
7.602760276027602515e-01,3.329992544943275590e+01
7.616761676167616013e-01,3.328819362981517571e+01
7.630763076307630621e-01,3.327644374241685199e+01
7.644764476447644119e-01,3.326467580471942398e+01
7.658765876587658727e-01,3.325288983419661548e+01
7.672767276727672225e-01,3.324108584831643753e+01
7.686768676867686834e-01,3.322926386454369663e+01
7.700770077007700332e-01,3.321742390034245318e+01
7.714771477147714940e-01,3.320556597317819580e+01
7.728772877287728438e-01,3.319369010052055557e+01
7.742774277427743046e-01,3.318179629984516765e+01
7.756775677567756544e-01,3.316988458863662004e+01
7.770777077707770042e-01,3.315795498439011624e+01
7.784778477847784650e-01,3.314600750461442402e+01
7.798779877987798148e-01,3.313404216683363046e+01
7.812781278127812756e-01,3.312205898858958619e+01
7.826782678267826254e-01,3.311005798744415074e+01
7.840784078407840862e-01,3.309803918098118203e+01
7.854785478547854360e-01,3.308600258680885986e+01
7.868786878687868969e-01,3.307394822256148359e+01
7.882788278827882467e-01,3.306187610590171033e+01
7.896789678967897075e-01,3.304978625452227448e+01
7.910791079107910573e-01,3.303767868614838221e+01
7.924792479247924071e-01,3.302555341853879867e+01
7.938793879387938679e-01,3.301341046948833480e+01
7.952795279527952177e-01,3.300124985682924716e+01
7.966796679667966785e-01,3.298907159843289350e+01
7.980798079807980283e-01,3.297687571221143799e+01
7.994799479947994891e-01,3.296466221611931502e+01
8.008800880088008389e-01,3.295243112815469999e+01
8.022802280228022997e-01,3.294018246636099434e+01
8.036803680368036495e-01,3.292791624882809742e+01
8.050805080508051104e-01,3.291563249369355759e+01
8.064806480648064602e-01,3.290333121914400749e+01
8.078807880788078100e-01,3.289101244341600250e+01
8.092809280928092708e-01,3.287867618479732812e+01
8.106810681068106206e-01,3.286632246162781001e+01
8.120812081208120814e-01,3.285395129230025191e+01
8.134813481348134312e-01,3.284156269526131666e+01
8.148814881488148920e-01,3.282915668901227946e+01
8.162816281628162418e-01,3.281673329210970280e+01
8.176817681768177026e-01,3.280429252316597655e+01
8.190819081908190524e-01,3.279183440085004975e+01
8.204820482048205132e-01,3.277935894388784277e+01
8.218821882188218630e-01,3.276686617106246047e+01
8.232823282328232128e-01,3.275435610121507324e+01
8.246824682468246737e-01,3.274182875324449071e+01
8.260826082608260235e-01,3.272928414610795755e+01
8.274827482748274843e-01,3.271672229882105398e+01
8.288828882888288341e-01,3.270414323045777394e+01
8.302830283028302949e-01,3.269154696015071693e+01
8.316831683168316447e-01,3.267893350709083222e+01
8.330833083308331055e-01,3.266630289052750413e+01
8.344834483448344553e-01,3.265365512976837437e+01
8.358835883588359161e-01,3.264099024417917860e+01
8.372837283728372659e-01,3.262830825318336281e+01
8.386838683868386157e-01,3.261560917626177059e+01
8.400840084008400765e-01,3.260289303295255081e+01
8.414841484148414263e-01,3.259015984285046130e+01
8.428842884288428872e-01,3.257740962560658460e+01
8.442844284428442370e-01,3.256464240092778084e+01
8.456845684568456978e-01,3.255185818857612645e+01
8.470847084708470476e-01,3.253905700836822490e+01
8.484848484848485084e-01,3.252623888017499354e+01
8.498849884988498582e-01,3.251340382392052675e+01
8.512851285128513190e-01,3.250055185958168380e+01
8.526852685268526688e-01,3.248768300718719360e+01
8.540854085408540186e-01,3.247479728681716438e+01
8.554855485548554794e-01,3.246189471860194686e+01
8.568856885688568292e-01,3.244897532272161556e+01
8.582858285828582900e-01,3.243603911940488160e+01
8.596859685968596398e-01,3.242308612892843200e+01
8.610861086108611007e-01,3.241011637161602010e+01
8.624862486248624505e-01,3.239712986783735005e+01
8.638863886388639113e-01,3.238412663800747282e+01
8.652865286528652611e-01,3.237110670258546463e+01
8.666866686668666109e-01,3.235807008207391533e+01
8.680868086808680717e-01,3.234501679701750732e+01
8.694869486948694215e-01,3.233194686800242579e+01
8.708870887088708823e-01,3.231886031565498740e+01
8.722872287228722321e-01,3.230575716064099367e+01
8.736873687368736929e-01,3.229263742366457279e+01
8.750875087508750427e-01,3.227950112546713513e+01
8.764876487648765035e-01,3.226634828682633582e+01
8.778877887788778533e-01,3.225317892855520796e+01
8.792879287928793142e-01,3.223999307150103277e+01
8.806880688068806640e-01,3.222679073654441595e+01
8.820882088208820138e-01,3.221357194459800866e+01
8.834883488348834746e-01,3.220033671660603858e+01
8.848884888488848244e-01,3.218708507354276804e+01
8.862886288628862852e-01,3.217381703641178348e+01
8.876887688768876350e-01,3.216053262624491538e+01
8.890889088908890958e-01,3.214723186410138567e+01
8.904890489048904456e-01,3.213391477106662819e+01
8.918891889188919064e-01,3.212058136825159949e+01
8.932893289328932562e-01,3.210723167679167034e+01
8.946894689468947170e-01,3.209386571784567366e+01
8.960896089608960668e-01,3.208048351259514419e+01
8.974897489748974166e-01,3.206708508224328114e+01
8.988898889888988775e-01,3.205367044801418785e+01
9.002900290029002273e-01,3.204023963115194107e+01
9.016901690169016881e-01,3.202679265291970268e+01
9.030903090309030379e-01,3.201332953459908026e+01
9.044904490449044987e-01,3.199985029748904708e+01
9.058905890589058485e-01,3.198635496290540914e+01
9.072907290729073093e-01,3.197284355217991347e+01
9.086908690869086591e-01,3.195931608665963708e+01
9.100910091009101199e-01,3.194577258770606676e+01
9.114911491149114697e-01,3.193221307669447384e+01
9.128912891289128195e-01,3.191863757501349852e+01
9.142914291429142803e-01,3.190504610406399877e+01
9.156915691569156301e-01,3.189143868525886205e+01
9.170917091709170910e-01,3.187781534002220241e+01
9.184918491849184408e-01,3.186417608978891280e+01
9.198919891989199016e-01,3.185052095600381605e+01
9.212921292129212514e-01,3.183684996012156176e+01
9.226922692269227122e-01,3.182316312360570265e+01
9.240924092409240620e-01,3.180946046792860571e+01
9.254925492549255228e-01,3.179574201457063509e+01
9.268926892689268726e-01,3.178200778501997448e+01
9.282928292829282224e-01,3.176825780077205152e+01
9.296929692969296832e-01,3.175449208332923590e+01
9.310931093109310330e-01,3.174071065420057636e+01
9.324932493249324938e-01,3.172691353490125010e+01
9.338933893389338436e-01,3.171310074695241354e+01
9.352935293529353045e-01,3.169927231188086125e+01
9.366936693669366543e-01,3.168542825121868844e+01
9.380938093809381151e-01,3.167156858650334428e+01
9.394939493949394649e-01,3.165769333927698881e+01
9.408940894089408147e-01,3.164380253108659602e+01
9.422942294229422755e-01,3.162989618348373000e+01
9.436943694369436253e-01,3.161597431802419678e+01
9.450945094509450861e-01,3.160203695626830722e+01
9.464946494649464359e-01,3.158808411978053243e+01
9.478947894789478967e-01,3.157411583012930123e+01
9.492949294929492465e-01,3.156013210888710319e+01
9.506950695069507073e-01,3.154613297763062008e+01
9.520952095209520571e-01,3.153211845794006507e+01
9.534953495349535180e-01,3.151808857140018461e+01
9.548954895489548678e-01,3.150404333959917835e+01
9.562956295629562176e-01,3.148998278412956608e+01
9.576957695769576784e-01,3.147590692658786082e+01
9.590959095909590282e-01,3.146181578857467542e+01
9.604960496049604890e-01,3.144770939169478652e+01
9.618961896189618388e-01,3.143358775755744716e+01
9.632963296329632996e-01,3.141945090777618788e+01
9.646964696469646494e-01,3.140529886396912929e+01
9.660966096609661102e-01,3.139113164775918818e+01
9.674967496749674600e-01,3.137694928077407752e+01
9.688968896889689209e-01,3.136275178464659774e+01
9.702970297029702706e-01,3.134853918101474690e+01
9.716971697169716204e-01,3.133431149152200845e+01
9.730973097309730813e-01,3.132006873781747203e+01
9.744974497449744311e-01,3.130581094155608568e+01
9.758975897589758919e-01,3.129153812439896498e+01
9.772977297729772417e-01,3.127725030801351380e+01
9.786978697869787025e-01,3.126294751407374051e+01
9.800980098009800523e-01,3.124862976426052796e+01
9.814981498149815131e-01,3.123429708026185736e+01
9.828982898289828629e-01,3.121994948377317414e+01
9.842984298429843237e-01,3.120558699649758694e+01
9.856985698569856735e-01,3.119120964014621222e+01
9.870987098709870233e-01,3.117681743643841230e+01
9.884988498849884841e-01,3.116241040710220034e+01
9.898989898989898339e-01,3.114798857387424746e+01
9.912991299129912948e-01,3.113355195850087398e+01
9.926992699269926446e-01,3.111910058273751645e+01
9.940994099409941054e-01,3.110463446834967272e+01
9.954995499549954552e-01,3.109015363711285573e+01
9.968996899689969160e-01,3.107565811081325080e+01
9.982998299829982658e-01,3.106114791124767294e+01
9.996999699969997266e-01,3.104662306022428453e+01
1.001100110011001076e+00,3.103208357956251362e+01
1.002500250025002426e+00,3.101752949109385327e+01
1.003900390039003776e+00,3.100296081666166259e+01
1.005300530053005348e+00,3.098837757812192706e+01
1.006700670067006698e+00,3.097377979734333664e+01
1.008100810081008047e+00,3.095916749620784358e+01
1.009500950095009397e+00,3.094454069661077611e+01
1.010901090109010969e+00,3.092989942046119367e+01
1.012301230123012319e+00,3.091524368968228487e+01
1.013701370137013669e+00,3.090057352621166942e+01
1.015101510151015018e+00,3.088588895200167883e+01
1.016501650165016368e+00,3.087118998901970812e+01
1.017901790179017940e+00,3.085647665924846095e+01
1.019301930193019290e+00,3.084174898468639370e+01
1.020702070207020640e+00,3.082700698734777944e+01
1.022102210221021990e+00,3.081225068926327992e+01
1.023502350235023561e+00,3.079748011247995976e+01
1.024902490249024911e+00,3.078269527906180869e+01
1.026302630263026261e+00,3.076789621108991568e+01
1.027702770277027611e+00,3.075308293066264653e+01
1.029102910291029183e+00,3.073825545989610930e+01
1.030503050305030532e+00,3.072341382092428930e+01
1.031903190319031882e+00,3.070855803589928001e+01
1.033303330333033232e+00,3.069368812699169169e+01
1.034703470347034582e+00,3.067880411639067617e+01
1.036103610361036154e+00,3.066390602630423246e+01
1.037503750375037503e+00,3.064899387895963301e+01
1.038903890389038853e+00,3.063406769660323903e+01
1.040304030403040203e+00,3.061912750150114348e+01
1.041704170417041775e+00,3.060417331593903256e+01
1.043104310431043125e+00,3.058920516222258001e+01
1.044504450445044474e+00,3.057422306267757506e+01
1.045904590459045824e+00,3.055922703965011777e+01
1.047304730473047174e+00,3.054421711550680740e+01
1.048704870487048746e+00,3.052919331263480274e+01
1.050105010501050096e+00,3.051415565344198910e+01
1.051505150515051445e+00,3.049910416035736560e+01
1.052905290529052795e+00,3.048403885583083550e+01
1.054305430543054367e+00,3.046895976233370007e+01
1.055705570557055717e+00,3.045386690235826066e+01
1.057105710571057067e+00,3.043876029841849373e+01
1.058505850585058417e+00,3.042363997304992651e+01
1.059905990599059988e+00,3.040850594880964053e+01
1.061306130613061338e+00,3.039335824827644217e+01
1.062706270627062688e+00,3.037819689405102608e+01
1.064106410641064038e+00,3.036302190875574780e+01
1.065506550655065388e+00,3.034783331503515313e+01
1.066906690669066959e+00,3.033263113555555179e+01
1.068306830683068309e+00,3.031741539300557164e+01
1.069706970697069659e+00,3.030218611009565421e+01
1.071107110711071009e+00,3.028694330955844194e+01
1.072507250725072581e+00,3.027168701414869290e+01
1.073907390739073930e+00,3.025641724664344778e+01
1.075307530753075280e+00,3.024113402984161070e+01
1.076707670767076630e+00,3.022583738656449270e+01
1.078107810781077980e+00,3.021052733965543169e+01
1.079507950795079552e+00,3.019520391197980658e+01
1.080908090809080901e+00,3.017986712642542813e+01
1.082308230823082251e+00,3.016451700590173957e+01
1.083708370837083601e+00,3.014915357334045609e+01
1.085108510851085173e+00,3.013377685169529130e+01
1.086508650865086523e+00,3.011838686394182218e+01
1.087908790879087872e+00,3.010298363307752467e+01
1.089308930893089222e+00,3.008756718212162440e+01
1.090709070907090572e+00,3.007213753411527790e+01
1.092109210921092144e+00,3.005669471212099353e+01
1.093509350935093494e+00,3.004123873922311461e+01
1.094909490949094844e+00,3.002576963852740022e+01
1.096309630963096193e+00,3.001028743316086178e+01
1.097709770977097765e+00,2.999479214627204371e+01
1.099109910991099115e+00,2.997928380103044077e+01
1.100510051005100465e+00,2.996376242062672191e+01
1.101910191019101815e+00,2.994822802827253838e+01
1.103310331033103386e+00,2.993268064720031774e+01
1.104710471047104736e+00,2.991712030066305772e+01
1.106110611061106086e+00,2.990154701193448616e+01
1.107510751075107436e+00,2.988596080430878033e+01
1.108910891089108786e+00,2.987036170110025779e+01
1.110311031103110357e+00,2.985474972564342266e+01
1.111711171117111707e+00,2.983912490129273465e+01
1.113111311131113057e+00,2.982348725142275470e+01
1.114511451145114407e+00,2.980783679942719644e+01
1.115911591159115979e+00,2.979217356871970068e+01
1.117311731173117328e+00,2.977649758273309644e+01
1.118711871187118678e+00,2.976080886491952526e+01
1.120112011201120028e+00,2.974510743874982666e+01
1.121512151215121378e+00,2.972939332771408871e+01
1.122912291229122950e+00,2.971366655532072443e+01
1.124312431243124299e+00,2.969792714509668841e+01
1.125712571257125649e+00,2.968217512058742003e+01
1.127112711271126999e+00,2.966641050535616131e+01
1.128512851285128571e+00,2.965063332298430510e+01
1.129912991299129921e+00,2.963484359707094029e+01
1.131313131313131271e+00,2.961904135123257475e+01
1.132713271327132620e+00,2.960322660910324899e+01
1.134113411341134192e+00,2.958739939433405297e+01
1.135513551355135542e+00,2.957155973059307641e+01
1.136913691369136892e+00,2.955570764156506414e+01
1.138313831383138242e+00,2.953984315095160085e+01
1.139713971397139591e+00,2.952396628247034727e+01
1.141114111411141163e+00,2.950807705985535989e+01
1.142514251425142513e+00,2.949217550685659717e+01
1.143914391439143863e+00,2.947626164723963882e+01
1.145314531453145213e+00,2.946033550478605179e+01
1.146714671467146784e+00,2.944439710329228888e+01
1.148114811481148134e+00,2.942844646657042063e+01
1.149514951495149484e+00,2.941248361844726844e+01
1.150915091509150834e+00,2.939650858276446144e+01
1.152315231523152184e+00,2.938052138337813446e+01
1.153715371537153755e+00,2.936452204415914835e+01
1.155115511551155105e+00,2.934851058899205256e+01
1.156515651565156455e+00,2.933248704177593424e+01
1.157915791579157805e+00,2.931645142642322455e+01
1.159315931593159377e+00,2.930040376686019954e+01
1.160716071607160726e+00,2.928434408702644021e+01
1.162116211621162076e+00,2.926827241087486087e+01
1.163516351635163426e+00,2.925218876237125087e+01
1.164916491649164776e+00,2.923609316549444159e+01
1.166316631663166348e+00,2.921998564423557454e+01
1.167716771677167698e+00,2.920386622259863429e+01
1.169116911691169047e+00,2.918773492459970242e+01
1.170517051705170397e+00,2.917159177426693972e+01
1.171917191719171969e+00,2.915543679564033397e+01
1.173317331733173319e+00,2.913927001277182072e+01
1.174717471747174669e+00,2.912309144972468289e+01
1.176117611761176018e+00,2.910690113057365380e+01
1.177517751775177590e+00,2.909069907940487454e+01
1.178917891789178940e+00,2.907448532031494182e+01
1.180318031803180290e+00,2.905825987741209104e+01
1.181718171817181640e+00,2.904202277481449457e+01
1.183118311831182989e+00,2.902577403665141276e+01
1.184518451845184561e+00,2.900951368706206779e+01
1.185918591859185911e+00,2.899324175019630445e+01
1.187318731873187261e+00,2.897695825021352434e+01
1.188718871887188611e+00,2.896066321128341059e+01
1.190119011901190182e+00,2.894435665758509657e+01
1.191519151915191532e+00,2.892803861330753534e+01
1.192919291929192882e+00,2.891170910264907690e+01
1.194319431943194232e+00,2.889536814981719104e+01
1.195719571957195582e+00,2.887901577902864148e+01
1.197119711971197153e+00,2.886265201450919449e+01
1.198519851985198503e+00,2.884627688049341998e+01
1.199919991999199853e+00,2.882989040122465241e+01
1.201320132013201203e+00,2.881349260095485931e+01
1.202720272027202775e+00,2.879708350394451344e+01
1.204120412041204125e+00,2.878066313446233337e+01
1.205520552055205474e+00,2.876423151678534751e+01
1.206920692069206824e+00,2.874778867519864889e+01
1.208320832083208396e+00,2.873133463399543075e+01
1.209720972097209746e+00,2.871486941747657795e+01
1.211121112111211096e+00,2.869839304995073093e+01
1.212521252125212445e+00,2.868190555573451661e+01
1.213921392139213795e+00,2.866540695915157855e+01
1.215321532153215367e+00,2.864889728453364270e+01
1.216721672167216717e+00,2.863237655621902178e+01
1.218121812181218067e+00,2.861584479855395813e+01
1.219521952195219416e+00,2.859930203589153308e+01
1.220922092209220988e+00,2.858274829259180549e+01
1.222322232223222338e+00,2.856618359302185439e+01
1.223722372237223688e+00,2.854960796155570435e+01
1.225122512251225038e+00,2.853302142257423668e+01
1.226522652265226387e+00,2.851642400046496206e+01
1.227922792279227959e+00,2.849981571962183935e+01
1.229322932293229309e+00,2.848319660444560952e+01
1.230723072307230659e+00,2.846656667934360740e+01
1.232123212321232009e+00,2.844992596872911861e+01
1.233523352335233580e+00,2.843327449702216470e+01
1.234923492349234930e+00,2.841661228864898447e+01
1.236323632363236280e+00,2.839993936804197006e+01
1.237723772377237630e+00,2.838325575963943592e+01
1.239123912391239202e+00,2.836656148788623710e+01
1.240524052405240552e+00,2.834985657723289165e+01
1.241924192419241901e+00,2.833314105213602829e+01
1.243324332433243251e+00,2.831641493705819457e+01
1.244724472447244601e+00,2.829967825646794211e+01
1.246124612461246173e+00,2.828293103483931503e+01
1.247524752475247523e+00,2.826617329665231537e+01
1.248924892489248872e+00,2.824940506639273607e+01
1.250325032503250222e+00,2.823262636855213970e+01
1.251725172517251794e+00,2.821583722762748181e+01
1.253125312531253144e+00,2.819903766812145918e+01
1.254525452545254494e+00,2.818222771454246356e+01
1.255925592559255843e+00,2.816540739140428684e+01
1.257325732573257193e+00,2.814857672322620630e+01
1.258725872587258765e+00,2.813173573453319420e+01
1.260126012601260115e+00,2.811488444985544533e+01
1.261526152615261465e+00,2.809802289372865047e+01
1.262926292629262814e+00,2.808115109069403914e+01
1.264326432643264386e+00,2.806426906529809173e+01
1.265726572657265736e+00,2.804737684209249693e+01
1.267126712671267086e+00,2.803047444563470236e+01
1.268526852685268436e+00,2.801356190048709038e+01
1.269926992699269785e+00,2.799663923121743281e+01
1.271327132713271357e+00,2.797970646239900105e+01
1.272727272727272707e+00,2.796276361861014692e+01
1.274127412741274057e+00,2.794581072443431680e+01
1.275527552755275407e+00,2.792884780446070536e+01
1.276927692769276979e+00,2.791187488328308319e+01
1.278327832783278328e+00,2.789489198550114679e+01
1.279727972797279678e+00,2.787789913571918277e+01
1.281128112811281028e+00,2.786089635854715141e+01
1.282528252825282600e+00,2.784388367859987312e+01
1.283928392839283950e+00,2.782686112049759686e+01
1.285328532853285299e+00,2.780982870886569458e+01
1.286728672867286649e+00,2.779278646833464350e+01
1.288128812881287999e+00,2.777573442354022859e+01
1.289528952895289571e+00,2.775867259912337204e+01
1.290929092909290921e+00,2.774160101973008352e+01
1.292329232923292270e+00,2.772451971001172666e+01
1.293729372937293620e+00,2.770742869462453228e+01
1.295129512951295192e+00,2.769032799823033031e+01
1.296529652965296542e+00,2.767321764549590668e+01
1.297929792979297892e+00,2.765609766109314549e+01
1.299329932993299241e+00,2.763896806969902542e+01
1.300730073007300591e+00,2.762182889599613844e+01
1.302130213021302163e+00,2.760468016467195440e+01
1.303530353035303513e+00,2.758752190041895602e+01
1.304930493049304863e+00,2.757035412793517537e+01
1.306330633063306212e+00,2.755317687192367160e+01
1.307730773077307784e+00,2.753599015709263753e+01
1.309130913091309134e+00,2.751879400815566612e+01
1.310531053105310484e+00,2.750158844983110384e+01
1.311931193119311834e+00,2.748437350684295666e+01
1.313331333133313406e+00,2.746714920392025050e+01
1.314731473147314755e+00,2.744991556579738656e+01
1.316131613161316105e+00,2.743267261721354089e+01
1.317531753175317455e+00,2.741542038291352412e+01
1.318931893189318805e+00,2.739815888764715623e+01
1.320332033203320377e+00,2.738088815616957561e+01
1.321732173217321726e+00,2.736360821324118220e+01
1.323132313231323076e+00,2.734631908362730712e+01
1.324532453245324426e+00,2.732902079209884860e+01
1.325932593259325998e+00,2.731171336343169642e+01
1.327332733273327348e+00,2.729439682240722220e+01
1.328732873287328697e+00,2.727707119381157952e+01
1.330133013301330047e+00,2.725973650243662760e+01
1.331533153315331397e+00,2.724239277307916041e+01
1.332933293329332969e+00,2.722504003054133648e+01
1.334333433343334319e+00,2.720767829963038409e+01
1.335733573357335668e+00,2.719030760515888545e+01
1.337133713371337018e+00,2.717292797194458842e+01
1.338533853385338590e+00,2.715553942481065519e+01
1.339933993399339940e+00,2.713814198858493754e+01
1.341334133413341290e+00,2.712073568810119895e+01
1.342734273427342639e+00,2.710332054819777881e+01
1.344134413441344211e+00,2.708589659371860137e+01
1.345534553455345561e+00,2.706846384951256823e+01
1.346934693469346911e+00,2.705102234043428311e+01
1.348334833483348261e+00,2.703357209134251349e+01
1.349734973497349610e+00,2.701611312710209845e+01
1.351135113511351182e+00,2.699864547258285796e+01
1.352535253525352532e+00,2.698116915265939042e+01
1.353935393539353882e+00,2.696368419221199630e+01
1.355335533553355232e+00,2.694619061612567279e+01
1.356735673567356804e+00,2.692868844929050454e+01
1.358135813581358153e+00,2.691117771660211844e+01
1.359535953595359503e+00,2.689365844296094821e+01
1.360936093609360853e+00,2.687613065327254347e+01
1.362336233623362203e+00,2.685859437244736370e+01
1.363736373637363775e+00,2.684104962540128270e+01
1.365136513651365124e+00,2.682349643705493492e+01
1.366536653665366474e+00,2.680593483233389662e+01
1.367936793679367824e+00,2.678836483616910158e+01
1.369336933693369396e+00,2.677078647349599549e+01
1.370737073707370746e+00,2.675319976925554499e+01
1.372137213721372095e+00,2.673560474839297996e+01
1.373537353735373445e+00,2.671800143585915777e+01
1.374937493749374795e+00,2.670038985660909958e+01
1.376337633763376367e+00,2.668277003560329774e+01
1.377737773777377717e+00,2.666514199780682759e+01
1.379137913791379066e+00,2.664750576818946826e+01
1.380538053805380416e+00,2.662986137172603307e+01
1.381938193819381988e+00,2.661220883339605336e+01
1.383338333833383338e+00,2.659454817818350136e+01
1.384738473847384688e+00,2.657687943107745809e+01
1.386138613861386037e+00,2.655920261707131402e+01
1.387538753875387609e+00,2.654151776116340500e+01
1.388938893889388959e+00,2.652382488835654328e+01
1.390339033903390309e+00,2.650612402365803177e+01
1.391739173917391659e+00,2.648841519207988782e+01
1.393139313931393009e+00,2.647069841863847728e+01
1.394539453945394580e+00,2.645297372835477745e+01
1.395939593959395930e+00,2.643524114625392940e+01
1.397339733973397280e+00,2.641750069736585260e+01
1.398739873987398630e+00,2.639975240672449175e+01
1.400140014001400202e+00,2.638199629936828572e+01
1.401540154015401551e+00,2.636423240033997928e+01
1.402940294029402901e+00,2.634646073468622873e+01
1.404340434043404251e+00,2.632868132745834799e+01
1.405740574057405601e+00,2.631089420371148435e+01
1.407140714071407173e+00,2.629309938850493467e+01
1.408540854085408522e+00,2.627529690690212760e+01
1.409940994099409872e+00,2.625748678397041402e+01
1.411341134113411222e+00,2.623966904478110962e+01
1.412741274127412794e+00,2.622184371440957307e+01
1.414141414141414144e+00,2.620401081793486497e+01
1.415541554155415493e+00,2.618617038044008183e+01
1.416941694169416843e+00,2.616832242701170941e+01
1.418341834183418415e+00,2.615046698274047543e+01
1.419741974197419765e+00,2.613260407272022690e+01
1.421142114211421115e+00,2.611473372204876853e+01
1.422542254225422464e+00,2.609685595582734763e+01
1.423942394239423814e+00,2.607897079916081395e+01
1.425342534253425386e+00,2.606107827715738523e+01
1.426742674267426736e+00,2.604317841492858676e+01
1.428142814281428086e+00,2.602527123758943972e+01
1.429542954295429436e+00,2.600735677025817694e+01
1.430943094309431007e+00,2.598943503805629263e+01
1.432343234323432357e+00,2.597150606610825463e+01
1.433743374337433707e+00,2.595356987954187034e+01
1.435143514351435057e+00,2.593562650348811616e+01
1.436543654365436407e+00,2.591767596308043409e+01
1.437943794379437978e+00,2.589971828345567673e+01
1.439343934393439328e+00,2.588175348975338608e+01
1.440744074407440678e+00,2.586378160711585750e+01
1.442144214421442028e+00,2.584580266068827470e+01
1.443544354435443600e+00,2.582781667561830830e+01
1.444944494449444949e+00,2.580982367705627212e+01
1.446344634463446299e+00,2.579182369015527954e+01
1.447744774477447649e+00,2.577381674007047252e+01
1.449144914491448999e+00,2.575580285195981034e+01
1.450545054505450571e+00,2.573778205098344785e+01
1.451945194519451920e+00,2.571975436230371059e+01
1.453345334533453270e+00,2.570171981108551051e+01
1.454745474547454620e+00,2.568367842249535116e+01
1.456145614561456192e+00,2.566563022170225850e+01
1.457545754575457542e+00,2.564757523387710947e+01
1.458945894589458891e+00,2.562951348419273501e+01
1.460346034603460241e+00,2.561144499782396267e+01
1.461746174617461813e+00,2.559336979994707661e+01
1.463146314631463163e+00,2.557528791574049620e+01
1.464546454645464513e+00,2.555719937038408318e+01
1.465946594659465863e+00,2.553910418905941526e+01
1.467346734673467212e+00,2.552100239694942374e+01
1.468746874687468784e+00,2.550289401923859600e+01
1.470147014701470134e+00,2.548477908111275525e+01
1.471547154715471484e+00,2.546665760775920262e+01
1.472947294729472834e+00,2.544852962436625532e+01
1.474347434743474405e+00,2.543039515612342427e+01
1.475747574757475755e+00,2.541225422822135371e+01
1.477147714771477105e+00,2.539410686585177857e+01
1.478547854785478455e+00,2.537595309420732548e+01
1.479947994799479805e+00,2.535779293848147731e+01
1.481348134813481376e+00,2.533962642386829600e+01
1.482748274827482726e+00,2.532145357556314380e+01
1.484148414841484076e+00,2.530327441876130479e+01
1.485548554855485426e+00,2.528508897865920346e+01
1.486948694869486998e+00,2.526689728045344197e+01
1.488348834883488347e+00,2.524869934934133653e+01
1.489748974897489697e+00,2.523049521052024247e+01
1.491149114911491047e+00,2.521228488918794852e+01
1.492549254925492619e+00,2.519406841054250279e+01
1.493949394939493969e+00,2.517584579978197112e+01
1.495349534953495318e+00,2.515761708210429859e+01
1.496749674967496668e+00,2.513938228270794895e+01
1.498149814981498018e+00,2.512114142679070738e+01
1.499549954995499590e+00,2.510289453955055095e+01
1.500950095009500940e+00,2.508464164618520087e+01
1.502350235023502290e+00,2.506638277189167852e+01
1.503750375037503639e+00,2.504811794186715090e+01
1.505150515051505211e+00,2.502984718130770858e+01
1.506550655065506561e+00,2.501157051540942078e+01
1.507950795079507911e+00,2.499328796936763197e+01
1.509350935093509261e+00,2.497499956837677360e+01
1.510751075107510610e+00,2.495670533763068732e+01
1.512151215121512182e+00,2.493840530232218811e+01
1.513551355135513532e+00,2.492009948764332705e+01
1.514951495149514882e+00,2.490178791878518894e+01
1.516351635163516232e+00,2.488347062093773943e+01
1.517751775177517803e+00,2.486514761928968653e+01
1.519151915191519153e+00,2.484681893902857652e+01
1.520552055205520503e+00,2.482848460534087920e+01
1.521952195219521853e+00,2.481014464341135195e+01
1.523352335233523203e+00,2.479179907842350872e+01
1.524752475247524774e+00,2.477344793555931091e+01
1.526152615261526124e+00,2.475509123999913186e+01
1.527552755275527474e+00,2.473672901692176040e+01
1.528952895289528824e+00,2.471836129150415573e+01
1.530353035303530396e+00,2.469998808892141540e+01
1.531753175317531745e+00,2.468160943434683219e+01
1.533153315331533095e+00,2.466322535295182306e+01
1.534553455345534445e+00,2.464483586990564490e+01
1.535953595359536017e+00,2.462644101037568234e+01
1.537353735373537367e+00,2.460804079952674428e+01
1.538753875387538717e+00,2.458963526252168208e+01
1.540154015401540066e+00,2.457122442452110889e+01
1.541554155415541416e+00,2.455280831068306568e+01
1.542954295429542988e+00,2.453438694616311011e+01
1.544354435443544338e+00,2.451596035611461488e+01
1.545754575457545688e+00,2.449752856568785120e+01
1.547154715471547037e+00,2.447909160003080942e+01
1.548554855485548609e+00,2.446064948428866614e+01
1.549954995499549959e+00,2.444220224360355687e+01
1.551355135513551309e+00,2.442374990311506622e+01
1.552755275527552659e+00,2.440529248795977324e+01
1.554155415541554008e+00,2.438683002327115901e+01
1.555555555555555580e+00,2.436836253417950005e+01
1.556955695569556930e+00,2.434989004581203531e+01
1.558355835583558280e+00,2.433141258329301593e+01
1.559755975597559630e+00,2.431293017174296267e+01
1.561156115611561201e+00,2.429444283627934809e+01
1.562556255625562551e+00,2.427595060201621280e+01
1.563956395639563901e+00,2.425745349406406604e+01
1.565356535653565251e+00,2.423895153752982878e+01
1.566756675667566823e+00,2.422044475751672010e+01
1.568156815681568172e+00,2.420193317912450226e+01
1.569556955695569522e+00,2.418341682744883059e+01
1.570957095709570872e+00,2.416489572758213811e+01
1.572357235723572222e+00,2.414636990461243116e+01
1.573757375737573794e+00,2.412783938362388270e+01
1.575157515751575144e+00,2.410930418969679323e+01
1.576557655765576493e+00,2.409076434790730303e+01
1.577957795779577843e+00,2.407221988332764084e+01
1.579357935793579415e+00,2.405367082102525700e+01
1.580758075807580765e+00,2.403511718606403846e+01
1.582158215821582115e+00,2.401655900350310446e+01
1.583558355835583464e+00,2.399799629839736781e+01
1.584958495849584814e+00,2.397942909579687765e+01
1.586358635863586386e+00,2.396085742074805580e+01
1.587758775877587736e+00,2.394228129829202700e+01
1.589158915891589086e+00,2.392370075346548930e+01
1.590559055905590435e+00,2.390511581130022378e+01
1.591959195919592007e+00,2.388652649682377671e+01
1.593359335933593357e+00,2.386793283505852514e+01
1.594759475947594707e+00,2.384933485102178707e+01
1.596159615961596057e+00,2.383073256972654264e+01
1.597559755975597628e+00,2.381212601618017999e+01
1.598959895989598978e+00,2.379351521538563219e+01
1.600360036003600328e+00,2.377490019233991347e+01
1.601760176017601678e+00,2.375628097203556877e+01
1.603160316031603028e+00,2.373765757945987076e+01
1.604560456045604599e+00,2.371903003959429057e+01
1.605960596059605949e+00,2.370039837741576960e+01
1.607360736073607299e+00,2.368176261789501780e+01
1.608760876087608649e+00,2.366312278599807684e+01
1.610161016101610221e+00,2.364447890668465035e+01
1.611561156115611571e+00,2.362583100490976662e+01
1.612961296129612920e+00,2.360717910562197730e+01
1.614361436143614270e+00,2.358852323376508053e+01
1.615761576157615620e+00,2.356986341427619180e+01
1.617161716171617192e+00,2.355119967208741372e+01
1.618561856185618542e+00,2.353253203212475952e+01
1.619961996199619891e+00,2.351386051930816379e+01
1.621362136213621241e+00,2.349518515855190159e+01
1.622762276227622813e+00,2.347650597476414447e+01
1.624162416241624163e+00,2.345782299284702432e+01
1.625562556255625513e+00,2.343913623769635990e+01
1.626962696269626862e+00,2.342044573420233888e+01
1.628362836283628212e+00,2.340175150724875053e+01
1.629762976297629784e+00,2.338305358171260551e+01
1.631163116311631134e+00,2.336435198246539713e+01
1.632563256325632484e+00,2.334564673437182236e+01
1.633963396339633833e+00,2.332693786229020461e+01
1.635363536353635405e+00,2.330822539107244395e+01
1.636763676367636755e+00,2.328950934556414865e+01
1.638163816381638105e+00,2.327078975060413413e+01
1.639563956395639455e+00,2.325206663102462912e+01
1.640964096409641026e+00,2.323334001165138574e+01
1.642364236423642376e+00,2.321460991730310752e+01
1.643764376437643726e+00,2.319587637279227010e+01
1.645164516451645076e+00,2.317713940292389907e+01
1.646564656465646426e+00,2.315839903249685960e+01
1.647964796479647998e+00,2.313965528630269120e+01
1.649364936493649347e+00,2.312090818912608370e+01
1.650765076507650697e+00,2.310215776574473168e+01
1.652165216521652047e+00,2.308340404092938414e+01
1.653565356535653619e+00,2.306464703944356387e+01
1.654965496549654969e+00,2.304588678604380902e+01
1.656365636563656318e+00,2.302712330547943864e+01
1.657765776577657668e+00,2.300835662249248159e+01
1.659165916591659018e+00,2.298958676181784000e+01
1.660566056605660590e+00,2.297081374818283805e+01
1.661966196619661940e+00,2.295203760630770518e+01
1.663366336633663289e+00,2.293325836090525982e+01
1.664766476647664639e+00,2.291447603668072119e+01
1.666166616661666211e+00,2.289569065833184069e+01
1.667566756675667561e+00,2.287690225054905468e+01
1.668966896689668911e+00,2.285811083801483434e+01
1.670367036703670260e+00,2.283931644540422568e+01
1.671767176717671832e+00,2.282051909738478912e+01
1.673167316731673182e+00,2.280171881861595296e+01
1.674567456745674532e+00,2.278291563374975581e+01
1.675967596759675882e+00,2.276410956743024983e+01
1.677367736773677231e+00,2.274530064429360721e+01
1.678767876787678803e+00,2.272648888896841157e+01
1.680168016801680153e+00,2.270767432607479464e+01
1.681568156815681503e+00,2.268885698022541320e+01
1.682968296829682853e+00,2.267003687602456452e+01
1.684368436843684425e+00,2.265121403806871569e+01
1.685768576857685774e+00,2.263238849094604888e+01
1.687168716871687124e+00,2.261356025923670643e+01
1.688568856885688474e+00,2.259472936751258487e+01
1.689968996899689824e+00,2.257589584033735974e+01
1.691369136913691396e+00,2.255705970226647850e+01
1.692769276927692745e+00,2.253822097784703971e+01
1.694169416941694095e+00,2.251937969161779307e+01
1.695569556955695445e+00,2.250053586810901152e+01
1.696969696969697017e+00,2.248168953184262620e+01
1.698369836983698367e+00,2.246284070733207017e+01
1.699769976997699716e+00,2.244398941908228551e+01
1.701170117011701066e+00,2.242513569158949593e+01
1.702570257025702638e+00,2.240627954934146260e+01
1.703970397039703988e+00,2.238742101681720698e+01
1.705370537053705338e+00,2.236856011848729509e+01
1.706770677067706687e+00,2.234969687881315537e+01
1.708170817081708037e+00,2.233083132224783185e+01
1.709570957095709609e+00,2.231196347323522389e+01
1.710971097109710959e+00,2.229309335621070431e+01
1.712371237123712309e+00,2.227422099560057944e+01
1.713771377137713658e+00,2.225534641582230222e+01
1.715171517151715230e+00,2.223646964128401748e+01
1.716571657165716580e+00,2.221759069638547146e+01
1.717971797179717930e+00,2.219870960551689620e+01
1.719371937193719280e+00,2.217982639305947856e+01
1.720772077207720629e+00,2.216094108338530333e+01
1.722172217221722201e+00,2.214205370085749536e+01
1.723572357235723551e+00,2.212316426982969375e+01
1.724972497249724901e+00,2.210427281464632188e+01
1.726372637263726251e+00,2.208537935964273657e+01
1.727772777277727823e+00,2.206648392914451762e+01
1.729172917291729172e+00,2.204758654746837720e+01
1.730573057305730522e+00,2.202868723892114389e+01
1.731973197319731872e+00,2.200978602780079285e+01
1.733373337333733222e+00,2.199088293839506036e+01
1.734773477347734794e+00,2.197197799498260906e+01
1.736173617361736143e+00,2.195307122183261583e+01
1.737573757375737493e+00,2.193416264320419629e+01
1.738973897389738843e+00,2.191525228334722897e+01
1.740374037403740415e+00,2.189634016650160930e+01
1.741774177417741765e+00,2.187742631689787487e+01
1.743174317431743114e+00,2.185851075875638116e+01
1.744574457445744464e+00,2.183959351628787005e+01
1.745974597459746036e+00,2.182067461369322103e+01
1.747374737473747386e+00,2.180175407516334474e+01
1.748774877487748736e+00,2.178283192487922548e+01
1.750175017501750085e+00,2.176390818701199947e+01
1.751575157515751435e+00,2.174498288572274163e+01
1.752975297529753007e+00,2.172605604516235189e+01
1.754375437543754357e+00,2.170712768947165472e+01
1.755775577557755707e+00,2.168819784278164775e+01
1.757175717571757056e+00,2.166926652921272023e+01
1.758575857585758628e+00,2.165033377287536354e+01
1.759975997599759978e+00,2.163139959786954591e+01
1.761376137613761328e+00,2.161246402828527380e+01
1.762776277627762678e+00,2.159352708820186706e+01
1.764176417641764028e+00,2.157458880168861981e+01
1.765576557655765599e+00,2.155564919280416092e+01
1.766976697669766949e+00,2.153670828559671691e+01
1.768376837683768299e+00,2.151776610410413326e+01
1.769776977697769649e+00,2.149882267235349786e+01
1.771177117711771221e+00,2.147987801436165256e+01
1.772577257725772570e+00,2.146093215413456079e+01
1.773977397739773920e+00,2.144198511566764864e+01
1.775377537753775270e+00,2.142303692294549222e+01
1.776777677767776842e+00,2.140408759994209476e+01
1.778177817781778192e+00,2.138513717062067343e+01
1.779577957795779541e+00,2.136618565893362387e+01
1.780978097809780891e+00,2.134723308882245618e+01
1.782378237823782241e+00,2.132827948421770969e+01
1.783778377837783813e+00,2.130932486903912348e+01
1.785178517851785163e+00,2.129036926719538769e+01
1.786578657865786512e+00,2.127141270258419326e+01
1.787978797879787862e+00,2.125245519909207559e+01
1.789378937893789434e+00,2.123349678059471302e+01
1.790779077907790784e+00,2.121453747095640807e+01
1.792179217921792134e+00,2.119557729403024382e+01
1.793579357935793483e+00,2.117661627365843202e+01
1.794979497949794833e+00,2.115765443367159548e+01
1.796379637963796405e+00,2.113869179788904518e+01
1.797779777977797755e+00,2.111972839011890812e+01
1.799179917991799105e+00,2.110076423415787161e+01
1.800580058005800455e+00,2.108179935379106240e+01
1.801980198019802026e+00,2.106283377279242330e+01
1.803380338033803376e+00,2.104386751492422292e+01
1.804780478047804726e+00,2.102490060393703430e+01
1.806180618061806076e+00,2.100593306356994816e+01
1.807580758075807426e+00,2.098696491755062965e+01
1.808980898089808997e+00,2.096799618959469313e+01
1.810381038103810347e+00,2.094902690340637008e+01
1.811781178117811697e+00,2.093005708267795484e+01
1.813181318131813047e+00,2.091108675108981885e+01
1.814581458145814619e+00,2.089211593231081565e+01
1.815981598159815968e+00,2.087314464999759878e+01
1.817381738173817318e+00,2.085417292779509069e+01
1.818781878187818668e+00,2.083520078933618436e+01
1.820182018201820240e+00,2.081622825824167222e+01
1.821582158215821590e+00,2.079725535812050197e+01
1.822982298229822939e+00,2.077828211256929336e+01
1.824382438243824289e+00,2.075930854517265800e+01
1.825782578257825639e+00,2.074033467950297904e+01
1.827182718271827211e+00,2.072136053912044673e+01
1.828582858285828561e+00,2.070238614757289497e+01
1.829982998299829910e+00,2.068341152839600738e+01
1.831383138313831260e+00,2.066443670511299047e+01
1.832783278327832832e+00,2.064546170123470148e+01
1.834183418341834182e+00,2.062648654025964134e+01
1.835583558355835532e+00,2.060751124567348569e+01
1.836983698369836882e+00,2.058853584094978117e+01
1.838383838383838231e+00,2.056956034954956181e+01
1.839783978397839803e+00,2.055058479492070944e+01
1.841184118411841153e+00,2.053160920049896276e+01
1.842584258425842503e+00,2.051263358970717121e+01
1.843984398439843853e+00,2.049365798595556498e+01
1.845384538453845424e+00,2.047468241264142108e+01
1.846784678467846774e+00,2.045570689314918411e+01
1.848184818481848124e+00,2.043673145085055864e+01
1.849584958495849474e+00,2.041775610910443817e+01
1.850985098509851046e+00,2.039878089125642191e+01
1.852385238523852395e+00,2.037980582063936907e+01
1.853785378537853745e+00,2.036083092057308619e+01
1.855185518551855095e+00,2.034185621436412106e+01
1.856585658565856445e+00,2.032288172530601855e+01
1.857985798579858017e+00,2.030390747667921403e+01
1.859385938593859366e+00,2.028493349175072069e+01
1.860786078607860716e+00,2.026595979377457013e+01
1.862186218621862066e+00,2.024698640599129362e+01
1.863586358635863638e+00,2.022801335162795056e+01
1.864986498649864988e+00,2.020904065389843396e+01
1.866386638663866337e+00,2.019006833600319339e+01
1.867786778677867687e+00,2.017109642112895784e+01
1.869186918691869037e+00,2.015212493244936098e+01
1.870587058705870609e+00,2.013315389312401038e+01
1.871987198719871959e+00,2.011418332629910566e+01
1.873387338733873309e+00,2.009521325510724665e+01
1.874787478747874658e+00,2.007624370266717762e+01
1.876187618761876230e+00,2.005727469208400038e+01
1.877587758775877580e+00,2.003830624644895408e+01
1.878987898789878930e+00,2.001933838883952177e+01
1.880388038803880280e+00,2.000037114231926694e+01
1.881788178817881629e+00,1.998140452993778382e+01
1.883188318831883201e+00,1.996243857473080396e+01
1.884588458845884551e+00,1.994347329971984806e+01
1.885988598859885901e+00,1.992450872791257410e+01
1.887388738873887251e+00,1.990554488230257135e+01
1.888788878887888822e+00,1.988658178586894110e+01
1.890189018901890172e+00,1.986761946157692904e+01
1.891589158915891522e+00,1.984865793237737108e+01
1.892989298929892872e+00,1.982969722120695621e+01
1.894389438943894444e+00,1.981073735098808442e+01
1.895789578957895793e+00,1.979177834462839769e+01
1.897189718971897143e+00,1.977282022502150483e+01
1.898589858985898493e+00,1.975386301504642006e+01
1.899989998999899843e+00,1.973490673756774072e+01
1.901390139013901415e+00,1.971595141543541985e+01
1.902790279027902764e+00,1.969699707148448908e+01
1.904190419041904114e+00,1.967804372853611028e+01
1.905590559055905464e+00,1.965909140939617572e+01
1.906990699069907036e+00,1.964014013685573445e+01
1.908390839083908386e+00,1.962118993369175257e+01
1.909790979097909736e+00,1.960224082266546475e+01
1.911191119111911085e+00,1.958329282652404402e+01
1.912591259125912435e+00,1.956434596799917358e+01
1.913991399139914007e+00,1.954540026980801315e+01
1.915391539153915357e+00,1.952645575465233208e+01
1.916791679167916707e+00,1.950751244521909200e+01
1.918191819181918056e+00,1.948857036418007738e+01
1.919591959195919628e+00,1.946962953419188125e+01
1.920992099209920978e+00,1.945068997789609000e+01
1.922392239223922328e+00,1.943175171791897071e+01
1.923792379237923678e+00,1.941281477687149248e+01
1.925192519251925249e+00,1.939387917734928379e+01
1.926592659265926599e+00,1.937494494193253303e+01
1.927992799279927949e+00,1.935601209318627980e+01
1.929392939293929299e+00,1.933708065365978968e+01
1.930793079307930649e+00,1.931815064588716524e+01
1.932193219321932220e+00,1.929922209238669950e+01
1.933593359335933570e+00,1.928029501566107484e+01
1.934993499349934920e+00,1.926136943819761171e+01
1.936393639363936270e+00,1.924244538246770730e+01
1.937793779377937842e+00,1.922352287092709844e+01
1.939193919391939191e+00,1.920460192601570526e+01
1.940594059405940541e+00,1.918568257015778045e+01
1.941994199419941891e+00,1.916676482576166762e+01
1.943394339433943241e+00,1.914784871521956688e+01
1.944794479447944813e+00,1.912893426090819560e+01
1.946194619461946163e+00,1.911002148518760890e+01
1.947594759475947512e+00,1.909111041040265633e+01
1.948994899489948862e+00,1.907220105888127648e+01
1.950395039503950434e+00,1.905329345293603893e+01
1.951795179517951784e+00,1.903438761486260944e+01
1.953195319531953134e+00,1.901548356694078024e+01
1.954595459545954483e+00,1.899658133143444871e+01
1.955995599559956055e+00,1.897768093059052319e+01
1.957395739573957405e+00,1.895878238663993187e+01
1.958795879587958755e+00,1.893988572179732444e+01
1.960196019601960105e+00,1.892099095826041122e+01
1.961596159615961454e+00,1.890209811821091535e+01
1.962996299629963026e+00,1.888320722381381245e+01
1.964396439643964376e+00,1.886431829721757936e+01
1.965796579657965726e+00,1.884543136055386725e+01
1.967196719671967076e+00,1.882654643593805588e+01
1.968596859685968647e+00,1.880766354546835117e+01
1.969996999699969997e+00,1.878878271122651711e+01
1.971397139713971347e+00,1.876990395527742805e+01
1.972797279727972697e+00,1.875102729966906168e+01
1.974197419741974047e+00,1.873215276643265526e+01
1.975597559755975619e+00,1.871328037758242857e+01
1.976997699769976968e+00,1.869441015511550575e+01
1.978397839783978318e+00,1.867554212101211419e+01
1.979797979797979668e+00,1.865667629723550647e+01
1.981198119811981240e+00,1.863781270573159787e+01
1.982598259825982590e+00,1.861895136842941412e+01
1.983998399839983939e+00,1.860009230724053708e+01
1.985398539853985289e+00,1.858123554405944589e+01
1.986798679867986639e+00,1.856238110076348136e+01
1.988198819881988211e+00,1.854352899921219233e+01
1.989598959895989561e+00,1.852467926124819542e+01
1.990999099909990910e+00,1.850583190869662076e+01
1.992399239923992260e+00,1.848698696336497704e+01
1.993799379937993832e+00,1.846814444704335045e+01
1.995199519951995182e+00,1.844930438150434071e+01
1.996599659965996532e+00,1.843046678850295450e+01
1.997999799979997881e+00,1.841163168977641362e+01
1.999399939993999453e+00,1.839279910704443211e+01
2.000800080008000581e+00,1.837396906200896751e+01
2.002200220022002153e+00,1.835514157635411436e+01
2.003600360036003725e+00,1.833631667174632440e+01
2.005000500050004852e+00,1.831749436983420765e+01
2.006400640064006424e+00,1.829867469224822685e+01
2.007800780078007552e+00,1.827985766060113804e+01
2.009200920092009124e+00,1.826104329648782709e+01
2.010601060106010696e+00,1.824223162148477684e+01
2.012001200120011823e+00,1.822342265715073495e+01
2.013401340134013395e+00,1.820461642502628052e+01
2.014801480148014967e+00,1.818581294663371750e+01
2.016201620162016095e+00,1.816701224347735888e+01
2.017601760176017667e+00,1.814821433704329934e+01
2.019001900190018794e+00,1.812941924879901734e+01
2.020402040204020366e+00,1.811062700019394356e+01
2.021802180218021938e+00,1.809183761265927615e+01
2.023202320232023066e+00,1.807305110760753308e+01
2.024602460246024638e+00,1.805426750643277956e+01
2.026002600260025766e+00,1.803548683051112533e+01
2.027402740274027337e+00,1.801670910119941027e+01
2.028802880288028909e+00,1.799793433983633406e+01
2.030203020302030037e+00,1.797916256774203703e+01
2.031603160316031609e+00,1.796039380621775194e+01
2.033003300330032737e+00,1.794162807654640801e+01
2.034403440344034308e+00,1.792286539999162898e+01
2.035803580358035880e+00,1.790410579779877054e+01
2.037203720372037008e+00,1.788534929119417427e+01
2.038603860386038580e+00,1.786659590138541631e+01
2.040004000400040152e+00,1.784784564956095210e+01
2.041404140414041279e+00,1.782909855689068479e+01
2.042804280428042851e+00,1.781035464452497052e+01
2.044204420442043979e+00,1.779161393359588317e+01
2.045604560456045551e+00,1.777287644521577192e+01
2.047004700470047123e+00,1.775414220047830582e+01
2.048404840484048250e+00,1.773541122045781293e+01
2.049804980498049822e+00,1.771668352620960007e+01
2.051205120512050950e+00,1.769795913876934890e+01
2.052605260526052522e+00,1.767923807915423140e+01
2.054005400540054094e+00,1.766052036836134675e+01
2.055405540554055221e+00,1.764180602736877290e+01
2.056805680568056793e+00,1.762309507713558077e+01
2.058205820582058365e+00,1.760438753860062633e+01
2.059605960596059493e+00,1.758568343268385803e+01
2.061006100610061065e+00,1.756698278028582649e+01
2.062406240624062193e+00,1.754828560228715872e+01
2.063806380638063764e+00,1.752959191954899865e+01
2.065206520652065336e+00,1.751090175291292894e+01
2.066606660666066464e+00,1.749221512320111316e+01
2.068006800680068036e+00,1.747353205121567044e+01
2.069406940694069164e+00,1.745485255773915156e+01
2.070807080708070735e+00,1.743617666353413398e+01
2.072207220722072307e+00,1.741750438934385414e+01
2.073607360736073435e+00,1.739883575589104225e+01
2.075007500750075007e+00,1.738017078387911596e+01
2.076407640764076135e+00,1.736150949399146270e+01
2.077807780778077706e+00,1.734285190689091394e+01
2.079207920792079278e+00,1.732419804322116619e+01
2.080608060806080406e+00,1.730554792360538841e+01
2.082008200820081978e+00,1.728690156864678329e+01
2.083408340834083550e+00,1.726825899892826044e+01
2.084808480848084677e+00,1.724962023501288400e+01
2.086208620862086249e+00,1.723098529744335394e+01
2.087608760876087377e+00,1.721235420674216243e+01
2.089008900890088949e+00,1.719372698341130956e+01
2.090409040904090521e+00,1.717510364793292865e+01
2.091809180918091648e+00,1.715648422076859703e+01
2.093209320932093220e+00,1.713786872235923653e+01
2.094609460946094348e+00,1.711925717312578854e+01
2.096009600960095920e+00,1.710064959346856028e+01
2.097409740974097492e+00,1.708204600376751614e+01
2.098809880988098620e+00,1.706344642438176606e+01
2.100210021002100191e+00,1.704485087564989243e+01
2.101610161016101763e+00,1.702625937789043320e+01
2.103010301030102891e+00,1.700767195140053900e+01
2.104410441044104463e+00,1.698908861645713841e+01
2.105810581058105591e+00,1.697050939331635533e+01
2.107210721072107162e+00,1.695193430221358000e+01
2.108610861086108734e+00,1.693336336336325587e+01
2.110011001100109862e+00,1.691479659695936277e+01
2.111411141114111434e+00,1.689623402317457845e+01
2.112811281128112562e+00,1.687767566216098913e+01
2.114211421142114133e+00,1.685912153404976266e+01
2.115611561156115705e+00,1.684057165895095665e+01
2.117011701170116833e+00,1.682202605695378139e+01
2.118411841184118405e+00,1.680348474812624460e+01
2.119811981198119977e+00,1.678494775251531479e+01
2.121212121212121104e+00,1.676641509014737608e+01
2.122612261226122676e+00,1.674788678102660811e+01
2.124012401240123804e+00,1.672936284513702532e+01
2.125412541254125376e+00,1.671084330244078586e+01
2.126812681268126948e+00,1.669232817287942794e+01
2.128212821282128075e+00,1.667381747637251976e+01
2.129612961296129647e+00,1.665531123281881065e+01
2.131013101310130775e+00,1.663680946209564127e+01
2.132413241324132347e+00,1.661831218405878019e+01
2.133813381338133919e+00,1.659981941854256604e+01
2.135213521352135047e+00,1.658133118536010642e+01
2.136613661366136618e+00,1.656284750430313579e+01
2.138013801380137746e+00,1.654436839514127655e+01
2.139413941394139318e+00,1.652589387762329665e+01
2.140814081408140890e+00,1.650742397147618590e+01
2.142214221422142018e+00,1.648895869640475809e+01
2.143614361436143589e+00,1.647049807209312888e+01
2.145014501450145161e+00,1.645204211820293949e+01
2.146414641464146289e+00,1.643359085437454326e+01
2.147814781478147861e+00,1.641514430022645854e+01
2.149214921492148989e+00,1.639670247535534742e+01
2.150615061506150560e+00,1.637826539933595882e+01
2.152015201520152132e+00,1.635983309172161881e+01
2.153415341534153260e+00,1.634140557204325006e+01
2.154815481548154832e+00,1.632298285981017472e+01
2.156215621562155960e+00,1.630456497450970232e+01
2.157615761576157531e+00,1.628615193560737140e+01
2.159015901590159103e+00,1.626774376254608967e+01
2.160416041604160231e+00,1.624934047474741305e+01
2.161816181618161803e+00,1.623094209161055090e+01
2.163216321632163375e+00,1.621254863251268574e+01
2.164616461646164502e+00,1.619416011680851142e+01
2.166016601660166074e+00,1.617577656383116391e+01
2.167416741674167202e+00,1.615739799289096368e+01
2.168816881688168774e+00,1.613902442327653830e+01
2.170217021702170346e+00,1.612065587425390589e+01
2.171617161716171474e+00,1.610229236506677353e+01
2.173017301730173045e+00,1.608393391493668645e+01
2.174417441744174173e+00,1.606558054306282912e+01
2.175817581758175745e+00,1.604723226862207497e+01
2.177217721772177317e+00,1.602888911076840373e+01
2.178617861786178445e+00,1.601055108863419463e+01
2.180018001800180016e+00,1.599221822132840032e+01
2.181418141814181144e+00,1.597389052793819531e+01
2.182818281828182716e+00,1.595556802752797410e+01
2.184218421842184288e+00,1.593725073913920198e+01
2.185618561856185416e+00,1.591893868179145954e+01
2.187018701870186987e+00,1.590063187448117787e+01
2.188418841884188559e+00,1.588233033618207202e+01
2.189818981898189687e+00,1.586403408584553887e+01
2.191219121912191259e+00,1.584574314240003901e+01
2.192619261926192387e+00,1.582745752475130985e+01
2.194019401940193958e+00,1.580917725178239408e+01
2.195419541954195530e+00,1.579090234235317780e+01
2.196819681968196658e+00,1.577263281530120764e+01
2.198219821982198230e+00,1.575436868944079549e+01
2.199619961996199358e+00,1.573610998356370061e+01
2.201020102010200929e+00,1.571785671643834803e+01
2.202420242024202501e+00,1.569960890681036858e+01
2.203820382038203629e+00,1.568136657340267703e+01
2.205220522052205201e+00,1.566312973491471894e+01
2.206620662066206773e+00,1.564489841002306747e+01
2.208020802080207901e+00,1.562667261738140922e+01
2.209420942094209472e+00,1.560845237562035237e+01
2.210821082108210600e+00,1.559023770334697900e+01
2.212221222122212172e+00,1.557202861914547753e+01
2.213621362136213744e+00,1.555382514157690110e+01
2.215021502150214872e+00,1.553562728917911073e+01
2.216421642164216443e+00,1.551743508046648401e+01
2.217821782178217571e+00,1.549924853393051905e+01
2.219221922192219143e+00,1.548106766803874024e+01
2.220622062206220715e+00,1.546289250123628989e+01
2.222022202220221843e+00,1.544472305194418738e+01
2.223422342234223414e+00,1.542655933856023864e+01
2.224822482248224986e+00,1.540840137945914989e+01
2.226222622262226114e+00,1.539024919299196625e+01
2.227622762276227686e+00,1.537210279748641284e+01
2.229022902290228814e+00,1.535396221124629079e+01
2.230423042304230385e+00,1.533582745255238677e+01
2.231823182318231957e+00,1.531769853966187611e+01
2.233223322332233085e+00,1.529957549080793910e+01
2.234623462346234657e+00,1.528145832420065631e+01
2.236023602360235785e+00,1.526334705802646852e+01
2.237423742374237357e+00,1.524524171044761545e+01
2.238823882388238928e+00,1.522714229960324417e+01
2.240224022402240056e+00,1.520904884360872700e+01
2.241624162416241628e+00,1.519096136055502200e+01
2.243024302430242756e+00,1.517287986851067672e+01
2.244424442444244328e+00,1.515480438551895759e+01
2.245824582458245899e+00,1.513673492960041500e+01
2.247224722472247027e+00,1.511867151875111404e+01
2.248624862486248599e+00,1.510061417094392056e+01
2.250025002500250171e+00,1.508256290412691669e+01
2.251425142514251299e+00,1.506451773622485035e+01
2.252825282528252870e+00,1.504647868513873021e+01
2.254225422542253998e+00,1.502844576874522886e+01
2.255625562556255570e+00,1.501041900489691727e+01
2.257025702570257142e+00,1.499239841142277641e+01
2.258425842584258270e+00,1.497438400612717402e+01
2.259825982598259841e+00,1.495637580679107970e+01
2.261226122612260969e+00,1.493837383117084983e+01
2.262626262626262541e+00,1.492037809699903050e+01
2.264026402640264113e+00,1.490238862198387437e+01
2.265426542654265241e+00,1.488440542380944009e+01
2.266826682668266812e+00,1.486642852013595473e+01
2.268226822682268384e+00,1.484845792859869107e+01
2.269626962696269512e+00,1.483049366680936032e+01
2.271027102710271084e+00,1.481253575235524522e+01
2.272427242724272212e+00,1.479458420279910058e+01
2.273827382738273784e+00,1.477663903567986381e+01
2.275227522752275355e+00,1.475870026851130490e+01
2.276627662766276483e+00,1.474076791878371750e+01
2.278027802780278055e+00,1.472284200396238418e+01
2.279427942794279183e+00,1.470492254148861377e+01
2.280828082808280755e+00,1.468700954877880349e+01
2.282228222822282326e+00,1.466910304322554737e+01
2.283628362836283454e+00,1.465120304219632885e+01
2.285028502850285026e+00,1.463330956303427399e+01
2.286428642864286154e+00,1.461542262305854933e+01
2.287828782878287726e+00,1.459754223956261399e+01
2.289228922892289297e+00,1.457966842981649336e+01
2.290629062906290425e+00,1.456180121106520176e+01
2.292029202920291997e+00,1.454394060052861448e+01
2.293429342934293569e+00,1.452608661540276103e+01
2.294829482948294697e+00,1.450823927285873083e+01
2.296229622962296268e+00,1.449039859004250275e+01
2.297629762976297396e+00,1.447256458407608193e+01
2.299029902990298968e+00,1.445473727205595083e+01
2.300430043004300540e+00,1.443691667105449028e+01
2.301830183018301668e+00,1.441910279811882845e+01
2.303230323032303239e+00,1.440129567027160817e+01
2.304630463046304367e+00,1.438349530451033331e+01
2.306030603060305939e+00,1.436570171780810767e+01
2.307430743074307511e+00,1.434791492711261185e+01
2.308830883088308639e+00,1.433013494934694165e+01
2.310231023102310211e+00,1.431236180140923864e+01
2.311631163116311782e+00,1.429459550017273273e+01
2.313031303130312910e+00,1.427683606248560011e+01
2.314431443144314482e+00,1.425908350517090639e+01
2.315831583158315610e+00,1.424133784502681976e+01
2.317231723172317182e+00,1.422359909882698048e+01
2.318631863186318753e+00,1.420586728331902293e+01
2.320032003200319881e+00,1.418814241522640884e+01
2.321432143214321453e+00,1.417042451124677882e+01
2.322832283228322581e+00,1.415271358805287605e+01
2.324232423242324153e+00,1.413500966229260314e+01
2.325632563256325724e+00,1.411731275058848212e+01
2.327032703270326852e+00,1.409962286953781074e+01
2.328432843284328424e+00,1.408194003571270514e+01
2.329832983298329552e+00,1.406426426565987242e+01
2.331233123312331124e+00,1.404659557590123597e+01
2.332633263326332695e+00,1.402893398293332439e+01
2.334033403340333823e+00,1.401127950322675986e+01
2.335433543354335395e+00,1.399363215322756560e+01
2.336833683368336967e+00,1.397599194935652633e+01
2.338233823382338095e+00,1.395835890800807988e+01
2.339633963396339666e+00,1.394073304555250559e+01
2.341034103410340794e+00,1.392311437833384957e+01
2.342434243424342366e+00,1.390550292267114685e+01
2.343834383438343938e+00,1.388789869485771078e+01
2.345234523452345066e+00,1.387030171116171573e+01
2.346634663466346638e+00,1.385271198782552915e+01
2.348034803480347765e+00,1.383512954106640791e+01
2.349434943494349337e+00,1.381755438707588723e+01
2.350835083508350909e+00,1.379998654201958175e+01
2.352235223522352037e+00,1.378242602203839340e+01
2.353635363536353609e+00,1.376487284324689142e+01
2.355035503550355180e+00,1.374732702173433552e+01
2.356435643564356308e+00,1.372978857356437743e+01
2.357835783578357880e+00,1.371225751477496146e+01
2.359235923592359008e+00,1.369473386137860871e+01
2.360636063606360580e+00,1.367721762936176333e+01
2.362036203620362151e+00,1.365970883468553154e+01
2.363436343634363279e+00,1.364220749328515581e+01
2.364836483648364851e+00,1.362471362106995798e+01
2.366236623662365979e+00,1.360722723392382250e+01
2.367636763676367551e+00,1.358974834770468476e+01
2.369036903690369122e+00,1.357227697824481538e+01
2.370437043704370250e+00,1.355481314135033699e+01
2.371837183718371822e+00,1.353735685280192058e+01
2.373237323732373394e+00,1.351990812835435918e+01
2.374637463746374522e+00,1.350246698373602783e+01
2.376037603760376093e+00,1.348503343465024784e+01
2.377437743774377221e+00,1.346760749677380886e+01
2.378837883788378793e+00,1.345018918575793521e+01
2.380238023802380365e+00,1.343277851722773164e+01
2.381638163816381493e+00,1.341537550678218338e+01
2.383038303830383065e+00,1.339798016999446872e+01
2.384438443844384192e+00,1.338059252241190222e+01
2.385838583858385764e+00,1.336321257955556518e+01
2.387238723872387336e+00,1.334584035692041937e+01
2.388638863886388464e+00,1.332847586997574751e+01
2.390039003900390036e+00,1.331111913416427228e+01
2.391439143914391163e+00,1.329377016490330732e+01
2.392839283928392735e+00,1.327642897758308038e+01
2.394239423942394307e+00,1.325909558756855233e+01
2.395639563956395435e+00,1.324177001019788236e+01
2.397039703970397007e+00,1.322445226078350800e+01
2.398439843984398578e+00,1.320714235461160513e+01
2.399839983998399706e+00,1.318984030694230114e+01
2.401240124012401278e+00,1.317254613300882227e+01
2.402640264026402406e+00,1.315525984801895731e+01
2.404040404040403978e+00,1.313798146715387816e+01
2.405440544054405549e+00,1.312071100556823922e+01
2.406840684068406677e+00,1.310344847839108695e+01
2.408240824082408249e+00,1.308619390072433930e+01
2.409640964096409377e+00,1.306894728764437730e+01
2.411041104110410949e+00,1.305170865420036819e+01
2.412441244124412520e+00,1.303447801541598494e+01
2.413841384138413648e+00,1.301725538628811307e+01
2.415241524152415220e+00,1.300004078178697853e+01
2.416641664166416792e+00,1.298283421685721351e+01
2.418041804180417920e+00,1.296563570641592378e+01
2.419441944194419492e+00,1.294844526535466400e+01
2.420842084208420619e+00,1.293126290853815874e+01
2.422242224222422191e+00,1.291408865080448720e+01
2.423642364236423763e+00,1.289692250696550957e+01
2.425042504250424891e+00,1.287976449180676752e+01
2.426442644264426463e+00,1.286261462008681633e+01
2.427842784278427590e+00,1.284547290653770801e+01
2.429242924292429162e+00,1.282833936586526136e+01
2.430643064306430734e+00,1.281121401274856453e+01
2.432043204320431862e+00,1.279409686183984718e+01
2.433443344334433434e+00,1.277698792776513415e+01
2.434843484348434561e+00,1.275988722512364859e+01
2.436243624362436133e+00,1.274279476848791148e+01
2.437643764376437705e+00,1.272571057240374159e+01
2.439043904390438833e+00,1.270863465139049708e+01
2.440444044404440405e+00,1.269156701994060654e+01
2.441844184418441976e+00,1.267450769252022269e+01
2.443244324432443104e+00,1.265745668356807130e+01
2.444644464446444676e+00,1.264041400749663069e+01
2.446044604460445804e+00,1.262337967869157751e+01
2.447444744474447376e+00,1.260635371151181516e+01
2.448844884488448947e+00,1.258933612028938853e+01
2.450245024502450075e+00,1.257232691932949820e+01
2.451645164516451647e+00,1.255532612291044359e+01
2.453045304530452775e+00,1.253833374528426248e+01
2.454445444544454347e+00,1.252134980067529568e+01
2.455845584558455919e+00,1.250437430328160815e+01
2.457245724572457046e+00,1.248740726727429262e+01
2.458645864586458618e+00,1.247044870679712858e+01
2.460046004600460190e+00,1.245349863596787543e+01
2.461446144614461318e+00,1.243655706887652457e+01
2.462846284628462890e+00,1.241962401958640783e+01
2.464246424642464017e+00,1.240269950213401273e+01
2.465646564656465589e+00,1.238578353052868408e+01
2.467046704670467161e+00,1.236887611875323500e+01
2.468446844684468289e+00,1.235197728076269641e+01
2.469846984698469861e+00,1.233508703048575228e+01
2.471247124712470988e+00,1.231820538182385860e+01
2.472647264726472560e+00,1.230133234865128600e+01
2.474047404740474132e+00,1.228446794481546078e+01
2.475447544754475260e+00,1.226761218413658128e+01
2.476847684768476832e+00,1.225076508040787360e+01
2.478247824782478403e+00,1.223392664739530744e+01
2.479647964796479531e+00,1.221709689883810768e+01
2.481048104810481103e+00,1.220027584844797275e+01
2.482448244824482231e+00,1.218346350990975679e+01
2.483848384838483803e+00,1.216665989688081595e+01
2.485248524852485374e+00,1.214986502299171889e+01
2.486648664866486502e+00,1.213307890184560733e+01
2.488048804880488074e+00,1.211630154701872186e+01
2.489448944894489202e+00,1.209953297205937872e+01
2.490849084908490774e+00,1.208277319048987408e+01
2.492249224922492346e+00,1.206602221580405399e+01
2.493649364936493473e+00,1.204928006146927544e+01
2.495049504950495045e+00,1.203254674092545429e+01
2.496449644964496173e+00,1.201582226758502259e+01
2.497849784978497745e+00,1.199910665483331229e+01
2.499249924992499317e+00,1.198239991602827104e+01
2.500650065006500444e+00,1.196570206450076057e+01
2.502050205020502016e+00,1.194901311355432938e+01
2.503450345034503588e+00,1.193233307646450214e+01
2.504850485048504716e+00,1.191566196648035714e+01
2.506250625062506288e+00,1.189899979682296305e+01
2.507650765076507415e+00,1.188234658068651584e+01
2.509050905090508987e+00,1.186570233123751450e+01
2.510451045104510559e+00,1.184906706161500267e+01
2.511851185118511687e+00,1.183244078493089546e+01
2.513251325132513259e+00,1.181582351426911259e+01
2.514651465146514386e+00,1.179921526268701371e+01
2.516051605160515958e+00,1.178261604321382094e+01
2.517451745174517530e+00,1.176602586885158530e+01
2.518851885188518658e+00,1.174944475257463239e+01
2.520252025202520230e+00,1.173287270733004561e+01
2.521652165216521801e+00,1.171630974603743880e+01
2.523052305230522929e+00,1.169975588158874302e+01
2.524452445244524501e+00,1.168321112684822083e+01
2.525852585258525629e+00,1.166667549465320519e+01
2.527252725272527201e+00,1.165014899781289159e+01
2.528652865286528773e+00,1.163363164910911962e+01
2.530053005300529900e+00,1.161712346129608875e+01
2.531453145314531472e+00,1.160062444710072782e+01
2.532853285328532600e+00,1.158413461922191345e+01
2.534253425342534172e+00,1.156765399033112374e+01
2.535653565356535744e+00,1.155118257307239560e+01
2.537053705370536871e+00,1.153472038006202638e+01
2.538453845384538443e+00,1.151826742388864488e+01
2.539853985398539571e+00,1.150182371711287033e+01
2.541254125412541143e+00,1.148538927226840656e+01
2.542654265426542715e+00,1.146896410186080573e+01
2.544054405440543842e+00,1.145254821836813619e+01
2.545454545454545414e+00,1.143614163424048513e+01
2.546854685468546986e+00,1.141974436190044173e+01
2.548254825482548114e+00,1.140335641374299769e+01
2.549654965496549686e+00,1.138697780213510669e+01
2.551055105510550813e+00,1.137060853941665073e+01
2.552455245524552385e+00,1.135424863789882011e+01
2.553855385538553957e+00,1.133789810986574764e+01
2.555255525552555085e+00,1.132155696757347130e+01
2.556655665566556657e+00,1.130522522325067314e+01
2.558055805580557784e+00,1.128890288909765616e+01
2.559455945594559356e+00,1.127258997728712586e+01
2.560856085608560928e+00,1.125628649996443187e+01
2.562256225622562056e+00,1.123999246924655893e+01
2.563656365636563628e+00,1.122370789722310747e+01
2.565056505650565200e+00,1.120743279595519937e+01
2.566456645664566327e+00,1.119116717747694167e+01
2.567856785678567899e+00,1.117491105379386340e+01
2.569256925692569027e+00,1.115866443688426557e+01
2.570657065706570599e+00,1.114242733869789959e+01
2.572057205720572171e+00,1.112619977115738834e+01
2.573457345734573298e+00,1.110998174615689038e+01
2.574857485748574870e+00,1.109377327556282467e+01
2.576257625762575998e+00,1.107757437121367161e+01
2.577657765776577570e+00,1.106138504492004415e+01
2.579057905790579142e+00,1.104520530846505721e+01
2.580458045804580269e+00,1.102903517360294927e+01
2.581858185818581841e+00,1.101287465206088712e+01
2.583258325832583413e+00,1.099672375553751635e+01
2.584658465846584541e+00,1.098058249570397038e+01
2.586058605860586113e+00,1.096445088420307457e+01
2.587458745874587240e+00,1.094832893264980100e+01
2.588858885888588812e+00,1.093221665263106956e+01
2.590259025902590384e+00,1.091611405570593263e+01
2.591659165916591512e+00,1.090002115340543298e+01
2.593059305930593084e+00,1.088393795723236224e+01
2.594459445944594211e+00,1.086786447866198557e+01
2.595859585958595783e+00,1.085180072914118909e+01
2.597259725972597355e+00,1.083574672008856510e+01
2.598659865986598483e+00,1.081970246289512261e+01
2.600060006000600055e+00,1.080366796892387526e+01
2.601460146014601182e+00,1.078764324950942921e+01
2.602860286028602754e+00,1.077162831595836678e+01
2.604260426042604326e+00,1.075562317954934599e+01
2.605660566056605454e+00,1.073962785153308630e+01
2.607060706070607026e+00,1.072364234313170073e+01
2.608460846084608598e+00,1.070766666553991797e+01
2.609860986098609725e+00,1.069170082992393134e+01
2.611261126112611297e+00,1.067574484742166874e+01
2.612661266126612425e+00,1.065979872914311954e+01
2.614061406140613997e+00,1.064386248617047670e+01
2.615461546154615569e+00,1.062793612955751144e+01
2.616861686168616696e+00,1.061201967032953064e+01
2.618261826182618268e+00,1.059611311948437162e+01
2.619661966196619396e+00,1.058021648799109471e+01
2.621062106210620968e+00,1.056432978679100643e+01
2.622462246224622540e+00,1.054845302679729002e+01
2.623862386238623667e+00,1.053258621889470703e+01
2.625262526252625239e+00,1.051672937393986729e+01
2.626662666266626811e+00,1.050088250276118629e+01
2.628062806280627939e+00,1.048504561615916941e+01
2.629462946294629511e+00,1.046921872490591454e+01
2.630863086308630638e+00,1.045340183974525416e+01
2.632263226322632210e+00,1.043759497139272696e+01
2.633663366336633782e+00,1.042179813053640203e+01
2.635063506350634910e+00,1.040601132783484672e+01
2.636463646364636482e+00,1.039023457391961358e+01
2.637863786378637609e+00,1.037446787939339288e+01
2.639263926392639181e+00,1.035871125483075161e+01
2.640664066406640753e+00,1.034296471077806245e+01
2.642064206420641881e+00,1.032722825775327635e+01
2.643464346434643453e+00,1.031150190624640572e+01
2.644864486448644580e+00,1.029578566671921180e+01
2.646264626462646152e+00,1.028007954960463621e+01
2.647664766476647724e+00,1.026438356530803730e+01
2.649064906490648852e+00,1.024869772420619540e+01
2.650465046504650424e+00,1.023302203664754018e+01
2.651865186518651996e+00,1.021735651295234959e+01
2.653265326532653123e+00,1.020170116341246569e+01
2.654665466546654695e+00,1.018605599829182040e+01
2.656065606560655823e+00,1.017042102782545498e+01
2.657465746574657395e+00,1.015479626222078480e+01
2.658865886588658967e+00,1.013918171165624926e+01
2.660266026602660094e+00,1.012357738628259085e+01
2.661666166616661666e+00,1.010798329622163294e+01
2.663066306630662794e+00,1.009239945156760143e+01
2.664466446644664366e+00,1.007682586238563260e+01
2.665866586658665938e+00,1.006126253871322263e+01
2.667266726672667065e+00,1.004570949055897700e+01
2.668666866686668637e+00,1.003016672790356267e+01
2.670067006700670209e+00,1.001463426069918228e+01
2.671467146714671337e+00,9.999112098869574083e+00
2.672867286728672909e+00,9.983600252310267820e+00
2.674267426742674036e+00,9.968098730888513614e+00
2.675667566756675608e+00,9.952607544442912513e+00
2.677067706770677180e+00,9.937126702784212284e+00
2.678467846784678308e+00,9.921656215694341086e+00
2.679867986798679880e+00,9.906196092926833785e+00
2.681268126812681007e+00,9.890746344207485663e+00
2.682668266826682579e+00,9.875306979233272386e+00
2.684068406840684151e+00,9.859878007672392641e+00
2.685468546854685279e+00,9.844459439165547110e+00
2.686868686868686851e+00,9.829051283324375277e+00
2.688268826882688423e+00,9.813653549732464398e+00
2.689668966896689550e+00,9.798266247945008445e+00
2.691069106910691122e+00,9.782889387488779676e+00
2.692469246924692250e+00,9.767522977862071798e+00
2.693869386938693822e+00,9.752167028534884707e+00
2.695269526952695394e+00,9.736821548948753957e+00
2.696669666966696521e+00,9.721486548517091819e+00
2.698069806980698093e+00,9.706162036624547795e+00
2.699469946994699221e+00,9.690848022627548630e+00
2.700870087008700793e+00,9.675544515854014094e+00
2.702270227022702365e+00,9.660251525603769096e+00
2.703670367036703492e+00,9.644969061148188416e+00
2.705070507050705064e+00,9.629697131729599846e+00
2.706470647064706192e+00,9.614435746562833174e+00
2.707870787078707764e+00,9.599184914833713833e+00
2.709270927092709336e+00,9.583944645699673970e+00
2.710671067106710463e+00,9.568714948290235611e+00
2.712071207120712035e+00,9.553495831706115382e+00
2.713471347134713607e+00,9.538287305019665041e+00
2.714871487148714735e+00,9.523089377274800427e+00
2.716271627162716307e+00,9.507902057487086722e+00
2.717671767176717434e+00,9.492725354643738456e+00
2.719071907190719006e+00,9.477559277703235807e+00
2.720472047204720578e+00,9.462403835596248314e+00
2.721872187218721706e+00,9.447259037224654321e+00
2.723272327232723278e+00,9.432124891461768357e+00
2.724672467246724405e+00,9.417001407152625347e+00
2.726072607260725977e+00,9.401888593113966408e+00
2.727472747274727549e+00,9.386786458134167788e+00
2.728872887288728677e+00,9.371695010972658224e+00
2.730273027302730249e+00,9.356614260361340030e+00
2.731673167316731821e+00,9.341544215002869578e+00
2.733073307330732948e+00,9.326484883572007334e+00
2.734473447344734520e+00,9.311436274714665728e+00
2.735873587358735648e+00,9.296398397048960760e+00
2.737273727372737220e+00,9.281371259164060916e+00
2.738673867386738792e+00,9.266354869620712975e+00
2.740074007400739919e+00,9.251349236951540433e+00
2.741474147414741491e+00,9.236354369660645602e+00
2.742874287428742619e+00,9.221370276223808560e+00
2.744274427442744191e+00,9.206396965087989770e+00
2.745674567456745763e+00,9.191434444672339055e+00
2.747074707470746890e+00,9.176482723367413996e+00
2.748474847484748462e+00,9.161541809534725189e+00
2.749874987498749590e+00,9.146611711508313647e+00
2.751275127512751162e+00,9.131692437593045497e+00
2.752675267526752734e+00,9.116783996066217810e+00
2.754075407540753861e+00,9.101886395175853295e+00
2.755475547554755433e+00,9.086999643142306127e+00
2.756875687568757005e+00,9.072123748156911915e+00
2.758275827582758133e+00,9.057258718382811935e+00
2.759675967596759705e+00,9.042404561955152076e+00
2.761076107610760833e+00,9.027561286979931765e+00
2.762476247624762404e+00,9.012728901535524528e+00
2.763876387638763976e+00,8.997907413671370591e+00
2.765276527652765104e+00,8.983096831408730054e+00
2.766676667666766676e+00,8.968297162740370254e+00
2.768076807680767804e+00,8.953508415631077355e+00
2.769476947694769375e+00,8.938730598016647377e+00
2.770877087708770947e+00,8.923963717805136753e+00
2.772277227722772075e+00,8.909207782875128601e+00
2.773677367736773647e+00,8.894462801078589109e+00
2.775077507750775219e+00,8.879728780237343244e+00
2.776477647764776346e+00,8.865005728145760600e+00
2.777877787778777918e+00,8.850293652569888536e+00
2.779277927792779046e+00,8.835592561247011645e+00
2.780678067806780618e+00,8.820902461886504398e+00
2.782078207820782190e+00,8.806223362168893232e+00
2.783478347834783317e+00,8.791555269746751833e+00
2.784878487848784889e+00,8.776898192243976382e+00
2.786278627862786017e+00,8.762252137256439255e+00
2.787678767876787589e+00,8.747617112351548485e+00
2.789078907890789161e+00,8.732993125067963547e+00
2.790479047904790288e+00,8.718380182916945387e+00
2.791879187918791860e+00,8.703778293380437958e+00
2.793279327932792988e+00,8.689187463912887210e+00
2.794679467946794560e+00,8.674607701939450521e+00
2.796079607960796132e+00,8.660039014858043060e+00
2.797479747974797260e+00,8.645481410037334058e+00
2.798879887988798831e+00,8.630934894818466319e+00
2.800280028002800403e+00,8.616399476513734612e+00
2.801680168016801531e+00,8.601875162407097264e+00
2.803080308030803103e+00,8.587361959754900909e+00
2.804480448044804231e+00,8.572859875784132555e+00
2.805880588058805802e+00,8.558368917694579636e+00
2.807280728072807374e+00,8.543889092656854700e+00
2.808680868086808502e+00,8.529420407813844918e+00
2.810081008100810074e+00,8.514962870280001539e+00
2.811481148114811202e+00,8.500516487141752009e+00
2.812881288128812773e+00,8.486081265456391520e+00
2.814281428142814345e+00,8.471657212253930425e+00
2.815681568156815473e+00,8.457244334535758412e+00
2.817081708170817045e+00,8.442842639275085048e+00
2.818481848184818617e+00,8.428452133416570291e+00
2.819881988198819744e+00,8.414072823877191354e+00
2.821282128212821316e+00,8.399704717545162680e+00
2.822682268226822444e+00,8.385347821280717540e+00
2.824082408240824016e+00,8.371002141915809602e+00
2.825482548254825588e+00,8.356667686254226624e+00
2.826882688268826715e+00,8.342344461071746764e+00
2.828282828282828287e+00,8.328032473115612788e+00
2.829682968296829415e+00,8.313731729104716806e+00
2.831083108310830987e+00,8.299442235730396078e+00
2.832483248324832559e+00,8.285163999655310363e+00
2.833883388338833687e+00,8.270897027513996136e+00
2.835283528352835258e+00,8.256641325913093965e+00
2.836683668366836830e+00,8.242396901430694811e+00
2.838083808380837958e+00,8.228163760617050571e+00
2.839483948394839530e+00,8.213941909994034063e+00
2.840884088408840658e+00,8.199731356055607989e+00
2.842284228422842229e+00,8.185532105267256497e+00
2.843684368436843801e+00,8.171344164066837834e+00
2.845084508450844929e+00,8.157167538863632217e+00
2.846484648464846501e+00,8.143002236038839214e+00
2.847884788478847629e+00,8.128848261946146181e+00
2.849284928492849200e+00,8.114705622909966110e+00
2.850685068506850772e+00,8.100574325227938743e+00
2.852085208520851900e+00,8.086454375168713682e+00
2.853485348534853472e+00,8.072345778973243569e+00
2.854885488548854600e+00,8.058248542854414609e+00
2.856285628562856171e+00,8.044162672996620245e+00
2.857685768576857743e+00,8.030088175557054342e+00
2.859085908590858871e+00,8.016025056664048520e+00
2.860486048604860443e+00,8.001973322418166390e+00
2.861886188618862015e+00,7.987932978892033020e+00
2.863286328632863142e+00,7.973904032130363362e+00
2.864686468646864714e+00,7.959886488149578554e+00
2.866086608660865842e+00,7.945880352938033298e+00
2.867486748674867414e+00,7.931885632456385338e+00
2.868886888688868986e+00,7.917902332637339669e+00
2.870287028702870114e+00,7.903930459385279050e+00
2.871687168716871685e+00,7.889970018576917710e+00
2.873087308730872813e+00,7.876021016060988700e+00
2.874487448744874385e+00,7.862083457658073371e+00
2.875887588758875957e+00,7.848157349160601370e+00
2.877287728772877085e+00,7.834242696333717504e+00
2.878687868786878656e+00,7.820339504914258555e+00
2.880088008800880228e+00,7.806447780611577514e+00
2.881488148814881356e+00,7.792567529106122493e+00
2.882888288828882928e+00,7.778698756051198870e+00
2.884288428842884056e+00,7.764841467072315595e+00
2.885688568856885627e+00,7.750995667766858332e+00
2.887088708870887199e+00,7.737161363704274208e+00
2.888488848884888327e+00,7.723338560426213917e+00
2.889888988898889899e+00,7.709527263446602774e+00
2.891289128912891027e+00,7.695727478251512821e+00
2.892689268926892598e+00,7.681939210298807552e+00
2.894089408940894170e+00,7.668162465019037199e+00
2.895489548954895298e+00,7.654397247815069250e+00
2.896889688968896870e+00,7.640643564060951576e+00
2.898289828982897998e+00,7.626901419104399338e+00
2.899689968996899569e+00,7.613170818264023865e+00
2.901090109010901141e+00,7.599451766831805344e+00
2.902490249024902269e+00,7.585744270070904349e+00
2.903890389038903841e+00,7.572048333217281879e+00
2.905290529052905413e+00,7.558363961479628301e+00
2.906690669066906541e+00,7.544691160037928057e+00
2.908090809080908112e+00,7.531029934045307073e+00
2.909490949094909240e+00,7.517380288626412721e+00
2.910891089108910812e+00,7.503742228878991227e+00
2.912291229122912384e+00,7.490115759872509216e+00
2.913691369136913512e+00,7.476500886649191102e+00
2.915091509150915083e+00,7.462897614223280129e+00
2.916491649164916211e+00,7.449305947581805754e+00
2.917891789178917783e+00,7.435725891683489408e+00
2.919291929192919355e+00,7.422157451459895583e+00
2.920692069206920483e+00,7.408600631815261295e+00
2.922092209220922054e+00,7.395055437625259742e+00
2.923492349234923626e+00,7.381521873739401940e+00
2.924892489248924754e+00,7.367999944977853488e+00
2.926292629262926326e+00,7.354489656134887809e+00
2.927692769276927454e+00,7.340991011976498726e+00
2.929092909290929025e+00,7.327504017240912049e+00
2.930493049304930597e+00,7.314028676639352966e+00
2.931893189318931725e+00,7.300564994855250234e+00
2.933293329332933297e+00,7.287112976544150911e+00
2.934693469346934425e+00,7.273672626334857227e+00
2.936093609360935996e+00,7.260243948828474458e+00
2.937493749374937568e+00,7.246826948598439344e+00
2.938893889388938696e+00,7.233421630190818519e+00
2.940294029402940268e+00,7.220027998124365354e+00
2.941694169416941840e+00,7.206646056890306795e+00
2.943094309430942968e+00,7.193275810952570737e+00
2.944494449444944539e+00,7.179917264747217587e+00
2.945894589458945667e+00,7.166570422683776087e+00
2.947294729472947239e+00,7.153235289143680120e+00
2.948694869486948811e+00,7.139911868481476631e+00
2.950095009500949939e+00,7.126600165023859290e+00
2.951495149514951510e+00,7.113300183070705884e+00
2.952895289528952638e+00,7.100011926894609360e+00
2.954295429542954210e+00,7.086735400740110435e+00
2.955695569556955782e+00,7.073470608825587647e+00
2.957095709570956910e+00,7.060217555340940976e+00
2.958495849584958481e+00,7.046976244449709270e+00
2.959895989598959609e+00,7.033746680288075481e+00
2.961296129612961181e+00,7.020528866964681924e+00
2.962696269626962753e+00,7.007322808560772387e+00
2.964096409640963881e+00,6.994128509131243732e+00
2.965496549654965452e+00,6.980945972703054281e+00
2.966896689668967024e+00,6.967775203275934359e+00
2.968296829682968152e+00,6.954616204823167891e+00
2.969696969696969724e+00,6.941468981290398688e+00
2.971097109710970852e+00,6.928333536595872033e+00
2.972497249724972423e+00,6.915209874631131015e+00
2.973897389738973995e+00,6.902097999260817573e+00
2.975297529752975123e+00,6.888997914322132488e+00
2.976697669766976695e+00,6.875909623625148015e+00
2.978097809780977823e+00,6.862833130953305272e+00
2.979497949794979395e+00,6.849768440062177888e+00
2.980898089808980966e+00,6.836715554681447315e+00
2.982298229822982094e+00,6.823674478513041208e+00
2.983698369836983666e+00,6.810645215231929228e+00
2.985098509850985238e+00,6.797627768486393052e+00
2.986498649864986366e+00,6.784622141897443726e+00
2.987898789878987937e+00,6.771628339059461155e+00
2.989298929892989065e+00,6.758646363539781987e+00
2.990699069906990637e+00,6.745676218878557506e+00
2.992099209920992209e+00,6.732717908589464173e+00
2.993499349934993337e+00,6.719771436159049927e+00
2.994899489948994908e+00,6.706836805047188932e+00
2.996299629962996036e+00,6.693914018686527356e+00
2.997699769976997608e+00,6.681003080483321810e+00
2.999099909990999180e+00,6.668103993816671959e+00
3.000500050005000308e+00,6.655216762039074752e+00
3.001900190019001879e+00,6.642341388476211250e+00
3.003300330033003007e+00,6.629477876427003480e+00
3.004700470047004579e+00,6.616626229163728112e+00
3.006100610061006151e+00,6.603786449931618563e+00
3.007500750075007279e+00,6.590958541949390792e+00
3.008900890089008850e+00,6.578142508408859612e+00
3.010301030103010422e+00,6.565338352475691863e+00
3.011701170117011550e+00,6.552546077288383231e+00
3.013101310131013122e+00,6.539765685958897734e+00
3.014501450145014250e+00,6.526997181572397722e+00
3.015901590159015822e+00,6.514240567188281261e+00
3.017301730173017393e+00,6.501495845838320520e+00
3.018701870187018521e+00,6.488763020527613889e+00
3.020102010201020093e+00,6.476042094235779700e+00
3.021502150215021221e+00,6.463333069914995122e+00
3.022902290229022793e+00,6.450635950491857784e+00
3.024302430243024364e+00,6.437950738864785194e+00
3.025702570257025492e+00,6.425277437907325861e+00
3.027102710271027064e+00,6.412616050465985040e+00
3.028502850285028636e+00,6.399966579360579999e+00
3.029902990299029764e+00,6.387329027384680558e+00
3.031303130313031335e+00,6.374703397305523822e+00
3.032703270327032463e+00,6.362089691863971552e+00
3.034103410341034035e+00,6.349487913774012782e+00
3.035503550355035607e+00,6.336898065724042794e+00
3.036903690369036735e+00,6.324320150375768890e+00
3.038303830383038306e+00,6.311754170364110905e+00
3.039703970397039434e+00,6.299200128298124923e+00
3.041104110411041006e+00,6.286658026760989060e+00
3.042504250425042578e+00,6.274127868308880807e+00
3.043904390439043706e+00,6.261609655472085478e+00
3.045304530453045277e+00,6.249103390754243037e+00
3.046704670467046405e+00,6.236609076633556015e+00
3.048104810481047977e+00,6.224126715561553169e+00
3.049504950495049549e+00,6.211656309963231593e+00
3.050905090509050677e+00,6.199197862238207790e+00
3.052305230523052249e+00,6.186751374759197120e+00
3.053705370537053820e+00,6.174316849873406454e+00
3.055105510551054948e+00,6.161894289901752586e+00
3.056505650565056520e+00,6.149483697138634852e+00
3.057905790579057648e+00,6.137085073853285166e+00
3.059305930593059220e+00,6.124698422287934818e+00
3.060706070607060791e+00,6.112323744659377667e+00
3.062106210621061919e+00,6.099961043158387497e+00
3.063506350635063491e+00,6.087610319949391169e+00
3.064906490649064619e+00,6.075271577171292847e+00
3.066306630663066191e+00,6.062944816936621351e+00
3.067706770677067762e+00,6.050630041332482278e+00
3.069106910691068890e+00,6.038327252419364299e+00
3.070507050705070462e+00,6.026036452232858665e+00
3.071907190719072034e+00,6.013757642781584423e+00
3.073307330733073162e+00,6.001490826049391103e+00
3.074707470747074733e+00,5.989236003993326563e+00
3.076107610761075861e+00,5.976993178545271235e+00
3.077507750775077433e+00,5.964762351611256008e+00
3.078907890789079005e+00,5.952543525071249064e+00
3.080308030803080133e+00,5.940336700779681678e+00
3.081708170817081704e+00,5.928141880565391375e+00
3.083108310831082832e+00,5.915959066231209817e+00
3.084508450845084404e+00,5.903788259554531237e+00
3.085908590859085976e+00,5.891629462286942953e+00
3.087308730873087104e+00,5.879482676154410115e+00
3.088708870887088676e+00,5.867347902857559916e+00
3.090109010901090247e+00,5.855225144071056320e+00
3.091509150915091375e+00,5.843114401443969541e+00
3.092909290929092947e+00,5.831015676599974995e+00
3.094309430943094075e+00,5.818928971137466988e+00
3.095709570957095647e+00,5.806854286629018702e+00
3.097109710971097218e+00,5.794791624621581150e+00
3.098509850985098346e+00,5.782740986636980551e+00
3.099909990999099918e+00,5.770702374171307270e+00
3.101310131013101046e+00,5.758675788695370557e+00
3.102710271027102618e+00,5.746661231654741187e+00
3.104110411041104189e+00,5.734658704469197232e+00
3.105510551055105317e+00,5.722668208533505663e+00
3.106910691069106889e+00,5.710689745216853908e+00
3.108310831083108017e+00,5.698723315863318817e+00
3.109710971097109589e+00,5.686768921791767184e+00
3.111111111111111160e+00,5.674826564295415210e+00
3.112511251125112288e+00,5.662896244642340093e+00
3.113911391139113860e+00,5.650977964075707405e+00
3.115311531153115432e+00,5.639071723813259496e+00
3.116711671167116560e+00,5.627177525047414974e+00
3.118111811181118131e+00,5.615295368945552923e+00
3.119511951195119259e+00,5.603425256649885000e+00
3.120912091209120831e+00,5.591567189277796501e+00
3.122312231223122403e+00,5.579721167921221081e+00
3.123712371237123531e+00,5.567887193647024446e+00
3.125112511251125103e+00,5.556065267497189097e+00
3.126512651265126230e+00,5.544255390488459057e+00
3.127912791279127802e+00,5.532457563613093043e+00
3.129312931293129374e+00,5.520671787837628131e+00
3.130713071307130502e+00,5.508898064104286618e+00
3.132113211321132074e+00,5.497136393330080750e+00
3.133513351335133645e+00,5.485386776406826925e+00
3.134913491349134773e+00,5.473649214202012558e+00
3.136313631363136345e+00,5.461923707557915009e+00
3.137713771377137473e+00,5.450210257291956850e+00
3.139113911391139045e+00,5.438508864197032722e+00
3.140514051405140616e+00,5.426819529041168266e+00
3.141914191419141744e+00,5.415142252566809589e+00
3.143314331433143316e+00,5.403477035493168046e+00
3.144714471447144444e+00,5.391823878513307022e+00
3.146114611461146016e+00,5.380182782296415667e+00
3.147514751475147587e+00,5.368553747486643601e+00
3.148914891489148715e+00,5.356936774703811466e+00
3.150315031503150287e+00,5.345331864542671951e+00
3.151715171517151415e+00,5.333739017573719821e+00
3.153115311531152987e+00,5.322158234342950323e+00
3.154515451545154558e+00,5.310589515371276548e+00
3.155915591559155686e+00,5.299032861155453134e+00
3.157315731573157258e+00,5.287488272168062053e+00
3.158715871587158830e+00,5.275955748856205219e+00
3.160116011601159958e+00,5.264435291643621895e+00
3.161516151615161530e+00,5.252926900928940768e+00
3.162916291629162657e+00,5.241430577086575227e+00
3.164316431643164229e+00,5.229946320466396514e+00
3.165716571657165801e+00,5.218474131394330584e+00
3.167116711671166929e+00,5.207014010171420182e+00
3.168516851685168501e+00,5.195565957074876451e+00
3.169916991699169628e+00,5.184129972357169436e+00
3.171317131713171200e+00,5.172706056246937578e+00
3.172717271727172772e+00,5.161294208948319806e+00
3.174117411741173900e+00,5.149894430640969745e+00
3.175517551755175472e+00,5.138506721481078898e+00
3.176917691769177043e+00,5.127131081600126095e+00
3.178317831783178171e+00,5.115767511105588028e+00
3.179717971797179743e+00,5.104416010080811361e+00
3.181118111811180871e+00,5.093076578584870617e+00
3.182518251825182443e+00,5.081749216653449253e+00
3.183918391839184014e+00,5.070433924297276462e+00
3.185318531853185142e+00,5.059130701503406158e+00
3.186718671867186714e+00,5.047839548235202756e+00
3.188118811881187842e+00,5.036560464432000117e+00
3.189518951895189414e+00,5.025293450008589957e+00
3.190919091909190985e+00,5.014038504856671352e+00
3.192319231923192113e+00,5.002795628843628606e+00
3.193719371937193685e+00,4.991564821812900732e+00
3.195119511951195257e+00,4.980346083584350936e+00
3.196519651965196385e+00,4.969139413953655549e+00
3.197919791979197957e+00,4.957944812693170888e+00
3.199319931993199084e+00,4.946762279551208508e+00
3.200720072007200656e+00,4.935591814252475729e+00
3.202120212021202228e+00,4.924433416497777216e+00
3.203520352035203356e+00,4.913287085964242351e+00
3.204920492049204928e+00,4.902152822305652080e+00
3.206320632063206055e+00,4.891030625151856270e+00
3.207720772077207627e+00,4.879920494109654783e+00
3.209120912091209199e+00,4.868822428761106380e+00
3.210521052105210327e+00,4.857736428665631934e+00
3.211921192119211899e+00,4.846662493358934398e+00
3.213321332133213026e+00,4.835600622353652511e+00
3.214721472147214598e+00,4.824550815137925497e+00
3.216121612161216170e+00,4.813513071177226266e+00
3.217521752175217298e+00,4.802487389913281390e+00
3.218921892189218870e+00,4.791473770764724804e+00
3.220322032203220441e+00,4.780472213126458314e+00
3.221722172217221569e+00,4.769482716370603725e+00
3.223122312231223141e+00,4.758505279845195446e+00
3.224522452245224269e+00,4.747539902875203666e+00
3.225922592259225841e+00,4.736586584762932262e+00
3.227322732273227412e+00,4.725645324786938772e+00
3.228722872287228540e+00,4.714716122202503357e+00
3.230123012301230112e+00,4.703798976241742480e+00
3.231523152315231240e+00,4.692893886114291035e+00
3.232923292329232812e+00,4.682000851005639674e+00
3.234323432343234384e+00,4.671119870078797476e+00
3.235723572357235511e+00,4.660250942473638247e+00
3.237123712371237083e+00,4.649394067306900524e+00
3.238523852385238655e+00,4.638549243672201783e+00
3.239923992399239783e+00,4.627716470640123703e+00
3.241324132413241355e+00,4.616895747259050609e+00
3.242724272427242482e+00,4.606087072553208372e+00
3.244124412441244054e+00,4.595290445524838674e+00
3.245524552455245626e+00,4.584505865153076343e+00
3.246924692469246754e+00,4.573733330393835672e+00
3.248324832483248326e+00,4.562972840180492540e+00
3.249724972497249453e+00,4.552224393423983884e+00
3.251125112511251025e+00,4.541487989011940840e+00
3.252525252525252597e+00,4.530763625809328232e+00
3.253925392539253725e+00,4.520051302658373515e+00
3.255325532553255297e+00,4.509351018379220477e+00
3.256725672567256424e+00,4.498662771768408675e+00
3.258125812581257996e+00,4.487986561600578739e+00
3.259525952595259568e+00,4.477322386627221817e+00
3.260926092609260696e+00,4.466670245577844867e+00
3.262326232623262268e+00,4.456030137158890625e+00
3.263726372637263839e+00,4.445402060054533422e+00
3.265126512651264967e+00,4.434786012926409171e+00
3.266526652665266539e+00,4.424181994413615371e+00
3.267926792679267667e+00,4.413590003133109008e+00
3.269326932693269239e+00,4.403010037678797062e+00
3.270727072707270811e+00,4.392442096623014436e+00
3.272127212721271938e+00,4.381886178515202346e+00
3.273527352735273510e+00,4.371342281882760972e+00
3.274927492749274638e+00,4.360810405230509446e+00
3.276327632763276210e+00,4.350290547041339551e+00
3.277727772777277782e+00,4.339782705775391491e+00
3.279127912791278909e+00,4.329286879871375504e+00
3.280528052805280481e+00,4.318803067745051294e+00
3.281928192819282053e+00,4.308331267790634911e+00
3.283328332833283181e+00,4.297871478379661880e+00
3.284728472847284753e+00,4.287423697862166705e+00
3.286128612861285880e+00,4.276987924565602839e+00
3.287528752875287452e+00,4.266564156795666918e+00
3.288928892889289024e+00,4.256152392836042964e+00
3.290329032903290152e+00,4.245752630948189221e+00
3.291729172917291724e+00,4.235364869371821328e+00
3.293129312931292851e+00,4.224989106325168109e+00
3.294529452945294423e+00,4.214625340003465226e+00
3.295929592959295995e+00,4.204273568581271547e+00
3.297329732973297123e+00,4.193933790210394363e+00
3.298729872987298695e+00,4.183606003021722586e+00
3.300130013001300266e+00,4.173290205123436181e+00
3.301530153015301394e+00,4.162986394602356199e+00
3.302930293029302966e+00,4.152694569524058466e+00
3.304330433043304094e+00,4.142414727931722496e+00
3.305730573057305666e+00,4.132146867846969940e+00
3.307130713071307238e+00,4.121890987270575124e+00
3.308530853085308365e+00,4.111647084180816591e+00
3.309930993099309937e+00,4.101415156534756079e+00
3.311331133113311065e+00,4.091195202267726927e+00
3.312731273127312637e+00,4.080987219293774615e+00
3.314131413141314209e+00,4.070791205505784660e+00
3.315531553155315336e+00,4.060607158774232062e+00
3.316931693169316908e+00,4.050435076949099766e+00
3.318331833183318036e+00,4.040274957858670746e+00
3.319731973197319608e+00,4.030126799309599051e+00
3.321132113211321180e+00,4.019990599087691407e+00
3.322532253225322307e+00,4.009866354956983514e+00
3.323932393239323879e+00,3.999754064660592690e+00
3.325332533253325451e+00,3.989653725920248917e+00
3.326732673267326579e+00,3.979565336436252210e+00
3.328132813281328151e+00,3.969488893888481584e+00
3.329532953295329278e+00,3.959424395934533436e+00
3.330933093309330850e+00,3.949371840212080542e+00
3.332333233323332422e+00,3.939331224336726223e+00
3.333733373337333550e+00,3.929302545903567534e+00
3.335133513351335122e+00,3.919285802486498937e+00
3.336533653365336249e+00,3.909280991638567571e+00
3.337933793379337821e+00,3.899288110891291126e+00
3.339333933393339393e+00,3.889307157755894195e+00
3.340734073407340521e+00,3.879338129722640360e+00
3.342134213421342093e+00,3.869381024260363233e+00
3.343534353435343665e+00,3.859435838818072284e+00
3.344934493449344792e+00,3.849502570822693315e+00
3.346334633463346364e+00,3.839581217681271141e+00
3.347734773477347492e+00,3.829671776779719039e+00
3.349134913491349064e+00,3.819774245483500863e+00
3.350535053505350636e+00,3.809888621136977349e+00
3.351935193519351763e+00,3.800014901064372452e+00
3.353335333533353335e+00,3.790153082568807008e+00
3.354735473547354463e+00,3.780303162932838745e+00
3.356135613561356035e+00,3.770465139418590184e+00
3.357535753575357607e+00,3.760639009267890742e+00
3.358935893589358734e+00,3.750824769701878836e+00
3.360336033603360306e+00,3.741022417920959242e+00
3.361736173617361434e+00,3.731231951105144162e+00
3.363136313631363006e+00,3.721453366414394281e+00
3.364536453645364578e+00,3.711686660988064546e+00
3.365936593659365705e+00,3.701931831944790474e+00
3.367336733673367277e+00,3.692188876383781349e+00
3.368736873687368849e+00,3.682457791383171752e+00
3.370137013701369977e+00,3.672738574000888434e+00
3.371537153715371549e+00,3.663031221275034000e+00
3.372937293729372676e+00,3.653335730223247424e+00
3.374337433743374248e+00,3.643652097842917215e+00
3.375737573757375820e+00,3.633980321111707212e+00
3.377137713771376948e+00,3.624320396986590254e+00
3.378537853785378520e+00,3.614672322404942406e+00
3.379937993799379647e+00,3.605036094283846637e+00
3.381338133813381219e+00,3.595411709520462296e+00
3.382738273827382791e+00,3.585799164992053534e+00
3.384138413841383919e+00,3.576198457555761934e+00
3.385538553855385491e+00,3.566609584048876513e+00
3.386938693869387063e+00,3.557032541288776883e+00
3.388338833883388190e+00,3.547467326073061145e+00
3.389738973897389762e+00,3.537913935179446412e+00
3.391139113911390890e+00,3.528372365366180929e+00
3.392539253925392462e+00,3.518842613371063521e+00
3.393939393939394034e+00,3.509324675912651514e+00
3.395339533953395161e+00,3.499818549689805991e+00
3.396739673967396733e+00,3.490324231381649156e+00
3.398139813981397861e+00,3.480841717647507494e+00
3.399539953995399433e+00,3.471371005127281251e+00
3.400940094009401005e+00,3.461912090441543910e+00
3.402340234023402132e+00,3.452464970190760596e+00
3.403740374037403704e+00,3.443029640956140724e+00
3.405140514051405276e+00,3.433606099299908010e+00
3.406540654065406404e+00,3.424194341764049909e+00
3.407940794079407976e+00,3.414794364871568177e+00
3.409340934093409103e+00,3.405406165126265705e+00
3.410741074107410675e+00,3.396029739011879656e+00
3.412141214121412247e+00,3.386665082993914666e+00
3.413541354135413375e+00,3.377312193517695960e+00
3.414941494149414947e+00,3.367971067009591479e+00
3.416341634163416074e+00,3.358641699876741882e+00
3.417741774177417646e+00,3.349324088507046326e+00
3.419141914191419218e+00,3.340018229269901440e+00
3.420542054205420346e+00,3.330724118514439169e+00
3.421942194219421918e+00,3.321441752571402617e+00
3.423342334233423045e+00,3.312171127752449706e+00
3.424742474247424617e+00,3.302912240350195816e+00
3.426142614261426189e+00,3.293665086638000616e+00
3.427542754275427317e+00,3.284429662870479660e+00
3.428942894289428889e+00,3.275205965283575438e+00
3.430343034303430461e+00,3.265993990093974730e+00
3.431743174317431588e+00,3.256793733499264931e+00
3.433143314331433160e+00,3.247605191679284076e+00
3.434543454345434288e+00,3.238428360793704996e+00
3.435943594359435860e+00,3.229263236983996421e+00
3.437343734373437432e+00,3.220109816373735612e+00
3.438743874387438559e+00,3.210968095066050410e+00
3.440144014401440131e+00,3.201838069146916155e+00
3.441544154415441259e+00,3.192719734683308275e+00
3.442944294429442831e+00,3.183613087723003332e+00
3.444344434443444403e+00,3.174518124296184851e+00
3.445744574457445530e+00,3.165434840413439588e+00
3.447144714471447102e+00,3.156363232067874947e+00
3.448544854485448674e+00,3.147303295233200515e+00
3.449944994499449802e+00,3.138255025865532843e+00
3.451345134513451374e+00,3.129218419901832249e+00
3.452745274527452501e+00,3.120193473261096528e+00
3.454145414541454073e+00,3.111180181844119375e+00
3.455545554555455645e+00,3.102178541533064049e+00
3.456945694569456773e+00,3.093188548192074450e+00
3.458345834583458345e+00,3.084210197666763520e+00
3.459745974597459472e+00,3.075243485785179587e+00
3.461146114611461044e+00,3.066288408355958950e+00
3.462546254625462616e+00,3.057344961171054365e+00
3.463946394639463744e+00,3.048413140003304989e+00
3.465346534653465316e+00,3.039492940607999572e+00
3.466746674667466444e+00,3.030584358722123284e+00
3.468146814681468015e+00,3.021687390064698775e+00
3.469546954695469587e+00,3.012802030336658277e+00
3.470947094709470715e+00,3.003928275221426247e+00
3.472347234723472287e+00,2.995066120384066721e+00
3.473747374737473859e+00,2.986215561472135960e+00
3.475147514751474986e+00,2.977376594114787167e+00
3.476547654765476558e+00,2.968549213924092101e+00
3.477947794779477686e+00,2.959733416493932623e+00
3.479347934793479258e+00,2.950929197400483872e+00
3.480748074807480830e+00,2.942136552202100575e+00
3.482148214821481957e+00,2.933355476439686527e+00
3.483548354835483529e+00,2.924585965636282481e+00
3.484948494849484657e+00,2.915828015297435627e+00
3.486348634863486229e+00,2.907081620911910136e+00
3.487748774877487801e+00,2.898346777949271313e+00
3.489148914891488928e+00,2.889623481862500398e+00
3.490549054905490500e+00,2.880911728087809820e+00
3.491949194919492072e+00,2.872211512042468939e+00
3.493349334933493200e+00,2.863522829127234104e+00
3.494749474947494772e+00,2.854845674725680738e+00
3.496149614961495899e+00,2.846180044203720172e+00
3.497549754975497471e+00,2.837525932909770177e+00
3.498949894989499043e+00,2.828883336175323393e+00
3.500350035003500171e+00,2.820252249314307846e+00
3.501750175017501743e+00,2.811632667623612747e+00
3.503150315031502871e+00,2.803024586383173755e+00
3.504550455045504442e+00,2.794428000855504024e+00
3.505950595059506014e+00,2.785842906285964204e+00
3.507350735073507142e+00,2.777269297903458778e+00
3.508750875087508714e+00,2.768707170918716542e+00
3.510151015101509842e+00,2.760156520526393820e+00
3.511551155115511413e+00,2.751617341904051273e+00
3.512951295129512985e+00,2.743089630212026009e+00
3.514351435143514113e+00,2.734573380593673164e+00
3.515751575157515685e+00,2.726068588176289609e+00
3.517151715171517257e+00,2.717575248069493909e+00
3.518551855185518384e+00,2.709093355365894240e+00
3.519951995199519956e+00,2.700622905142466834e+00
3.521352135213521084e+00,2.692163892458324881e+00
3.522752275227522656e+00,2.683716312356779099e+00
3.524152415241524228e+00,2.675280159863859808e+00
3.525552555255525355e+00,2.666855429989269055e+00
3.526952695269526927e+00,2.658442117725456910e+00
3.528352835283528055e+00,2.650040218049966256e+00
3.529752975297529627e+00,2.641649725921638492e+00
3.531153115311531199e+00,2.633270636284166244e+00
3.532553255325532326e+00,2.624902944064871235e+00
3.533953395339533898e+00,2.616546644174206904e+00
3.535353535353535470e+00,2.608201731505943144e+00
3.536753675367536598e+00,2.599868200938416862e+00
3.538153815381538170e+00,2.591546047332457192e+00
3.539553955395539298e+00,2.583235265533787128e+00
3.540954095409540869e+00,2.574935850371119272e+00
3.542354235423542441e+00,2.566647796657022695e+00
3.543754375437543569e+00,2.558371099188448738e+00
3.545154515451545141e+00,2.550105752745253085e+00
3.546554655465546269e+00,2.541851752091872640e+00
3.547954795479547840e+00,2.533609091976614991e+00
3.549354935493549412e+00,2.525377767131402607e+00
3.550755075507550540e+00,2.517157772272611282e+00
3.552155215521552112e+00,2.508949102100203277e+00
3.553555355535553684e+00,2.500751751298039949e+00
3.554955495549554811e+00,2.492565714535047050e+00
3.556355635563556383e+00,2.484390986463111517e+00
3.557755775577557511e+00,2.476227561718786774e+00
3.559155915591559083e+00,2.468075434923207467e+00
3.560556055605560655e+00,2.459934600680824701e+00
3.561956195619561782e+00,2.451805053581196603e+00
3.563356335633563354e+00,2.443686788197936721e+00
3.564756475647564482e+00,2.435579799088472441e+00
3.566156615661566054e+00,2.427484080795395016e+00
3.567556755675567626e+00,2.419399627845081113e+00
3.568956895689568753e+00,2.411326434748787051e+00
3.570357035703570325e+00,2.403264496001810357e+00
3.571757175717571453e+00,2.395213806084214525e+00
3.573157315731573025e+00,2.387174359460729534e+00
3.574557455745574597e+00,2.379146150580112362e+00
3.575957595759575725e+00,2.371129173876440177e+00
3.577357735773577296e+00,2.363123423767831355e+00
3.578757875787578868e+00,2.355128894657411820e+00
3.580158015801579996e+00,2.347145580932874509e+00
3.581558155815581568e+00,2.339173476966777798e+00
3.582958295829582696e+00,2.331212577116431817e+00
3.584358435843584267e+00,2.323262875723770549e+00
3.585758575857585839e+00,2.315324367115792370e+00
3.587158715871586967e+00,2.307397045604389518e+00
3.588558855885588539e+00,2.299480905485992821e+00
3.589958995899589667e+00,2.291575941042481190e+00
3.591359135913591238e+00,2.283682146540584768e+00
3.592759275927592810e+00,2.275799516231927555e+00
3.594159415941593938e+00,2.267928044353084260e+00
3.595559555955595510e+00,2.260067725125992411e+00
3.596959695969597082e+00,2.252218552757611292e+00
3.598359835983598209e+00,2.244380521440049847e+00
3.599759975997599781e+00,2.236553625350708785e+00
3.601160116011600909e+00,2.228737858651584247e+00
3.602560256025602481e+00,2.220933215491328383e+00
3.603960396039604053e+00,2.213139690002392967e+00
3.605360536053605180e+00,2.205357276303217873e+00
3.606760676067606752e+00,2.197585968497975273e+00
3.608160816081607880e+00,2.189825760675432775e+00
3.609560956095609452e+00,2.182076646910516615e+00
3.610961096109611024e+00,2.174338621263231630e+00
3.612361236123612152e+00,2.166611677779215483e+00
3.613761376137613723e+00,2.158895810489525502e+00
3.615161516151614851e+00,2.151191013410866049e+00
3.616561656165616423e+00,2.143497280545659578e+00
3.617961796179617995e+00,2.135814605881847683e+00
3.619361936193619123e+00,2.128142983393203735e+00
3.620762076207620694e+00,2.120482407038949191e+00
3.622162216221622266e+00,2.112832870764179916e+00
3.623562356235623394e+00,2.105194368499994084e+00
3.624962496249624966e+00,2.097566894163165330e+00
3.626362636263626094e+00,2.089950441655815894e+00
3.627762776277627665e+00,2.082345004867079297e+00
3.629162916291629237e+00,2.074750577671011342e+00
3.630563056305630365e+00,2.067167153927854883e+00
3.631963196319631937e+00,2.059594727484238774e+00
3.633363336333633065e+00,2.052033292172211532e+00
3.634763476347634636e+00,2.044482841810619789e+00
3.636163616361636208e+00,2.036943370203900372e+00
3.637563756375637336e+00,2.029414871142449783e+00
3.638963896389638908e+00,2.021897338403817912e+00
3.640364036403640480e+00,2.014390765750377454e+00
3.641764176417641607e+00,2.006895146931640284e+00
3.643164316431643179e+00,1.999410475683234267e+00
3.644564456445644307e+00,1.991936745727130642e+00
3.645964596459645879e+00,1.984473950771473483e+00
3.647364736473647451e+00,1.977022084510593913e+00
3.648764876487648579e+00,1.969581140626090132e+00
3.650165016501650150e+00,1.962151112785079476e+00
3.651565156515651278e+00,1.954731994641491610e+00
3.652965296529652850e+00,1.947323779836025892e+00
3.654365436543654422e+00,1.939926461995582940e+00
3.655765576557655550e+00,1.932540034733676748e+00
3.657165716571657121e+00,1.925164491650988907e+00
3.658565856585658693e+00,1.917799826333819624e+00
3.659965996599659821e+00,1.910446032356389878e+00
3.661366136613661393e+00,1.903103103278425579e+00
3.662766276627662521e+00,1.895771032647488141e+00
3.664166416641664092e+00,1.888449813997468141e+00
3.665566556655665664e+00,1.881139440848826894e+00
3.666966696669666792e+00,1.873839906709392267e+00
3.668366836683668364e+00,1.866551205073463393e+00
3.669766976697669492e+00,1.859273329422734378e+00
3.671167116711671063e+00,1.852006273225583755e+00
3.672567256725672635e+00,1.844750029937401337e+00
3.673967396739673763e+00,1.837504593000502950e+00
3.675367536753675335e+00,1.830269955844869401e+00
3.676767676767676463e+00,1.823046111886867493e+00
3.678167816781678034e+00,1.815833054530514801e+00
3.679567956795679606e+00,1.808630777166470693e+00
3.680968096809680734e+00,1.801439273173599531e+00
3.682368236823682306e+00,1.794258535916753772e+00
3.683768376837683878e+00,1.787088558749118761e+00
3.685168516851685006e+00,1.779929335010891123e+00
3.686568656865686577e+00,1.772780858029065598e+00
3.687968796879687705e+00,1.765643121118770864e+00
3.689368936893689277e+00,1.758516117582757943e+00
3.690769076907690849e+00,1.751399840710234912e+00
3.692169216921691977e+00,1.744294283778771160e+00
3.693569356935693548e+00,1.737199440052805244e+00
3.694969496949694676e+00,1.730115302785108611e+00
3.696369636963696248e+00,1.723041865215620305e+00
3.697769776977697820e+00,1.715979120572086458e+00
3.699169916991698948e+00,1.708927062069676595e+00
3.700570057005700519e+00,1.701885682911068898e+00
3.701970197019702091e+00,1.694854976287786030e+00
3.703370337033703219e+00,1.687834935377836132e+00
3.704770477047704791e+00,1.680825553347602863e+00
3.706170617061705919e+00,1.673826823351731719e+00
3.707570757075707490e+00,1.666838738532050002e+00
3.708970897089709062e+00,1.659861292018661061e+00
3.710371037103710190e+00,1.652894476929432699e+00
3.711771177117711762e+00,1.645938286370807191e+00
3.713171317131712890e+00,1.638992713436323356e+00
3.714571457145714461e+00,1.632057751208265017e+00
3.715971597159716033e+00,1.625133392756879402e+00
3.717371737173717161e+00,1.618219631140419779e+00
3.718771877187718733e+00,1.611316459405514934e+00
3.720172017201719861e+00,1.604423870586700218e+00
3.721572157215721433e+00,1.597541857707170720e+00
3.722972297229723004e+00,1.590670413777928616e+00
3.724372437243724132e+00,1.583809531798493708e+00
3.725772577257725704e+00,1.576959204756917643e+00
3.727172717271727276e+00,1.570119425629457055e+00
3.728572857285728404e+00,1.563290187380630414e+00
3.729972997299729975e+00,1.556471482963743824e+00
3.731373137313731103e+00,1.549663305320180484e+00
3.732773277327732675e+00,1.542865647380381233e+00
3.734173417341734247e+00,1.536078502062807161e+00
3.735573557355735375e+00,1.529301862274763835e+00
3.736973697369736946e+00,1.522535720912458146e+00
3.738373837383738074e+00,1.515780070859847228e+00
3.739773977397739646e+00,1.509034904990883774e+00
3.741174117411741218e+00,1.502300216167114399e+00
3.742574257425742346e+00,1.495575997239640742e+00
3.743974397439743917e+00,1.488862241047925750e+00
3.745374537453745489e+00,1.482158940420049476e+00
3.746774677467746617e+00,1.475466088173746471e+00
3.748174817481748189e+00,1.468783677114885222e+00
3.749574957495749317e+00,1.462111700039088191e+00
3.750975097509750888e+00,1.455450149729927034e+00
3.752375237523752460e+00,1.448799018960954754e+00
3.753775377537753588e+00,1.442158300493744605e+00
3.755175517551755160e+00,1.435527987080305934e+00
3.756575657565756288e+00,1.428908071460583074e+00
3.757975797579757860e+00,1.422298546364388017e+00
3.759375937593759431e+00,1.415699404509737747e+00
3.760776077607760559e+00,1.409110638605724830e+00
3.762176217621762131e+00,1.402532241348339426e+00
3.763576357635763259e+00,1.395964205424860438e+00
3.764976497649764831e+00,1.389406523511240721e+00
3.766376637663766402e+00,1.382859188272050233e+00
3.767776777677767530e+00,1.376322192362167129e+00
3.769176917691769102e+00,1.369795528425754583e+00
3.770577057705770674e+00,1.363279189096118671e+00
3.771977197719771802e+00,1.356773166996092073e+00
3.773377337733773373e+00,1.350277454738744609e+00
3.774777477747774501e+00,1.343792044925848472e+00
3.776177617761776073e+00,1.337316930148944039e+00
3.777577757775777645e+00,1.330852102989737773e+00
3.778977897789778773e+00,1.324397556019079047e+00
3.780378037803780344e+00,1.317953281798054377e+00
3.781778177817781472e+00,1.311519272876495279e+00
3.783178317831783044e+00,1.305095521795394120e+00
3.784578457845784616e+00,1.298682021084275107e+00
3.785978597859785744e+00,1.292278763263652763e+00
3.787378737873787315e+00,1.285885740843141889e+00
3.788778877887788887e+00,1.279502946322395474e+00
3.790179017901790015e+00,1.273130372191118909e+00
3.791579157915791587e+00,1.266768010929595789e+00
3.792979297929792715e+00,1.260415855006641550e+00
3.794379437943794287e+00,1.254073896882985650e+00
3.795779577957795858e+00,1.247742129007988865e+00
3.797179717971796986e+00,1.241420543821831757e+00
3.798579857985798558e+00,1.235109133754832555e+00
3.799979997999799686e+00,1.228807891227432947e+00
3.801380138013801258e+00,1.222516808650254916e+00
3.802780278027802829e+00,1.216235878424313910e+00
3.804180418041803957e+00,1.209965092940706199e+00
3.805580558055805529e+00,1.203704444581333632e+00
3.806980698069807101e+00,1.197453925717510970e+00
3.808380838083808229e+00,1.191213528712253833e+00
3.809780978097809800e+00,1.184983245917976546e+00
3.811181118111810928e+00,1.178763069678282704e+00
3.812581258125812500e+00,1.172552992327041466e+00
3.813981398139814072e+00,1.166353006188344921e+00
3.815381538153815200e+00,1.160163103577360744e+00
3.816781678167816771e+00,1.153983276799635860e+00
3.818181818181817899e+00,1.147813518151338030e+00
3.819581958195819471e+00,1.141653819919639545e+00
3.820982098209821043e+00,1.135504174381807729e+00
3.822382238223822171e+00,1.129364573806427074e+00
3.823782378237823742e+00,1.123235010453043969e+00
3.825182518251824870e+00,1.117115476571555632e+00
3.826582658265826442e+00,1.111005964402522750e+00
3.827982798279828014e+00,1.104906466177979496e+00
3.829382938293829142e+00,1.098816974120708778e+00
3.830783078307830714e+00,1.092737480444597509e+00
3.832183218321832285e+00,1.086667977354025538e+00
3.833583358335833413e+00,1.080608457044831994e+00
3.834983498349834985e+00,1.074558911704357911e+00
3.836383638363836113e+00,1.068519333509470925e+00
3.837783778377837685e+00,1.062489714630331150e+00
3.839183918391839256e+00,1.056470047226710562e+00
3.840584058405840384e+00,1.050460323450053579e+00
3.841984198419841956e+00,1.044460535443192839e+00
3.843384338433843084e+00,1.038470675340036564e+00
3.844784478447844656e+00,1.032490735266023307e+00
3.846184618461846227e+00,1.026520707337752469e+00
3.847584758475847355e+00,1.020560583663254306e+00
3.848984898489848927e+00,1.014610356341904662e+00
3.850385038503850499e+00,1.008670017464950774e+00
3.851785178517851627e+00,1.002739559114203871e+00
3.853185318531853198e+00,9.968189733642134343e-01
3.854585458545854326e+00,9.909082522801639925e-01
3.855985598559855898e+00,9.850073879192393633e-01
3.857385738573857470e+00,9.791163723300968513e-01
3.858785878587858598e+00,9.732351975528388266e-01
3.860186018601860169e+00,9.673638556200359062e-01
3.861586158615861297e+00,9.615023385551211277e-01
3.862986298629862869e+00,9.556506383737826127e-01
3.864386438643864441e+00,9.498087470835514523e-01
3.865786578657865569e+00,9.439766566830485317e-01
3.867186718671867141e+00,9.381543591637750978e-01
3.868586858685868268e+00,9.323418465086916740e-01
3.869986998699869840e+00,9.265391106925164877e-01
3.871387138713871412e+00,9.207461436822512724e-01
3.872787278727872540e+00,9.149629374365275680e-01
3.874187418741874112e+00,9.091894839064735834e-01
3.875587558755875683e+00,9.034257750351031291e-01
3.876987698769876811e+00,8.976718027573724612e-01
3.878387838783878383e+00,8.919275590004360765e-01
3.879787978797879511e+00,8.861930356836751344e-01
3.881188118811881083e+00,8.804682247191095712e-01
3.882588258825882654e+00,8.747531180098491177e-01
3.883988398839883782e+00,8.690477074527223067e-01
3.885388538853885354e+00,8.633519849358890497e-01
3.886788678867886482e+00,8.576659423400485593e-01
3.888188818881888054e+00,8.519895715386098800e-01
3.889588958895889625e+00,8.463228643969102905e-01
3.890989098909890753e+00,8.406658127731247987e-01
3.892389238923892325e+00,8.350184085177545512e-01
3.893789378937893897e+00,8.293806434739110500e-01
3.895189518951895025e+00,8.237525094768329836e-01
3.896589658965896596e+00,8.181339983551083606e-01
3.897989798979897724e+00,8.125251019293386889e-01
3.899389938993899296e+00,8.069258120132616341e-01
3.900790079007900868e+00,8.013361204123441439e-01
3.902190219021901996e+00,7.957560189259709205e-01
3.903590359035903568e+00,7.901854993457675391e-01
3.904990499049904695e+00,7.846245534557567680e-01
3.906390639063906267e+00,7.790731730335238581e-01
3.907790779077907839e+00,7.735313498489801987e-01
3.909190919091908967e+00,7.679990756651022821e-01
3.910591059105910539e+00,7.624763422377185407e-01
3.911991199119912110e+00,7.569631413158361966e-01
3.913391339133913238e+00,7.514594646412007251e-01
3.914791479147914810e+00,7.459653039487932347e-01
3.916191619161915938e+00,7.404806509663899305e-01
3.917591759175917510e+00,7.350054974150168619e-01
3.918991899189919081e+00,7.295398350089925543e-01
3.920392039203920209e+00,7.240836554556437932e-01
3.921792179217921781e+00,7.186369504551208820e-01
3.923192319231922909e+00,7.131997117016055654e-01
3.924592459245924481e+00,7.077719308816483590e-01
3.925992599259926052e+00,7.023535996760017497e-01
3.927392739273927180e+00,6.969447097580143691e-01
3.928792879287928752e+00,6.915452527948247052e-01
3.930193019301929880e+00,6.861552204467216143e-01
3.931593159315931452e+00,6.807746043677127545e-01
3.932993299329933024e+00,6.754033962046293027e-01
3.934393439343934151e+00,6.700415875986465153e-01
3.935793579357935723e+00,6.646891701839763300e-01
3.937193719371937295e+00,6.593461355885210651e-01
3.938593859385938423e+00,6.540124754339871060e-01
3.939993999399939995e+00,6.486881813349612003e-01
3.941394139413941122e+00,6.433732449005447052e-01
3.942794279427942694e+00,6.380676577332309307e-01
3.944194419441944266e+00,6.327714114289193503e-01
3.945594559455945394e+00,6.274844975780666800e-01
3.946994699469946966e+00,6.222069077641947388e-01
3.948394839483948093e+00,6.169386335647715214e-01
3.949794979497949665e+00,6.116796665514527831e-01
3.951195119511951237e+00,6.064299982897978225e-01
3.952595259525952365e+00,6.011896203382178783e-01
3.953995399539953937e+00,5.959585242513298908e-01
3.955395539553955508e+00,5.907367015751532335e-01
3.956795679567956636e+00,5.855241438518277164e-01
3.958195819581958208e+00,5.803208426161745592e-01
3.959595959595959336e+00,5.751267893981548696e-01
3.960996099609960908e+00,5.699419757210648640e-01
3.962396239623962479e+00,5.647663931025732609e-01
3.963796379637963607e+00,5.596000330547212798e-01
3.965196519651965179e+00,5.544428870839794854e-01
3.966596659665966307e+00,5.492949466903525035e-01
3.967996799679967879e+00,5.441562033688143174e-01
3.969396939693969451e+00,5.390266486082140318e-01
3.970797079707970578e+00,5.339062738926543261e-01
3.972197219721972150e+00,5.287950706993029826e-01
3.973597359735973278e+00,5.236930305006097797e-01
3.974997499749974850e+00,5.186001447631980454e-01
3.976397639763976422e+00,5.135164049487030979e-01
3.977797779777977549e+00,5.084418025122374729e-01
3.979197919791979121e+00,5.033763289046362388e-01
3.980598059805980693e+00,4.983199755708653811e-01
3.981998199819981821e+00,4.932727339498086394e-01
3.983398339833983393e+00,4.882345954764133467e-01
3.984798479847984520e+00,4.832055515790898426e-01
3.986198619861986092e+00,4.781855936814309871e-01
3.987598759875987664e+00,4.731747132022263713e-01
3.988998899889988792e+00,4.681729015542543948e-01
3.990399039903990364e+00,4.631801501456465076e-01
3.991799179917991491e+00,4.581964503790487697e-01
3.993199319931993063e+00,4.532217936523608159e-01
3.994599459945994635e+00,4.482561713579258367e-01
3.995999599959995763e+00,4.432995748839658745e-01
3.997399739973997335e+00,4.383519956125496719e-01
3.998799879987998906e+00,4.334134249214969259e-01
4.000200020002000478e+00,4.284838541830851000e-01
4.001600160016001162e+00,4.235632747653852448e-01
4.003000300030002734e+00,4.186516780313667141e-01
4.004400440044004306e+00,4.137490553388403214e-01
4.005800580058005878e+00,4.088553980409557198e-01
4.007200720072007449e+00,4.039706974858461308e-01
4.008600860086008133e+00,3.990949450177510016e-01
4.010001000100009705e+00,3.942281319750549073e-01
4.011401140114011277e+00,3.893702496921633838e-01
4.012801280128012849e+00,3.845212894987639629e-01
4.014201420142014420e+00,3.796812427196698536e-01
4.015601560156015104e+00,3.748501006751752129e-01
4.017001700170016676e+00,3.700278546810977787e-01
4.018401840184018248e+00,3.652144960489351888e-01
4.019801980198019820e+00,3.604100160847281131e-01
4.021202120212021391e+00,3.556144060914050442e-01
4.022602260226022075e+00,3.508276573668922538e-01
4.024002400240023647e+00,3.460497612041990578e-01
4.025402540254025219e+00,3.412807088926683718e-01
4.026802680268026791e+00,3.365204917170245835e-01
4.028202820282028362e+00,3.317691009577714567e-01
4.029602960296029934e+00,3.270265278909505469e-01
4.031003100310030618e+00,3.222927637885248942e-01
4.032403240324032190e+00,3.175677999181374389e-01
4.033803380338033762e+00,3.128516275434662930e-01
4.035203520352035333e+00,3.081442379239547336e-01
4.036603660366036905e+00,3.034456223146833054e-01
4.038003800380037589e+00,2.987557719669240441e-01
4.039403940394039161e+00,2.940746781278704702e-01
4.040804080408040733e+00,2.894023320405665345e-01
4.042204220422042305e+00,2.847387249442761004e-01
4.043604360436043876e+00,2.800838480742697811e-01
4.045004500450044560e+00,2.754376926614412469e-01
4.046404640464046132e+00,2.708002499336004121e-01
4.047804780478047704e+00,2.661715111138960310e-01
4.049204920492049276e+00,2.615514674223220482e-01
4.050605060506050847e+00,2.569401100745096755e-01
4.052005200520051531e+00,2.523374302826084659e-01
4.053405340534053103e+00,2.477434192550873604e-01
4.054805480548054675e+00,2.431580681968057434e-01
4.056205620562056247e+00,2.385813683082176340e-01
4.057605760576057818e+00,2.340133107872333085e-01
4.059005900590058502e+00,2.294538868274003107e-01
4.060406040604060074e+00,2.249030876189834771e-01
4.061806180618061646e+00,2.203609043483254482e-01
4.063206320632063218e+00,2.158273281988130066e-01
4.064606460646064789e+00,2.113023503502233780e-01
4.066006600660065473e+00,2.067859619784542247e-01
4.067406740674067045e+00,2.022781542562910317e-01
4.068806880688068617e+00,1.977789183530518358e-01
4.070207020702070189e+00,1.932882454349140744e-01
4.071607160716071760e+00,1.888061266645451042e-01
4.073007300730073332e+00,1.843325532012016765e-01
4.074407440744074016e+00,1.798675162011136308e-01
4.075807580758075588e+00,1.754110068169723036e-01
4.077207720772077160e+00,1.709630161986837038e-01
4.078607860786078732e+00,1.665235354926863920e-01
4.080008000800080303e+00,1.620925558420509560e-01
4.081408140814080987e+00,1.576700683874463493e-01
4.082808280828082559e+00,1.532560642656903838e-01
4.084208420842084131e+00,1.488505346111566041e-01
4.085608560856085703e+00,1.444534705547226849e-01
4.087008700870087274e+00,1.400648632244951841e-01
4.088408840884087958e+00,1.356847037458663863e-01
4.089808980898089530e+00,1.313129832408748143e-01
4.091209120912091102e+00,1.269496928286741877e-01
4.092609260926092674e+00,1.225948236260308022e-01
4.094009400940094245e+00,1.182483667460871857e-01
4.095409540954094929e+00,1.139103133003231960e-01
4.096809680968096501e+00,1.095806543960833324e-01
4.098209820982098073e+00,1.052593811391773215e-01
4.099609960996099645e+00,1.009464846317058573e-01
4.101010101010101216e+00,9.664195597403590909e-02
4.102410241024101900e+00,9.234578626309541960e-02
4.103810381038103472e+00,8.805796659352438382e-02
4.105210521052105044e+00,8.377848805727694526e-02
4.106610661066106616e+00,7.950734174387719122e-02
4.108010801080108187e+00,7.524451874029125520e-02
4.109410941094108871e+00,7.099001013089889511e-02
4.110811081108110443e+00,6.674380699750770418e-02
4.112211221122112015e+00,6.250590041992154511e-02
4.113611361136113587e+00,5.827628147497421196e-02
4.115011501150115159e+00,5.405494123739629231e-02
4.116411641164116730e+00,4.984187077934620902e-02
4.117811781178117414e+00,4.563706117120602812e-02
4.119211921192118986e+00,4.144050348065775324e-02
4.120612061206120558e+00,3.725218877302438614e-02
4.122012201220122130e+00,3.307210811141203521e-02
4.123412341234123701e+00,2.890025255715045205e-02
4.124812481248124385e+00,2.473661316889774753e-02
4.126212621262125957e+00,2.058118100360672997e-02
4.127612761276127529e+00,1.643394711554435617e-02
4.129012901290129101e+00,1.229490255742859972e-02
4.130413041304130672e+00,8.164038379646854082e-03
4.131813181318131356e+00,4.041345630739101580e-03
4.133213321332132928e+00,-7.318464292893622769e-05
4.134613461346134500e+00,-4.179561396995268296e-03
4.136013601360136072e+00,-8.277793588732151875e-03
4.137413741374137643e+00,-1.236789017755768327e-02
4.138813881388138327e+00,-1.644986012473736992e-02
4.140214021402139899e+00,-2.052371239373940170e-02
4.141614161416141471e+00,-2.458945594872830043e-02
4.143014301430143043e+00,-2.864709975705181932e-02
4.144414441444144614e+00,-3.269665278682509779e-02
4.145814581458145298e+00,-3.673812400852227711e-02
4.147214721472146870e+00,-4.077152239375436693e-02
4.148614861486148442e+00,-4.479685691629242683e-02
4.150015001500150014e+00,-4.881413655120070416e-02
4.151415141514151586e+00,-5.282337027531980311e-02
4.152815281528152269e+00,-5.682456706753669096e-02
4.154215421542153841e+00,-6.081773590717887146e-02
4.155615561556155413e+00,-6.480288577616022394e-02
4.157015701570156985e+00,-6.878002565730412243e-02
4.158415841584158557e+00,-7.274916453506818925e-02
4.159815981598160128e+00,-7.671031139557271672e-02
4.161216121612160812e+00,-8.066347522581907015e-02
4.162616261626162384e+00,-8.460866501479813451e-02
4.164016401640163956e+00,-8.854588975238186777e-02
4.165416541654165528e+00,-9.247515843014753045e-02
4.166816681668167099e+00,-9.639648004080925148e-02
4.168216821682167783e+00,-1.003098635778911785e-01
4.169616961696169355e+00,-1.042153180370917198e-01
4.171017101710170927e+00,-1.081128524144787661e-01
4.172417241724172499e+00,-1.120024757079960409e-01
4.173817381738174070e+00,-1.158841969161841234e-01
4.175217521752174754e+00,-1.197580250388909917e-01
4.176617661766176326e+00,-1.236239690769735944e-01
4.178017801780177898e+00,-1.274820380328094416e-01
4.179417941794179470e+00,-1.313322409090602605e-01
4.180818081808181041e+00,-1.351745867103346654e-01
4.182218221822181725e+00,-1.390090844411844273e-01
4.183618361836183297e+00,-1.428357431080371498e-01
4.185018501850184869e+00,-1.466545717175904429e-01
4.186418641864186441e+00,-1.504655792779061585e-01
4.187818781878188013e+00,-1.542687747976003720e-01
4.189218921892188696e+00,-1.580641672861702318e-01
4.190619061906190268e+00,-1.618517657544344956e-01
4.192019201920191840e+00,-1.656315792130982345e-01
4.193419341934193412e+00,-1.694036166742733940e-01
4.194819481948194984e+00,-1.731678871507824624e-01
4.196219621962196555e+00,-1.769243996555047715e-01
4.197619761976197239e+00,-1.806731632030533774e-01
4.199019901990198811e+00,-1.844141868080839686e-01
4.200420042004200383e+00,-1.881474794854796073e-01
4.201820182018201955e+00,-1.918730502517149716e-01
4.203220322032203526e+00,-1.955909081227957813e-01
4.204620462046204210e+00,-1.993010621161772633e-01
4.206020602060205782e+00,-2.030035212488456864e-01
4.207420742074207354e+00,-2.066982945394642002e-01
4.208820882088208926e+00,-2.103853910061417309e-01
4.210221022102210497e+00,-2.140648196677545911e-01
4.211621162116211181e+00,-2.177365895437333165e-01
4.213021302130212753e+00,-2.214007096537500274e-01
4.214421442144214325e+00,-2.250571890176757961e-01
4.215821582158215897e+00,-2.287060366558222313e-01
4.217221722172217468e+00,-2.323472615891262194e-01
4.218621862186218152e+00,-2.359808728382688514e-01
4.220022002200219724e+00,-2.396068794244854416e-01
4.221422142214221296e+00,-2.432252903689970935e-01
4.222822282228222868e+00,-2.468361146932238626e-01
4.224222422242224440e+00,-2.504393614190547623e-01
4.225622562256225123e+00,-2.540350395682651197e-01
4.227022702270226695e+00,-2.576231581628150025e-01
4.228422842284228267e+00,-2.612037262245081592e-01
4.229822982298229839e+00,-2.647767527757309836e-01
4.231223122312231411e+00,-2.683422468379887960e-01
4.232623262326232094e+00,-2.719002174336395683e-01
4.234023402340233666e+00,-2.754506735851549593e-01
4.235423542354235238e+00,-2.789936243136423855e-01
4.236823682368236810e+00,-2.825290786413887645e-01
4.238223822382238382e+00,-2.860570455902262665e-01
4.239623962396239953e+00,-2.895775341817738990e-01
4.241024102410240637e+00,-2.930905534373664523e-01
4.242424242424242209e+00,-2.965961123783102948e-01
4.243824382438243781e+00,-3.000942200255423131e-01
4.245224522452245353e+00,-3.035848854000846586e-01
4.246624662466246924e+00,-3.070681175227605308e-01
4.248024802480247608e+00,-3.105439254128015136e-01
4.249424942494249180e+00,-3.140123180911444933e-01
4.250825082508250752e+00,-3.174733045768221018e-01
4.252225222522252324e+00,-3.209268938892364531e-01
4.253625362536253895e+00,-3.243730950468801666e-01
4.255025502550254579e+00,-3.278119170685442896e-01
4.256425642564256151e+00,-3.312433689718972118e-01
4.257825782578257723e+00,-3.346674597740957324e-01
4.259225922592259295e+00,-3.380841984926519217e-01
4.260626062606260867e+00,-3.414935941435857103e-01
4.262026202620261550e+00,-3.448956557428886072e-01
4.263426342634263122e+00,-3.482903923054578854e-01
4.264826482648264694e+00,-3.516778128460487096e-01
4.266226622662266266e+00,-3.550579263789472861e-01
4.267626762676267838e+00,-3.584307419174592724e-01
4.269026902690268521e+00,-3.617962684740945178e-01
4.270427042704270093e+00,-3.651545150606096968e-01
4.271827182718271665e+00,-3.685054906884062120e-01
4.273227322732273237e+00,-3.718492043680470260e-01
4.274627462746274809e+00,-3.751856651089724437e-01
4.276027602760275492e+00,-3.785148819200969683e-01
4.277427742774277064e+00,-3.818368638095961387e-01
4.278827882788278636e+00,-3.851516197840965106e-01
4.280228022802280208e+00,-3.884591588503809589e-01
4.281628162816281780e+00,-3.917594900134844238e-01
4.283028302830283351e+00,-3.950526222778449892e-01
4.284428442844284035e+00,-3.983385646469486119e-01
4.285828582858285607e+00,-4.016173261231301694e-01
4.287228722872287179e+00,-4.048889157079713641e-01
4.288628862886288751e+00,-4.081533424018033429e-01
4.290029002900290322e+00,-4.114106152037493302e-01
4.291429142914291006e+00,-4.146607431122930620e-01
4.292829282928292578e+00,-4.179037351240850739e-01
4.294229422942294150e+00,-4.211396002357332691e-01
4.295629562956295722e+00,-4.243683474414723378e-01
4.297029702970297294e+00,-4.275899857351106448e-01
4.298429842984297977e+00,-4.308045241090212585e-01
4.299829982998299549e+00,-4.340119715543835355e-01
4.301230123012301121e+00,-4.372123370611689097e-01
4.302630263026302693e+00,-4.404056296177429886e-01
4.304030403040304265e+00,-4.435918582115760955e-01
4.305430543054304948e+00,-4.467710318285895710e-01
4.306830683068306520e+00,-4.499431594532978806e-01
4.308230823082308092e+00,-4.531082500689791459e-01
4.309630963096309664e+00,-4.562663126573625050e-01
4.311031103110311236e+00,-4.594173561986991672e-01
4.312431243124311919e+00,-4.625613896722171603e-01
4.313831383138313491e+00,-4.656984220549986730e-01
4.315231523152315063e+00,-4.688284623229606041e-01
4.316631663166316635e+00,-4.719515194505845557e-01
4.318031803180318207e+00,-4.750676024107036710e-01
4.319431943194318890e+00,-4.781767201743889473e-01
4.320832083208320462e+00,-4.812788817116171458e-01
4.322232223222322034e+00,-4.843740959898923393e-01
4.323632363236323606e+00,-4.874623719759085816e-01
4.325032503250325178e+00,-4.905437186341856659e-01
4.326432643264326749e+00,-4.936181449279217759e-01
4.327832783278327433e+00,-4.966856598179703042e-01
4.329232923292329005e+00,-4.997462722641756727e-01
4.330633063306330577e+00,-5.027999912240943559e-01
4.332033203320332149e+00,-5.058468256538475316e-01
4.333433343334333721e+00,-5.088867845071689544e-01
4.334833483348334404e+00,-5.119198767369823599e-01
4.336233623362335976e+00,-5.149461112931135176e-01
4.337633763376337548e+00,-5.179654971240523764e-01
4.339033903390339120e+00,-5.209780431771804388e-01
4.340434043404340692e+00,-5.239837583964117584e-01
4.341834183418341375e+00,-5.269826517244808883e-01
4.343234323432342947e+00,-5.299747321026160307e-01
4.344634463446344519e+00,-5.329600084692458495e-01
4.346034603460346091e+00,-5.359384897608947540e-01
4.347434743474347663e+00,-5.389101849129218635e-01
4.348834883488348346e+00,-5.418751028570341077e-01
4.350235023502349918e+00,-5.448332525243131386e-01
4.351635163516351490e+00,-5.477846428429700154e-01
4.353035303530353062e+00,-5.507292827390131151e-01
4.354435443544354634e+00,-5.536671811367313012e-01
4.355835583558355317e+00,-5.565983469580970677e-01
4.357235723572356889e+00,-5.595227891225107442e-01
4.358635863586358461e+00,-5.624405165474968271e-01
4.360036003600360033e+00,-5.653515381483629199e-01
4.361436143614361605e+00,-5.682558628377307741e-01
4.362836283628362288e+00,-5.711534995263747305e-01
4.364236423642363860e+00,-5.740444571225538084e-01
4.365636563656365432e+00,-5.769287445323669772e-01
4.367036703670367004e+00,-5.798063706590284028e-01
4.368436843684368576e+00,-5.826773444037627314e-01
4.369836983698370148e+00,-5.855416746654924509e-01
4.371237123712370831e+00,-5.883993703402978781e-01
4.372637263726372403e+00,-5.912504403222840210e-01
4.374037403740373975e+00,-5.940948935027137168e-01
4.375437543754375547e+00,-5.969327387703060595e-01
4.376837683768377119e+00,-5.997639850117622018e-01
4.378237823782377802e+00,-6.025886411106284868e-01
4.379637963796379374e+00,-6.054067159479359361e-01
4.381038103810380946e+00,-6.082182184030671124e-01
4.382438243824382518e+00,-6.110231573511839542e-01
4.383838383838384090e+00,-6.138215416663257429e-01
4.385238523852384773e+00,-6.166133802186664070e-01
4.386638663866386345e+00,-6.193986818768024705e-01
4.388038803880387917e+00,-6.221774555057919542e-01
4.389438943894389489e+00,-6.249497099685328294e-01
4.390839083908391061e+00,-6.277154541244414077e-01
4.392239223922391744e+00,-6.304746968312002764e-01
4.393639363936393316e+00,-6.332274469427261465e-01
4.395039503950394888e+00,-6.359737133111451612e-01
4.396439643964396460e+00,-6.387135047844623159e-01
4.397839783978398032e+00,-6.414468302089488816e-01
4.399239923992398715e+00,-6.441736984277639522e-01
4.400640064006400287e+00,-6.468941182805423296e-01
4.402040204020401859e+00,-6.496080986050145611e-01
4.403440344034403431e+00,-6.523156482347189922e-01
4.404840484048405003e+00,-6.550167760017870933e-01
4.406240624062405686e+00,-6.577114907339165484e-01
4.407640764076407258e+00,-6.603998012568013110e-01
4.409040904090408830e+00,-6.630817163924547231e-01
4.410441044104410402e+00,-6.657572449604884923e-01
4.411841184118411974e+00,-6.684263957768763476e-01
4.413241324132413546e+00,-6.710891776549914312e-01
4.414641464146414229e+00,-6.737455994045689067e-01
4.416041604160415801e+00,-6.763956698324733452e-01
4.417441744174417373e+00,-6.790393977427982009e-01
4.418841884188418945e+00,-6.816767919359563166e-01
4.420242024202420517e+00,-6.843078612092767798e-01
4.421642164216421200e+00,-6.869326143574028265e-01
4.423042304230422772e+00,-6.895510601707570686e-01
4.424442444244424344e+00,-6.921632074369910015e-01
4.425842584258425916e+00,-6.947690649413971187e-01
4.427242724272427488e+00,-6.973686414644930665e-01
4.428642864286428171e+00,-6.999619457842811698e-01
4.430043004300429743e+00,-7.025489866755521007e-01
4.431443144314431315e+00,-7.051297729091885458e-01
4.432843284328432887e+00,-7.077043132531315450e-01
4.434243424342434459e+00,-7.102726164719399549e-01
4.435643564356435142e+00,-7.128346913265914964e-01
4.437043704370436714e+00,-7.153905465749943460e-01
4.438443844384438286e+00,-7.179401909705944718e-01
4.439843984398439858e+00,-7.204836332648483221e-01
4.441244124412441430e+00,-7.230208822045796069e-01
4.442644264426442113e+00,-7.255519465337414431e-01
4.444044404440443685e+00,-7.280768349921231675e-01
4.445444544454445257e+00,-7.305955563169135303e-01
4.446844684468446829e+00,-7.331081192408674951e-01
4.448244824482448401e+00,-7.356145324934146856e-01
4.449644964496449973e+00,-7.381148048006735962e-01
4.451045104510450656e+00,-7.406089448848405254e-01
4.452445244524452228e+00,-7.430969614642606302e-01
4.453845384538453800e+00,-7.455788632543374206e-01
4.455245524552455372e+00,-7.480546589659553547e-01
4.456645664566456944e+00,-7.505243573068156593e-01
4.458045804580457627e+00,-7.529879669812800103e-01
4.459445944594459199e+00,-7.554454966884378564e-01
4.460846084608460771e+00,-7.578969551257443982e-01
4.462246224622462343e+00,-7.603423509848994399e-01
4.463646364636463915e+00,-7.627816929553858927e-01
4.465046504650464598e+00,-7.652149897214144403e-01
4.466446644664466170e+00,-7.676422499648367648e-01
4.467846784678467742e+00,-7.700634823624596947e-01
4.469246924692469314e+00,-7.724786955880773576e-01
4.470647064706470886e+00,-7.748878983110643048e-01
4.472047204720471569e+00,-7.772910991967876271e-01
4.473447344734473141e+00,-7.796883069072464423e-01
4.474847484748474713e+00,-7.820795300999776600e-01
4.476247624762476285e+00,-7.844647774289938980e-01
4.477647764776477857e+00,-7.868440575439308304e-01
4.479047904790478540e+00,-7.892173790901892971e-01
4.480448044804480112e+00,-7.915847507103563885e-01
4.481848184818481684e+00,-7.939461810413632747e-01
4.483248324832483256e+00,-7.963016787176115940e-01
4.484648464846484828e+00,-7.986512523681739140e-01
4.486048604860485511e+00,-8.009949106187406187e-01
4.487448744874487083e+00,-8.033326620905398840e-01
4.488848884888488655e+00,-8.056645154007782139e-01
4.490249024902490227e+00,-8.079904791630809768e-01
4.491649164916491799e+00,-8.103105619856876274e-01
4.493049304930493371e+00,-8.126247724739386058e-01
4.494449444944494054e+00,-8.149331192282147640e-01
4.495849584958495626e+00,-8.172356108446479084e-01
4.497249724972497198e+00,-8.195322559153908060e-01
4.498649864986498770e+00,-8.218230630286171845e-01
4.500050005000500342e+00,-8.241080407676406594e-01
4.501450145014501025e+00,-8.263871977118810719e-01
4.502850285028502597e+00,-8.286605424362107897e-01
4.504250425042504169e+00,-8.309280835111820807e-01
4.505650565056505741e+00,-8.331898295031976431e-01
4.507050705070507313e+00,-8.354457889743400756e-01
4.508450845084507996e+00,-8.376959704819455510e-01
4.509850985098509568e+00,-8.399403825794138356e-01
4.511251125112511140e+00,-8.421790338154551137e-01
4.512651265126512712e+00,-8.444119327341326198e-01
4.514051405140514284e+00,-8.466390878756016036e-01
4.515451545154514967e+00,-8.488605077754840522e-01
4.516851685168516539e+00,-8.510762009641865689e-01
4.518251825182518111e+00,-8.532861759686198866e-01
4.519651965196519683e+00,-8.554904413105646199e-01
4.521052105210521255e+00,-8.576890055072539099e-01
4.522452245224521938e+00,-8.598818770716007975e-01
4.523852385238523510e+00,-8.620690645120703266e-01
4.525252525252525082e+00,-8.642505763320968981e-01
4.526652665266526654e+00,-8.664264210312779824e-01
4.528052805280528226e+00,-8.685966071034840752e-01
4.529452945294528909e+00,-8.707611430386918983e-01
4.530853085308530481e+00,-8.729200373225154408e-01
4.532253225322532053e+00,-8.750732984351969890e-01
4.533653365336533625e+00,-8.772209348525876749e-01
4.535053505350535197e+00,-8.793629550458348376e-01
4.536453645364536769e+00,-8.814993674813536018e-01
4.537853785378537452e+00,-8.836301806210826726e-01
4.539253925392539024e+00,-8.857554029218164260e-01
4.540654065406540596e+00,-8.878750428356738666e-01
4.542054205420542168e+00,-8.899891088102265257e-01
4.543454345434543740e+00,-8.920976092879726593e-01
4.544854485448544423e+00,-8.942005527068488391e-01
4.546254625462545995e+00,-8.962979474999315244e-01
4.547654765476547567e+00,-8.983898020951954777e-01
4.549054905490549139e+00,-9.004761249157979819e-01
4.550455045504550711e+00,-9.025569243804056896e-01
4.551855185518551394e+00,-9.046322089023703938e-01
4.553255325532552966e+00,-9.067019868903543056e-01
4.554655465546554538e+00,-9.087662667483158430e-01
4.556055605560556110e+00,-9.108250568743585518e-01
4.557455745574557682e+00,-9.128783656628627341e-01
4.558855885588558365e+00,-9.149262015024532957e-01
4.560256025602559937e+00,-9.169685727767955541e-01
4.561656165616561509e+00,-9.190054878649647208e-01
4.563056305630563081e+00,-9.210369551408632560e-01
4.564456445644564653e+00,-9.230629829729082303e-01
4.565856585658565336e+00,-9.250835797252960901e-01
4.567256725672566908e+00,-9.270987537561978797e-01
4.568656865686568480e+00,-9.291085134197345496e-01
4.570057005700570052e+00,-9.311128670640016480e-01
4.571457145714571624e+00,-9.331118230326609364e-01
4.572857285728572307e+00,-9.351053896637324669e-01
4.574257425742573879e+00,-9.370935752908593486e-01
4.575657565756575451e+00,-9.390763882415171793e-01
4.577057705770577023e+00,-9.410538368389609332e-01
4.578457845784578595e+00,-9.430259294001785975e-01
4.579857985798580167e+00,-9.449926742382501743e-01
4.581258125812580850e+00,-9.469540796601592092e-01
4.582658265826582422e+00,-9.489101539679296593e-01
4.584058405840583994e+00,-9.508609054584979958e-01
4.585458545854585566e+00,-9.528063424231163481e-01
4.586858685868587138e+00,-9.547464731482193656e-01
4.588258825882587821e+00,-9.566813059145147236e-01
4.589658965896589393e+00,-9.586108489979636715e-01
4.591059105910590965e+00,-9.605351106687720630e-01
4.592459245924592537e+00,-9.624540991917740484e-01
4.593859385938594109e+00,-9.643678228270005093e-01
4.595259525952594792e+00,-9.662762898285279789e-01
4.596659665966596364e+00,-9.681795084453028721e-01
4.598059805980597936e+00,-9.700774869210420093e-01
4.599459945994599508e+00,-9.719702334939057664e-01
4.600860086008601080e+00,-9.738577563964696537e-01
4.602260226022601763e+00,-9.757400638559374784e-01
4.603660366036603335e+00,-9.776171640946671459e-01
4.605060506050604907e+00,-9.794890653284085147e-01
4.606460646064606479e+00,-9.813557757688897709e-01
4.607860786078608051e+00,-9.832173036212310535e-01
4.609260926092608734e+00,-9.850736570852802743e-01
4.610661066106610306e+00,-9.869248443555846961e-01
4.612061206120611878e+00,-9.887708736211777705e-01
4.613461346134613450e+00,-9.906117530655507153e-01
4.614861486148615022e+00,-9.924474908662972439e-01
4.616261626162615705e+00,-9.942780951957956859e-01
4.617661766176617277e+00,-9.961035742209816135e-01
4.619061906190618849e+00,-9.979239361026088773e-01
4.620462046204620421e+00,-9.997391889967133238e-01
4.621862186218621993e+00,-1.001549341052864861e+00
4.623262326232623565e+00,-1.003354400415062742e+00
4.624662466246624248e+00,-1.005154375222545582e+00
4.626062606260625820e+00,-1.006949273607830264e+00
4.627462746274627392e+00,-1.008739103698431450e+00
4.628862886288628964e+00,-1.010523873615809975e+00
4.630263026302630536e+00,-1.012303591476239717e+00
4.631663166316631219e+00,-1.014078265389429134e+00
4.633063306330632791e+00,-1.015847903460453949e+00
4.634463446344634363e+00,-1.017612513787454986e+00
4.635863586358635935e+00,-1.019372104464096651e+00
4.637263726372637507e+00,-1.021126683577023186e+00
4.638663866386638190e+00,-1.022876259207990302e+00
4.640064006400639762e+00,-1.024620839432486719e+00
4.641464146414641334e+00,-1.026360432321027361e+00
4.642864286428642906e+00,-1.028095045936808560e+00
4.644264426442644478e+00,-1.029824688338607075e+00
4.645664566456645161e+00,-1.031549367579017940e+00
4.647064706470646733e+00,-1.033269091704170251e+00
4.648464846484648305e+00,-1.034983868754878245e+00
4.649864986498649877e+00,-1.036693706766229184e+00
4.651265126512651449e+00,-1.038398613766986500e+00
4.652665266526652132e+00,-1.040098597780243495e+00
4.654065406540653704e+00,-1.041793666823252806e+00
4.655465546554655276e+00,-1.043483828906957456e+00
4.656865686568656848e+00,-1.045169092036857705e+00
4.658265826582658420e+00,-1.046849464212272096e+00
4.659665966596659104e+00,-1.048524953426721140e+00
4.661066106610660675e+00,-1.050195567667472574e+00
4.662466246624662247e+00,-1.051861314915967682e+00
4.663866386638663819e+00,-1.053522203147707614e+00
4.665266526652665391e+00,-1.055178240331798634e+00
4.666666666666666963e+00,-1.056829434432160042e+00
4.668066806680667646e+00,-1.058475793406131515e+00
4.669466946694669218e+00,-1.060117325204814165e+00
4.670867086708670790e+00,-1.061754037773624759e+00
4.672267226722672362e+00,-1.063385939051741502e+00
4.673667366736673934e+00,-1.065013036972587201e+00
4.675067506750674617e+00,-1.066635339462891352e+00
4.676467646764676189e+00,-1.068252854443827005e+00
4.677867786778677761e+00,-1.069865589830243380e+00
4.679267926792679333e+00,-1.071473553531035350e+00
4.680668066806680905e+00,-1.073076753448390264e+00
4.682068206820681588e+00,-1.074675197479379563e+00
4.683468346834683160e+00,-1.076268893513699254e+00
4.684868486848684732e+00,-1.077857849436114179e+00
4.686268626862686304e+00,-1.079442073124283752e+00
4.687668766876687876e+00,-1.081021572450111989e+00
4.689068906890688559e+00,-1.082596355279179079e+00
4.690469046904690131e+00,-1.084166429470599269e+00
4.691869186918691703e+00,-1.085731802878058261e+00
4.693269326932693275e+00,-1.087292483348250016e+00
4.694669466946694847e+00,-1.088848478721814672e+00
4.696069606960695531e+00,-1.090399796833338542e+00
4.697469746974697102e+00,-1.091946445510927788e+00
4.698869886988698674e+00,-1.093488432576521063e+00
4.700270027002700246e+00,-1.095025765845917931e+00
4.701670167016701818e+00,-1.096558453128267274e+00
4.703070307030703390e+00,-1.098086502226436778e+00
4.704470447044704073e+00,-1.099609920937567153e+00
4.705870587058705645e+00,-1.101128717051651051e+00
4.707270727072707217e+00,-1.102642898353067835e+00
4.708670867086708789e+00,-1.104152472619475134e+00
4.710071007100710361e+00,-1.105657447621993583e+00
4.711471147114711044e+00,-1.107157831126073688e+00
4.712871287128712616e+00,-1.108653630890117370e+00
4.714271427142714188e+00,-1.110144854666117453e+00
4.715671567156715760e+00,-1.111631510200155049e+00
4.717071707170717332e+00,-1.113113605231689007e+00
4.718471847184718015e+00,-1.114591147493626977e+00
4.719871987198719587e+00,-1.116064144712638040e+00
4.721272127212721159e+00,-1.117532604608797442e+00
4.722672267226722731e+00,-1.118996534895870809e+00
4.724072407240724303e+00,-1.120455943281115196e+00
4.725472547254724986e+00,-1.121910837465435407e+00
4.726872687268726558e+00,-1.123361225142957665e+00
4.728272827282728130e+00,-1.124807114001484365e+00
4.729672967296729702e+00,-1.126248511722408807e+00
4.731073107310731274e+00,-1.127685425980757827e+00
4.732473247324731958e+00,-1.129117864444694419e+00
4.733873387338733529e+00,-1.130545834776000902e+00
4.735273527352735101e+00,-1.131969344629894181e+00
4.736673667366736673e+00,-1.133388401655295752e+00
4.738073807380738245e+00,-1.134803013494334323e+00
4.739473947394738929e+00,-1.136213187782374234e+00
4.740874087408740500e+00,-1.137618932148868112e+00
4.742274227422742072e+00,-1.139020254215949990e+00
4.743674367436743644e+00,-1.140417161599472706e+00
4.745074507450745216e+00,-1.141809661909121587e+00
4.746474647464746788e+00,-1.143197762747334423e+00
4.747874787478747471e+00,-1.144581471710182541e+00
4.749274927492749043e+00,-1.145960796387299752e+00
4.750675067506750615e+00,-1.147335744361029697e+00
4.752075207520752187e+00,-1.148706323208116942e+00
4.753475347534753759e+00,-1.150072540497632190e+00
4.754875487548754442e+00,-1.151434403792791272e+00
4.756275627562756014e+00,-1.152791920649605117e+00
4.757675767576757586e+00,-1.154145098617775034e+00
4.759075907590759158e+00,-1.155493945239868481e+00
4.760476047604760730e+00,-1.156838468052143298e+00
4.761876187618761413e+00,-1.158178674584476653e+00
4.763276327632762985e+00,-1.159514572359015006e+00
4.764676467646764557e+00,-1.160846168892035735e+00
4.766076607660766129e+00,-1.162173471693023430e+00
4.767476747674767701e+00,-1.163496488264115669e+00
4.768876887688768385e+00,-1.164815226101524104e+00
4.770277027702769956e+00,-1.166129692694099163e+00
4.771677167716771528e+00,-1.167439895524410076e+00
4.773077307730773100e+00,-1.168745842067664853e+00
4.774477447744774672e+00,-1.170047539792918201e+00
4.775877587758775356e+00,-1.171344996162147822e+00
4.777277727772776927e+00,-1.172638218630183360e+00
4.778677867786778499e+00,-1.173927214646212747e+00
4.780078007800780071e+00,-1.175211991650868981e+00
4.781478147814781643e+00,-1.176492557079669155e+00
4.782878287828782327e+00,-1.177768918360385442e+00
4.784278427842783898e+00,-1.179041082913968808e+00
4.785678567856785470e+00,-1.180309058154932700e+00
4.787078707870787042e+00,-1.181572851490514608e+00
4.788478847884788614e+00,-1.182832470321372398e+00
4.789878987898790186e+00,-1.184087922041385355e+00
4.791279127912790869e+00,-1.185339214037355760e+00
4.792679267926792441e+00,-1.186586353689108364e+00
4.794079407940794013e+00,-1.187829348370172511e+00
4.795479547954795585e+00,-1.189068205446119464e+00
4.796879687968797157e+00,-1.190302932276807724e+00
4.798279827982797840e+00,-1.191533536214450351e+00
4.799679967996799412e+00,-1.192760024604808677e+00
4.801080108010800984e+00,-1.193982404785927542e+00
4.802480248024802556e+00,-1.195200684089812171e+00
4.803880388038804128e+00,-1.196414869841120776e+00
4.805280528052804812e+00,-1.197624969357619307e+00
4.806680668066806383e+00,-1.198830989950408821e+00
4.808080808080807955e+00,-1.200032938922930725e+00
4.809480948094809527e+00,-1.201230823572515760e+00
4.810881088108811099e+00,-1.202424651188763960e+00
4.812281228122811783e+00,-1.203614429054780999e+00
4.813681368136813354e+00,-1.204800164446439226e+00
4.815081508150814926e+00,-1.205981864632988732e+00
4.816481648164816498e+00,-1.207159536876304173e+00
4.817881788178818070e+00,-1.208333188431453209e+00
4.819281928192818754e+00,-1.209502826546270171e+00
4.820682068206820325e+00,-1.210668458461910291e+00
4.822082208220821897e+00,-1.211830091412124943e+00
4.823482348234823469e+00,-1.212987732624071668e+00
4.824882488248825041e+00,-1.214141389317390463e+00
4.826282628262825725e+00,-1.215291068705226962e+00
4.827682768276827296e+00,-1.216436777993152418e+00
4.829082908290828868e+00,-1.217578524379902660e+00
4.830483048304830440e+00,-1.218716315057278621e+00
4.831883188318832012e+00,-1.219850157209691588e+00
4.833283328332833584e+00,-1.220980058014973224e+00
4.834683468346834267e+00,-1.222106024643366595e+00
4.836083608360835839e+00,-1.223228064258421455e+00
4.837483748374837411e+00,-1.224346184016170014e+00
4.838883888388838983e+00,-1.225460391065908539e+00
4.840284028402840555e+00,-1.226570692549955766e+00
4.841684168416841239e+00,-1.227677095603084467e+00
4.843084308430842810e+00,-1.228779607353217784e+00
4.844484448444844382e+00,-1.229878234920604996e+00
4.845884588458845954e+00,-1.230972985419654719e+00
4.847284728472847526e+00,-1.232063865956433801e+00
4.848684868486848210e+00,-1.233150883630059980e+00
4.850085008500849781e+00,-1.234234045533057156e+00
4.851485148514851353e+00,-1.235313358750360635e+00
4.852885288528852925e+00,-1.236388830359743451e+00
4.854285428542854497e+00,-1.237460467432214273e+00
4.855685568556855181e+00,-1.238528277031065272e+00
4.857085708570856752e+00,-1.239592266212895311e+00
4.858485848584858324e+00,-1.240652442026544122e+00
4.859885988598859896e+00,-1.241708811514399713e+00
4.861286128612861468e+00,-1.242761381711162016e+00
4.862686268626862152e+00,-1.243810159644297642e+00
4.864086408640863723e+00,-1.244855152334324089e+00
4.865486548654865295e+00,-1.245896366794639221e+00
4.866886688668866867e+00,-1.246933810031151779e+00
4.868286828682868439e+00,-1.247967489042480338e+00
4.869686968696869123e+00,-1.248997410820678056e+00
4.871087108710870694e+00,-1.250023582349655271e+00
4.872487248724872266e+00,-1.251046010606543746e+00
4.873887388738873838e+00,-1.252064702561696663e+00
4.875287528752875410e+00,-1.253079665177253332e+00
4.876687668766876982e+00,-1.254090905408929757e+00
4.878087808780877666e+00,-1.255098430204725446e+00
4.879487948794879237e+00,-1.256102246505392372e+00
4.880888088808880809e+00,-1.257102361245117095e+00
4.882288228822882381e+00,-1.258098781349616502e+00
4.883688368836883953e+00,-1.259091513738454182e+00
4.885088508850884637e+00,-1.260080565323178803e+00
4.886488648864886208e+00,-1.261065943008688350e+00
4.887888788878887780e+00,-1.262047653691723781e+00
4.889288928892889352e+00,-1.263025704262702220e+00
4.890689068906890924e+00,-1.264000101604082715e+00
4.892089208920891608e+00,-1.264970852591346784e+00
4.893489348934893179e+00,-1.265937964092699985e+00
4.894889488948894751e+00,-1.266901442968901392e+00
4.896289628962896323e+00,-1.267861296072950950e+00
4.897689768976897895e+00,-1.268817530251510561e+00
4.899089908990898579e+00,-1.269770152343369318e+00
4.900490049004900150e+00,-1.270719169179812980e+00
4.901890189018901722e+00,-1.271664587585519257e+00
4.903290329032903294e+00,-1.272606414376468820e+00
4.904690469046904866e+00,-1.273544656363043259e+00
4.906090609060905550e+00,-1.274479320347367661e+00
4.907490749074907121e+00,-1.275410413123452713e+00
4.908890889088908693e+00,-1.276337941479425808e+00
4.910291029102910265e+00,-1.277261912195328364e+00
4.911691169116911837e+00,-1.278182332044124792e+00
4.913091309130913409e+00,-1.279099207791162485e+00
4.914491449144914093e+00,-1.280012546194271295e+00
4.915891589158915664e+00,-1.280922354004161434e+00
4.917291729172917236e+00,-1.281828637964338213e+00
4.918691869186918808e+00,-1.282731404810675713e+00
4.920092009200920380e+00,-1.283630661271786266e+00
4.921492149214921064e+00,-1.284526414068537292e+00
4.922892289228922635e+00,-1.285418669915159740e+00
4.924292429242924207e+00,-1.286307435517883846e+00
4.925692569256925779e+00,-1.287192717575692313e+00
4.927092709270927351e+00,-1.288074522780362940e+00
4.928492849284928035e+00,-1.288952857815942821e+00
4.929892989298929606e+00,-1.289827729359274144e+00
4.931293129312931178e+00,-1.290699144079766825e+00
4.932693269326932750e+00,-1.291567108639597450e+00
4.934093409340934322e+00,-1.292431629693055584e+00
4.935493549354935006e+00,-1.293292713887424839e+00
4.936893689368936577e+00,-1.294150367862613393e+00
4.938293829382938149e+00,-1.295004598250713457e+00
4.939693969396939721e+00,-1.295855411677081293e+00
4.941094109410941293e+00,-1.296702814758361910e+00
4.942494249424941977e+00,-1.297546814105444923e+00
4.943894389438943548e+00,-1.298387416320011312e+00
4.945294529452945120e+00,-1.299224627998199821e+00
4.946694669466946692e+00,-1.300058455727409523e+00
4.948094809480948264e+00,-1.300888906087394048e+00
4.949494949494948948e+00,-1.301715985651995311e+00
4.950895089508950520e+00,-1.302539700985548166e+00
4.952295229522952091e+00,-1.303360058646561015e+00
4.953695369536953663e+00,-1.304177065185356810e+00
4.955095509550955235e+00,-1.304990727144911489e+00
4.956495649564956807e+00,-1.305801051060910822e+00
4.957895789578957491e+00,-1.306608043461551460e+00
4.959295929592959062e+00,-1.307411710866986709e+00
4.960696069606960634e+00,-1.308212059790847093e+00
4.962096209620962206e+00,-1.309009096738506628e+00
4.963496349634963778e+00,-1.309802828208205483e+00
4.964896489648964462e+00,-1.310593260690765760e+00
4.966296629662966033e+00,-1.311380400669477808e+00
4.967696769676967605e+00,-1.312164254619887060e+00
4.969096909690969177e+00,-1.312944829010532999e+00
4.970497049704970749e+00,-1.313722130302153346e+00
4.971897189718971433e+00,-1.314496164948081969e+00
4.973297329732973004e+00,-1.315266939393737289e+00
4.974697469746974576e+00,-1.316034460077801782e+00
4.976097609760976148e+00,-1.316798733431397750e+00
4.977497749774977720e+00,-1.317559765877064137e+00
4.978897889788978404e+00,-1.318317563831428174e+00
4.980298029802979975e+00,-1.319072133702022143e+00
4.981698169816981547e+00,-1.319823481890509242e+00
4.983098309830983119e+00,-1.320571614789599835e+00
4.984498449844984691e+00,-1.321316538785140438e+00
4.985898589858985375e+00,-1.322058260255687401e+00
4.987298729872986947e+00,-1.322796785572052158e+00
4.988698869886988518e+00,-1.323532121097045433e+00
4.990099009900990090e+00,-1.324264273186827268e+00
4.991499149914991662e+00,-1.324993248189514361e+00
4.992899289928992346e+00,-1.325719052445990087e+00
4.994299429942993918e+00,-1.326441692289165530e+00
4.995699569956995489e+00,-1.327161174044732661e+00
4.997099709970997061e+00,-1.327877504030922751e+00
4.998499849984998633e+00,-1.328590688558506372e+00
4.999899989999000205e+00,-1.329300733930281808e+00
5.001300130013000889e+00,-1.330007646441899283e+00
5.002700270027002460e+00,-1.330711432381647796e+00
5.004100410041004032e+00,-1.331412098029460367e+00
5.005500550055005604e+00,-1.332109649659074080e+00
5.006900690069007176e+00,-1.332804093535102652e+00
5.008300830083007860e+00,-1.333495435915949656e+00
5.009700970097009431e+00,-1.334183683051790581e+00
5.011101110111011003e+00,-1.334868841185397059e+00
5.012501250125012575e+00,-1.335550916552250555e+00
5.013901390139014147e+00,-1.336229915379789190e+00
5.015301530153014831e+00,-1.336905843888288814e+00
5.016701670167016403e+00,-1.337578708290436680e+00
5.018101810181017974e+00,-1.338248514791331445e+00
5.019501950195019546e+00,-1.338915269588326851e+00
5.020902090209021118e+00,-1.339578978871600157e+00
5.022302230223021802e+00,-1.340239648823526863e+00
5.023702370237023374e+00,-1.340897285619050194e+00
5.025102510251024945e+00,-1.341551895425581620e+00
5.026502650265026517e+00,-1.342203484402489266e+00
5.027902790279028089e+00,-1.342852058702519003e+00
5.029302930293028773e+00,-1.343497624470174401e+00
5.030703070307030345e+00,-1.344140187842498335e+00
5.032103210321031916e+00,-1.344779754948760342e+00
5.033503350335033488e+00,-1.345416331911593488e+00
5.034903490349035060e+00,-1.346049924844962220e+00
5.036303630363035744e+00,-1.346680539856009773e+00
5.037703770377037316e+00,-1.347308183043949725e+00
5.039103910391038887e+00,-1.347932860500549168e+00
5.040504050405040459e+00,-1.348554578310000807e+00
5.041904190419042031e+00,-1.349173342549136123e+00
5.043304330433043603e+00,-1.349789159286686413e+00
5.044704470447044287e+00,-1.350402034584462285e+00
5.046104610461045858e+00,-1.351011974496401535e+00
5.047504750475047430e+00,-1.351618985068498091e+00
5.048904890489049002e+00,-1.352223072340166254e+00
5.050305030503050574e+00,-1.352824242342251182e+00
5.051705170517051258e+00,-1.353422501098606290e+00
5.053105310531052830e+00,-1.354017854625396922e+00
5.054505450545054401e+00,-1.354610308931015084e+00
5.055905590559055973e+00,-1.355199870016576824e+00
5.057305730573057545e+00,-1.355786543875439065e+00
5.058705870587058229e+00,-1.356370336493583295e+00
5.060106010601059801e+00,-1.356951253849231875e+00
5.061506150615061372e+00,-1.357529301912904884e+00
5.062906290629062944e+00,-1.358104486648088027e+00
5.064306430643064516e+00,-1.358676814010323142e+00
5.065706570657065200e+00,-1.359246289947293462e+00
5.067106710671066772e+00,-1.359812920400059966e+00
5.068506850685068343e+00,-1.360376711300929742e+00
5.069906990699069915e+00,-1.360937668575445514e+00
5.071307130713071487e+00,-1.361495798141262981e+00
5.072707270727072171e+00,-1.362051105908818727e+00
5.074107410741073743e+00,-1.362603597780491782e+00
5.075507550755075314e+00,-1.363153279651257321e+00
5.076907690769076886e+00,-1.363700157408743507e+00
5.078307830783078458e+00,-1.364244236933018328e+00
5.079707970797079142e+00,-1.364785524095978531e+00
5.081108110811080714e+00,-1.365324024762642807e+00
5.082508250825082285e+00,-1.365859744790199670e+00
5.083908390839083857e+00,-1.366392690028405354e+00
5.085308530853085429e+00,-1.366922866319100649e+00
5.086708670867087001e+00,-1.367450279496893017e+00
5.088108810881087685e+00,-1.367974935388659219e+00
5.089508950895089257e+00,-1.368496839814042687e+00
5.090909090909090828e+00,-1.369015998584671934e+00
5.092309230923092400e+00,-1.369532417504487398e+00
5.093709370937093972e+00,-1.370046102370736207e+00
5.095109510951094656e+00,-1.370557058971883180e+00
5.096509650965096228e+00,-1.371065293089827719e+00
5.097909790979097799e+00,-1.371570810498766946e+00
5.099309930993099371e+00,-1.372073616964812004e+00
5.100710071007100943e+00,-1.372573718246940189e+00
5.102110211021101627e+00,-1.373071120096241771e+00
5.103510351035103199e+00,-1.373565828256801069e+00
5.104910491049104770e+00,-1.374057848464588005e+00
5.106310631063106342e+00,-1.374547186448182856e+00
5.107710771077107914e+00,-1.375033847928790465e+00
5.109110911091108598e+00,-1.375517838619686017e+00
5.110511051105110170e+00,-1.375999164227224014e+00
5.111911191119111741e+00,-1.376477830449545081e+00
5.113311331133113313e+00,-1.376953842977471254e+00
5.114711471147114885e+00,-1.377427207494108075e+00
5.116111611161115569e+00,-1.377897929675512501e+00
5.117511751175117141e+00,-1.378366015189726568e+00
5.118911891189118712e+00,-1.378831469697445300e+00
5.120312031203120284e+00,-1.379294298851689859e+00
5.121712171217121856e+00,-1.379754508298020710e+00
5.123112311231122540e+00,-1.380212103674281821e+00
5.124512451245124112e+00,-1.380667090610813830e+00
5.125912591259125684e+00,-1.381119474730880370e+00
5.127312731273127255e+00,-1.381569261649673308e+00
5.128712871287128827e+00,-1.382016456975094343e+00
5.130113011301130399e+00,-1.382461066306845510e+00
5.131513151315131083e+00,-1.382903095238361857e+00
5.132913291329132655e+00,-1.383342549354338757e+00
5.134313431343134226e+00,-1.383779434232607741e+00
5.135713571357135798e+00,-1.384213755443269633e+00
5.137113711371137370e+00,-1.384645518548779819e+00
5.138513851385138054e+00,-1.385074729104303515e+00
5.139913991399139626e+00,-1.385501392656976805e+00
5.141314131413141197e+00,-1.385925514747285092e+00
5.142714271427142769e+00,-1.386347100907272534e+00
5.144114411441144341e+00,-1.386766156662176286e+00
5.145514551455145025e+00,-1.387182687528806468e+00
5.146914691469146597e+00,-1.387596699017706214e+00
5.148314831483148168e+00,-1.388008196630622137e+00
5.149714971497149740e+00,-1.388417185862593328e+00
5.151115111511151312e+00,-1.388823672201013437e+00
5.152515251525151996e+00,-1.389227661125360669e+00
5.153915391539153568e+00,-1.389629158108334650e+00
5.155315531553155139e+00,-1.390028168613838488e+00
5.156715671567156711e+00,-1.390424698099920420e+00
5.158115811581158283e+00,-1.390818752015832160e+00
5.159515951595158967e+00,-1.391210335803947373e+00
5.160916091609160539e+00,-1.391599454898539534e+00
5.162316231623162111e+00,-1.391986114727387758e+00
5.163716371637163682e+00,-1.392370320709616749e+00
5.165116511651165254e+00,-1.392752078257629478e+00
5.166516651665166826e+00,-1.393131392776183475e+00
5.167916791679167510e+00,-1.393508269661978716e+00
5.169316931693169082e+00,-1.393882714305121340e+00
5.170717071707170653e+00,-1.394254732087603088e+00
5.172117211721172225e+00,-1.394624328384139744e+00
5.173517351735173797e+00,-1.394991508561602700e+00
5.174917491749174481e+00,-1.395356277980070558e+00
5.176317631763176053e+00,-1.395718641991379627e+00
5.177717771777177624e+00,-1.396078605940587636e+00
5.179117911791179196e+00,-1.396436175164581073e+00
5.180518051805180768e+00,-1.396791354993411005e+00
5.181918191819181452e+00,-1.397144150748843572e+00
5.183318331833183024e+00,-1.397494567746036864e+00
5.184718471847184595e+00,-1.397842611292318793e+00
5.186118611861186167e+00,-1.398188286686931292e+00
5.187518751875187739e+00,-1.398531599223034050e+00
5.188918891889188423e+00,-1.398872554184976025e+00
5.190319031903189995e+00,-1.399211156850299176e+00
5.191719171917191566e+00,-1.399547412488942655e+00
5.193119311931193138e+00,-1.399881326363328071e+00
5.194519451945194710e+00,-1.400212903728856872e+00
5.195919591959195394e+00,-1.400542149832375571e+00
5.197319731973196966e+00,-1.400869069914648435e+00
5.198719871987198538e+00,-1.401193669208012693e+00
5.200120012001200109e+00,-1.401515952937444354e+00
5.201520152015201681e+00,-1.401835926321354009e+00
5.202920292029202365e+00,-1.402153594569440997e+00
5.204320432043203937e+00,-1.402468962884668713e+00
5.205720572057205509e+00,-1.402782036462724591e+00
5.207120712071207080e+00,-1.403092820491352199e+00
5.208520852085208652e+00,-1.403401320151232312e+00
5.209920992099210224e+00,-1.403707540615485527e+00
5.211321132113210908e+00,-1.404011487049658058e+00
5.212721272127212480e+00,-1.404313164612077003e+00
5.214121412141214051e+00,-1.404612578453409810e+00
5.215521552155215623e+00,-1.404909733717104814e+00
5.216921692169217195e+00,-1.405204635539519131e+00
5.218321832183217879e+00,-1.405497289048895482e+00
5.219721972197219451e+00,-1.405787699366413790e+00
5.221122112211221022e+00,-1.406075871605935390e+00
5.222522252225222594e+00,-1.406361810873406171e+00
5.223922392239224166e+00,-1.406645522268107129e+00
5.225322532253224850e+00,-1.406927010881375395e+00
5.226722672267226422e+00,-1.407206281797527936e+00
5.228122812281227993e+00,-1.407483340093065749e+00
5.229522952295229565e+00,-1.407758190837284928e+00
5.230923092309231137e+00,-1.408030839092333508e+00
5.232323232323231821e+00,-1.408301289912898824e+00
5.233723372337233393e+00,-1.408569548345582234e+00
5.235123512351234965e+00,-1.408835619430462316e+00
5.236523652365236536e+00,-1.409099508199801676e+00
5.237923792379238108e+00,-1.409361219678913812e+00
5.239323932393238792e+00,-1.409620758885154146e+00
5.240724072407240364e+00,-1.409878130828872145e+00
5.242124212421241936e+00,-1.410133340513070266e+00
5.243524352435243507e+00,-1.410386392933048683e+00
5.244924492449245079e+00,-1.410637293077016352e+00
5.246324632463245763e+00,-1.410886045925991539e+00
5.247724772477247335e+00,-1.411132656453119694e+00
5.249124912491248907e+00,-1.411377129624838744e+00
5.250525052505250478e+00,-1.411619470399415377e+00
5.251925192519252050e+00,-1.411859683728962978e+00
5.253325332533253622e+00,-1.412097774556812624e+00
5.254725472547254306e+00,-1.412333747820184726e+00
5.256125612561255878e+00,-1.412567608448227929e+00
5.257525752575257449e+00,-1.412799361362928607e+00
5.258925892589259021e+00,-1.413029011479196129e+00
5.260326032603260593e+00,-1.413256563704337054e+00
5.261726172617261277e+00,-1.413482022938339355e+00
5.263126312631262849e+00,-1.413705394074014521e+00
5.264526452645264420e+00,-1.413926681996926504e+00
5.265926592659265992e+00,-1.414145891584894343e+00
5.267326732673267564e+00,-1.414363027709001130e+00
5.268726872687268248e+00,-1.414578095232499777e+00
5.270127012701269820e+00,-1.414791099011935671e+00
5.271527152715271392e+00,-1.415002043895924544e+00
5.272927292729272963e+00,-1.415210934726047753e+00
5.274327432743274535e+00,-1.415417776336525435e+00
5.275727572757275219e+00,-1.415622573554557562e+00
5.277127712771276791e+00,-1.415825331199982884e+00
5.278527852785278363e+00,-1.416026054085378405e+00
5.279927992799279934e+00,-1.416224747015363050e+00
5.281328132813281506e+00,-1.416421414788075595e+00
5.282728272827282190e+00,-1.416616062194222536e+00
5.284128412841283762e+00,-1.416808694017120729e+00
5.285528552855285334e+00,-1.416999315033095286e+00
5.286928692869286905e+00,-1.417187930010470609e+00
5.288328832883288477e+00,-1.417374543711062529e+00
5.289728972897289161e+00,-1.417559160889410919e+00
5.291129112911290733e+00,-1.417741786292225470e+00
5.292529252925292305e+00,-1.417922424659565195e+00
5.293929392939293876e+00,-1.418101080724099461e+00
5.295329532953295448e+00,-1.418277759210852196e+00
5.296729672967297020e+00,-1.418452464838082960e+00
5.298129812981297704e+00,-1.418625202316775358e+00
5.299529952995299276e+00,-1.418795976350466503e+00
5.300930093009300847e+00,-1.418964791635701772e+00
5.302330233023302419e+00,-1.419131652861565840e+00
5.303730373037303991e+00,-1.419296564710109010e+00
5.305130513051304675e+00,-1.419459531856205103e+00
5.306530653065306247e+00,-1.419620558967352508e+00
5.307930793079307819e+00,-1.419779650704114715e+00
5.309330933093309390e+00,-1.419936811719210823e+00
5.310731073107310962e+00,-1.420092046658837148e+00
5.312131213121311646e+00,-1.420245360162098791e+00
5.313531353135313218e+00,-1.420396756860355936e+00
5.314931493149314790e+00,-1.420546241377707020e+00
5.316331633163316361e+00,-1.420693818332097180e+00
5.317731773177317933e+00,-1.420839492333016096e+00
5.319131913191318617e+00,-1.420983267983629617e+00
5.320532053205320189e+00,-1.421125149879415517e+00
5.321932193219321761e+00,-1.421265142609286158e+00
5.323332333233323332e+00,-1.421403250754451619e+00
5.324732473247324904e+00,-1.421539478889229713e+00
5.326132613261325588e+00,-1.421673831580633873e+00
5.327532753275327160e+00,-1.421806313388728427e+00
5.328932893289328732e+00,-1.421936928866060157e+00
5.330333033303330303e+00,-1.422065682558610433e+00
5.331733173317331875e+00,-1.422192579004871504e+00
5.333133313331332559e+00,-1.422317622736031240e+00
5.334533453345334131e+00,-1.422440818276825780e+00
5.335933593359335703e+00,-1.422562170144047400e+00
5.337333733373337274e+00,-1.422681682847738216e+00
5.338733873387338846e+00,-1.422799360890991238e+00
5.340134013401340418e+00,-1.422915208769623518e+00
5.341534153415341102e+00,-1.423029230972417736e+00
5.342934293429342674e+00,-1.423141431980681659e+00
5.344334433443344246e+00,-1.423251816269271330e+00
5.345734573457345817e+00,-1.423360388305511037e+00
5.347134713471347389e+00,-1.423467152549719117e+00
5.348534853485348073e+00,-1.423572113454952159e+00
5.349934993499349645e+00,-1.423675275468156087e+00
5.351335133513351217e+00,-1.423776643027892419e+00
5.352735273527352788e+00,-1.423876220566143047e+00
5.354135413541354360e+00,-1.423974012507969178e+00
5.355535553555355044e+00,-1.424070023271397645e+00
5.356935693569356616e+00,-1.424164257267221956e+00
5.358335833583358188e+00,-1.424256718899471252e+00
5.359735973597359759e+00,-1.424347412564699766e+00
5.361136113611361331e+00,-1.424436342652597887e+00
5.362536253625362015e+00,-1.424523513545963738e+00
5.363936393639363587e+00,-1.424608929620333697e+00
5.365336533653365159e+00,-1.424692595244763993e+00
5.366736673667366730e+00,-1.424774514780338563e+00
5.368136813681368302e+00,-1.424854692582016469e+00
5.369536953695368986e+00,-1.424933132997267649e+00
5.370937093709370558e+00,-1.425009840366541880e+00
5.372337233723372130e+00,-1.425084819023780369e+00
5.373737373737373701e+00,-1.425158073294994665e+00
5.375137513751375273e+00,-1.425229607499872486e+00
5.376537653765376845e+00,-1.425299425951564558e+00
5.377937793779377529e+00,-1.425367532954922467e+00
5.379337933793379101e+00,-1.425433932809170301e+00
5.380738073807380673e+00,-1.425498629805431960e+00
5.382138213821382244e+00,-1.425561628228592781e+00
5.383538353835383816e+00,-1.425622932356532147e+00
5.384938493849384500e+00,-1.425682546459853484e+00
5.386338633863386072e+00,-1.425740474801955315e+00
5.387738773877387644e+00,-1.425796721640139708e+00
5.389138913891389215e+00,-1.425851291224276451e+00
5.390539053905390787e+00,-1.425904187797058853e+00
5.391939193919391471e+00,-1.425955415594728493e+00
5.393339333933393043e+00,-1.426004978845980986e+00
5.394739473947394615e+00,-1.426052881773088643e+00
5.396139613961396186e+00,-1.426099128591474141e+00
5.397539753975397758e+00,-1.426143723509326833e+00
5.398939893989398442e+00,-1.426186670727688011e+00
5.400340034003400014e+00,-1.426227974441417246e+00
5.401740174017401586e+00,-1.426267638837998675e+00
5.403140314031403157e+00,-1.426305668098180490e+00
5.404540454045404729e+00,-1.426342066395392294e+00
5.405940594059405413e+00,-1.426376837896867755e+00
5.407340734073406985e+00,-1.426409986762351423e+00
5.408740874087408557e+00,-1.426441517145221383e+00
5.410141014101410128e+00,-1.426471433191650817e+00
5.411541154115411700e+00,-1.426499739040366421e+00
5.412941294129412384e+00,-1.426526438824808451e+00
5.414341434143413956e+00,-1.426551536670118026e+00
5.415741574157415528e+00,-1.426575036695382437e+00
5.417141714171417100e+00,-1.426596943012313545e+00
5.418541854185418671e+00,-1.426617259726114639e+00
5.419941994199420243e+00,-1.426635990934855158e+00
5.421342134213420927e+00,-1.426653140729882807e+00
5.422742274227422499e+00,-1.426668713196193039e+00
5.424142414241424071e+00,-1.426682712411590614e+00
5.425542554255425642e+00,-1.426695142446490649e+00
5.426942694269427214e+00,-1.426706007365510231e+00
5.428342834283427898e+00,-1.426715311225834171e+00
5.429742974297429470e+00,-1.426723058077925543e+00
5.431143114311431042e+00,-1.426729251965454637e+00
5.432543254325432613e+00,-1.426733896925753697e+00
5.433943394339434185e+00,-1.426736996988410056e+00
5.435343534353434869e+00,-1.426738556177241435e+00
5.436743674367436441e+00,-1.426738578508690125e+00
5.438143814381438013e+00,-1.426737067992391417e+00
5.439543954395439584e+00,-1.426734028631727824e+00
5.440944094409441156e+00,-1.426729464422734850e+00
5.442344234423441840e+00,-1.426723379354939425e+00
5.443744374437443412e+00,-1.426715777411615704e+00
5.445144514451444984e+00,-1.426706662568037132e+00
5.446544654465446555e+00,-1.426696038794034394e+00
5.447944794479448127e+00,-1.426683910051892212e+00
5.449344934493448811e+00,-1.426670280297784643e+00
5.450745074507450383e+00,-1.426655153480439253e+00
5.452145214521451955e+00,-1.426638533542302412e+00
5.453545354535453527e+00,-1.426620424419382971e+00
5.454945494549455098e+00,-1.426600830040428036e+00
5.456345634563455782e+00,-1.426579754327576666e+00
5.457745774577457354e+00,-1.426557201196359870e+00
5.459145914591458926e+00,-1.426533174555828509e+00
5.460546054605460498e+00,-1.426507678308340132e+00
5.461946194619462069e+00,-1.426480716349274758e+00
5.463346334633463641e+00,-1.426452292567077507e+00
5.464746474647464325e+00,-1.426422410844381261e+00
5.466146614661465897e+00,-1.426391075056599789e+00
5.467546754675467469e+00,-1.426358289072410912e+00
5.468946894689469040e+00,-1.426324056754097569e+00
5.470347034703470612e+00,-1.426288381957135698e+00
5.471747174717471296e+00,-1.426251268530677407e+00
5.473147314731472868e+00,-1.426212720316485161e+00
5.474547454745474440e+00,-1.426172741150324441e+00
5.475947594759476011e+00,-1.426131334861636901e+00
5.477347734773477583e+00,-1.426088505272360862e+00
5.478747874787478267e+00,-1.426044256198409244e+00
5.480148014801479839e+00,-1.425998591448731645e+00
5.481548154815481411e+00,-1.425951514826095945e+00
5.482948294829482982e+00,-1.425903030126306703e+00
5.484348434843484554e+00,-1.425853141138773594e+00
5.485748574857485238e+00,-1.425801851646355090e+00
5.487148714871486810e+00,-1.425749165425003184e+00
5.488548854885488382e+00,-1.425695086244630261e+00
5.489948994899489954e+00,-1.425639617867858533e+00
5.491349134913491525e+00,-1.425582764051512186e+00
5.492749274927492209e+00,-1.425524528545267344e+00
5.494149414941493781e+00,-1.425464915092646834e+00
5.495549554955495353e+00,-1.425403927430323847e+00
5.496949694969496925e+00,-1.425341569288534060e+00
5.498349834983498496e+00,-1.425277844391104054e+00
5.499749974997499180e+00,-1.425212756455266572e+00
5.501150115011500752e+00,-1.425146309191589467e+00
5.502550255025502324e+00,-1.425078506304231496e+00
5.503950395039503896e+00,-1.425009351490956533e+00
5.505350535053505467e+00,-1.424938848442479866e+00
5.506750675067507039e+00,-1.424867000843846654e+00
5.508150815081507723e+00,-1.424793812373138735e+00
5.509550955095509295e+00,-1.424719286701716214e+00
5.510951095109510867e+00,-1.424643427494942216e+00
5.512351235123512438e+00,-1.424566238411429708e+00
5.513751375137514010e+00,-1.424487723103226244e+00
5.515151515151514694e+00,-1.424407885216410818e+00
5.516551655165516266e+00,-1.424326728389843311e+00
5.517951795179517838e+00,-1.424244256256557151e+00
5.519351935193519409e+00,-1.424160472442707714e+00
5.520752075207520981e+00,-1.424075380568297078e+00
5.522152215221521665e+00,-1.423988984246975065e+00
5.523552355235523237e+00,-1.423901287085513445e+00
5.524952495249524809e+00,-1.423812292684587533e+00
5.526352635263526381e+00,-1.423722004638563021e+00
5.527752775277527952e+00,-1.423630426534685967e+00
5.529152915291528636e+00,-1.423537561954773878e+00
5.530553055305530208e+00,-1.423443414473581470e+00
5.531953195319531780e+00,-1.423347987659852265e+00
5.533353335333533352e+00,-1.423251285075494366e+00
5.534753475347534923e+00,-1.423153310276433103e+00
5.536153615361535607e+00,-1.423054066812071028e+00
5.537553755375537179e+00,-1.422953558225046322e+00
5.538953895389538751e+00,-1.422851788052568622e+00
5.540354035403540323e+00,-1.422748759824429499e+00
5.541754175417541894e+00,-1.422644477064892499e+00
5.543154315431542578e+00,-1.422538943291229430e+00
5.544554455445544150e+00,-1.422432162014914070e+00
5.545954595459545722e+00,-1.422324136740670042e+00
5.547354735473547294e+00,-1.422214870967067668e+00
5.548754875487548865e+00,-1.422104368186154488e+00
5.550155015501550437e+00,-1.421992631884137381e+00
5.551555155515551121e+00,-1.421879665540657811e+00
5.552955295529552693e+00,-1.421765472628550242e+00
5.554355435543554265e+00,-1.421650056615007429e+00
5.555755575557555836e+00,-1.421533420960798821e+00
5.557155715571557408e+00,-1.421415569120057398e+00
5.558555855585558092e+00,-1.421296504541018635e+00
5.559955995599559664e+00,-1.421176230665608387e+00
5.561356135613561236e+00,-1.421054750929044985e+00
5.562756275627562808e+00,-1.420932068760748734e+00
5.564156415641564379e+00,-1.420808187583617155e+00
5.565556555655565063e+00,-1.420683110814408678e+00
5.566956695669566635e+00,-1.420556841864012654e+00
5.568356835683568207e+00,-1.420429384136184581e+00
5.569756975697569779e+00,-1.420300741029137725e+00
5.571157115711571350e+00,-1.420170915934434674e+00
5.572557255725572034e+00,-1.420039912237911039e+00
5.573957395739573606e+00,-1.419907733318893861e+00
5.575357535753575178e+00,-1.419774382550059499e+00
5.576757675767576750e+00,-1.419639863298996829e+00
5.578157815781578321e+00,-1.419504178925620863e+00
5.579557955795579005e+00,-1.419367332785157032e+00
5.580958095809580577e+00,-1.419229328225526388e+00
5.582358235823582149e+00,-1.419090168588823531e+00
5.583758375837583721e+00,-1.418949857211231347e+00
5.585158515851585292e+00,-1.418808397422537837e+00
5.586558655865585976e+00,-1.418665792546093485e+00
5.587958795879587548e+00,-1.418522045899379691e+00
5.589358935893589120e+00,-1.418377160794065617e+00
5.590759075907590692e+00,-1.418231140534956580e+00
5.592159215921592263e+00,-1.418083988421287245e+00
5.593559355935593835e+00,-1.417935707745783702e+00
5.594959495949594519e+00,-1.417786301795032955e+00
5.596359635963596091e+00,-1.417635773850307146e+00
5.597759775977597663e+00,-1.417484127185232978e+00
5.599159915991599235e+00,-1.417331365068704940e+00
5.600560056005600806e+00,-1.417177490763350534e+00
5.601960196019601490e+00,-1.417022507524478669e+00
5.603360336033603062e+00,-1.416866418603092370e+00
5.604760476047604634e+00,-1.416709227242620273e+00
5.606160616061606206e+00,-1.416550936681261419e+00
5.607560756075607777e+00,-1.416391550150933654e+00
5.608960896089608461e+00,-1.416231070877387310e+00
5.610361036103610033e+00,-1.416069502080091524e+00
5.611761176117611605e+00,-1.415906846973001620e+00
5.613161316131613177e+00,-1.415743108763891200e+00
5.614561456145614748e+00,-1.415578290653854765e+00
5.615961596159615432e+00,-1.415412395838998805e+00
5.617361736173617004e+00,-1.415245427508409648e+00
5.618761876187618576e+00,-1.415077388845858763e+00
5.620162016201620148e+00,-1.414908283028665892e+00
5.621562156215621719e+00,-1.414738113228708016e+00
5.622962296229622403e+00,-1.414566882610870380e+00
5.624362436243623975e+00,-1.414394594334979161e+00
5.625762576257625547e+00,-1.414221251554366177e+00
5.627162716271627119e+00,-1.414046857416721537e+00
5.628562856285628691e+00,-1.413871415063326253e+00
5.629962996299630262e+00,-1.413694927629890685e+00
5.631363136313630946e+00,-1.413517398245744516e+00
5.632763276327632518e+00,-1.413338830034703619e+00
5.634163416341634090e+00,-1.413159226114359512e+00
5.635563556355635662e+00,-1.412978589596420420e+00
5.636963696369637233e+00,-1.412796923586867592e+00
5.638363836383637917e+00,-1.412614231185230551e+00
5.639763976397639489e+00,-1.412430515485382898e+00
5.641164116411641061e+00,-1.412245779575499682e+00
5.642564256425642633e+00,-1.412060026537346857e+00
5.643964396439644204e+00,-1.411873259447631312e+00
5.645364536453644888e+00,-1.411685481375940299e+00
5.646764676467646460e+00,-1.411496695386972533e+00
5.648164816481648032e+00,-1.411306904539074480e+00
5.649564956495649604e+00,-1.411116111885007740e+00
5.650965096509651175e+00,-1.410924320471011129e+00
5.652365236523651859e+00,-1.410731533338434929e+00
5.653765376537653431e+00,-1.410537753521850846e+00
5.655165516551655003e+00,-1.410342984050430459e+00
5.656565656565656575e+00,-1.410147227947490478e+00
5.657965796579658146e+00,-1.409950488230194310e+00
5.659365936593658830e+00,-1.409752767910347870e+00
5.660766076607660402e+00,-1.409554069993632197e+00
5.662166216621661974e+00,-1.409354397479773979e+00
5.663566356635663546e+00,-1.409153753362630823e+00
5.664966496649665118e+00,-1.408952140631015482e+00
5.666366636663665801e+00,-1.408749562266947919e+00
5.667766776677667373e+00,-1.408546021247190083e+00
5.669166916691668945e+00,-1.408341520542606418e+00
5.670567056705670517e+00,-1.408136063117837011e+00
5.671967196719672089e+00,-1.407929651932704473e+00
5.673367336733673660e+00,-1.407722289940267046e+00
5.674767476747674344e+00,-1.407513980088594963e+00
5.676167616761675916e+00,-1.407304725319264094e+00
5.677567756775677488e+00,-1.407094528568521241e+00
5.678967896789679060e+00,-1.406883392767156238e+00
5.680368036803680631e+00,-1.406671320839478767e+00
5.681768176817681315e+00,-1.406458315704568918e+00
5.683168316831682887e+00,-1.406244380275765593e+00
5.684568456845684459e+00,-1.406029517460098077e+00
5.685968596859686031e+00,-1.405813730159763963e+00
5.687368736873687602e+00,-1.405597021270764913e+00
5.688768876887688286e+00,-1.405379393682991918e+00
5.690169016901689858e+00,-1.405160850281816920e+00
5.691569156915691430e+00,-1.404941393945804862e+00
5.692969296929693002e+00,-1.404721027548120560e+00
5.694369436943694573e+00,-1.404499753956486074e+00
5.695769576957695257e+00,-1.404277576032853858e+00
5.697169716971696829e+00,-1.404054496633037274e+00
5.698569856985698401e+00,-1.403830518608216948e+00
5.699969996999699973e+00,-1.403605644802993879e+00
5.701370137013701545e+00,-1.403379878056725261e+00
5.702770277027702228e+00,-1.403153221203041312e+00
5.704170417041703800e+00,-1.402925677069745802e+00
5.705570557055705372e+00,-1.402697248479213954e+00
5.706970697069706944e+00,-1.402467938248250334e+00
5.708370837083708516e+00,-1.402237749188145699e+00
5.709770977097709199e+00,-1.402006684104122769e+00
5.711171117111710771e+00,-1.401774745796359412e+00
5.712571257125712343e+00,-1.401541937058965459e+00
5.713971397139713915e+00,-1.401308260680579565e+00
5.715371537153715487e+00,-1.401073719444482890e+00
5.716771677167717058e+00,-1.400838316128258043e+00
5.718171817181717742e+00,-1.400602053503689604e+00
5.719571957195719314e+00,-1.400364934337403611e+00
5.720972097209720886e+00,-1.400126961390085967e+00
5.722372237223722458e+00,-1.399888137416851919e+00
5.723772377237724029e+00,-1.399648465167928180e+00
5.725172517251724713e+00,-1.399407947387203421e+00
5.726572657265726285e+00,-1.399166586813393565e+00
5.727972797279727857e+00,-1.398924386179814405e+00
5.729372937293729429e+00,-1.398681348213585807e+00
5.730773077307731000e+00,-1.398437475637550165e+00
5.732173217321731684e+00,-1.398192771167899195e+00
5.733573357335733256e+00,-1.397947237515921870e+00
5.734973497349734828e+00,-1.397700877386810703e+00
5.736373637363736400e+00,-1.397453693481068626e+00
5.737773777377737972e+00,-1.397205688493386333e+00
5.739173917391738655e+00,-1.396956865112727542e+00
5.740574057405740227e+00,-1.396707226022869008e+00
5.741974197419741799e+00,-1.396456773902059467e+00
5.743374337433743371e+00,-1.396205511423161738e+00
5.744774477447744943e+00,-1.395953441253411142e+00
5.746174617461745626e+00,-1.395700566054401293e+00
5.747574757475747198e+00,-1.395446888483220960e+00
5.748974897489748770e+00,-1.395192411190492976e+00
5.750375037503750342e+00,-1.394937136821852164e+00
5.751775177517751914e+00,-1.394681068017646908e+00
5.753175317531752597e+00,-1.394424207412257033e+00
5.754575457545754169e+00,-1.394166557635585946e+00
5.755975597559755741e+00,-1.393908121311270065e+00
5.757375737573757313e+00,-1.393648901058000433e+00
5.758775877587758885e+00,-1.393388899489210075e+00
5.760176017601760456e+00,-1.393128119212121874e+00
5.761576157615761140e+00,-1.392866562829766508e+00
5.762976297629762712e+00,-1.392604232938808195e+00
5.764376437643764284e+00,-1.392341132131392101e+00
5.765776577657765856e+00,-1.392077262993623776e+00
5.767176717671767427e+00,-1.391812628106549710e+00
5.768576857685768111e+00,-1.391547230046100481e+00
5.769976997699769683e+00,-1.391281071382323375e+00
5.771377137713771255e+00,-1.391014154680547676e+00
5.772777277727772827e+00,-1.390746482500162529e+00
5.774177417741774399e+00,-1.390478057396066447e+00
5.775577557755775082e+00,-1.390208881916862538e+00
5.776977697769776654e+00,-1.389938958606663277e+00
5.778377837783778226e+00,-1.389668290003797324e+00
5.779777977797779798e+00,-1.389396878641562694e+00
5.781178117811781370e+00,-1.389124727048127284e+00
5.782578257825782053e+00,-1.388851837745818329e+00
5.783978397839783625e+00,-1.388578213252273486e+00
5.785378537853785197e+00,-1.388303856079673437e+00
5.786778677867786769e+00,-1.388028768734571372e+00
5.788178817881788341e+00,-1.387752953718958793e+00
5.789578957895789024e+00,-1.387476413529171282e+00
5.790979097909790596e+00,-1.387199150656456936e+00
5.792379237923792168e+00,-1.386921167586436354e+00
5.793779377937793740e+00,-1.386642466800154239e+00
5.795179517951795312e+00,-1.386363050773155692e+00
5.796579657965795995e+00,-1.386082921975528848e+00
5.797979797979797567e+00,-1.385802082872359620e+00
5.799379937993799139e+00,-1.385520535924072760e+00
5.800780078007800711e+00,-1.385238283584726560e+00
5.802180218021802283e+00,-1.384955328304272371e+00
5.803580358035803854e+00,-1.384671672526835096e+00
5.804980498049804538e+00,-1.384387318691807423e+00
5.806380638063806110e+00,-1.384102269232826643e+00
5.807780778077807682e+00,-1.383816526579764172e+00
5.809180918091809254e+00,-1.383530093155187046e+00
5.810581058105810826e+00,-1.383242971378180641e+00
5.811981198119811509e+00,-1.382955163662217046e+00
5.813381338133813081e+00,-1.382666672415879816e+00
5.814781478147814653e+00,-1.382377500041883422e+00
5.816181618161816225e+00,-1.382087648938622237e+00
5.817581758175817797e+00,-1.381797121499062087e+00
5.818981898189818480e+00,-1.381505920111052887e+00
5.820382038203820052e+00,-1.381214047157058644e+00
5.821782178217821624e+00,-1.380921505015336948e+00
5.823182318231823196e+00,-1.380628296058219462e+00
5.824582458245824768e+00,-1.380334422652992998e+00
5.825982598259825451e+00,-1.380039887162439527e+00
5.827382738273827023e+00,-1.379744691944111423e+00
5.828782878287828595e+00,-1.379448839349961986e+00
5.830183018301830167e+00,-1.379152331727468095e+00
5.831583158315831739e+00,-1.378855171418805980e+00
5.832983298329832422e+00,-1.378557360761234918e+00
5.834383438343833994e+00,-1.378258902087026172e+00
5.835783578357835566e+00,-1.377959797723022461e+00
5.837183718371837138e+00,-1.377660049992087465e+00
5.838583858385838710e+00,-1.377359661210505237e+00
5.839983998399839393e+00,-1.377058633690666056e+00
5.841384138413840965e+00,-1.376756969739659553e+00
5.842784278427842537e+00,-1.376454671660056306e+00
5.844184418441844109e+00,-1.376151741748557811e+00
5.845584558455845681e+00,-1.375848182297289668e+00
5.846984698469847253e+00,-1.375543995593858426e+00
5.848384838483847936e+00,-1.375239183920172081e+00
5.849784978497849508e+00,-1.374933749553605367e+00
5.851185118511851080e+00,-1.374627694766317632e+00
5.852585258525852652e+00,-1.374321021826020228e+00
5.853985398539854224e+00,-1.374013732994740167e+00
5.855385538553854907e+00,-1.373705830530425942e+00
5.856785678567856479e+00,-1.373397316685284864e+00
5.858185818581858051e+00,-1.373088193707133087e+00
5.859585958595859623e+00,-1.372778463838884022e+00
5.860986098609861195e+00,-1.372468129318107799e+00
5.862386238623861878e+00,-1.372157192377770230e+00
5.863786378637863450e+00,-1.371845655246175966e+00
5.865186518651865022e+00,-1.371533520146229534e+00
5.866586658665866594e+00,-1.371220789296259568e+00
5.867986798679868166e+00,-1.370907464909748796e+00
5.869386938693868849e+00,-1.370593549195049832e+00
5.870787078707870421e+00,-1.370279044356166764e+00
5.872187218721871993e+00,-1.369963952591589873e+00
5.873587358735873565e+00,-1.369648276095588812e+00
5.874987498749875137e+00,-1.369332017057118378e+00
5.876387638763875820e+00,-1.369015177660614313e+00
5.877787778777877392e+00,-1.368697760085197501e+00
5.879187918791878964e+00,-1.368379766506222950e+00
5.880588058805880536e+00,-1.368061199092764468e+00
5.881988198819882108e+00,-1.367742060010385785e+00
5.883388338833883680e+00,-1.367422351419065762e+00
5.884788478847884363e+00,-1.367102075474406320e+00
5.886188618861885935e+00,-1.366781234326694516e+00
5.887588758875887507e+00,-1.366459830122281005e+00
5.888988898889889079e+00,-1.366137865001903151e+00
5.890389038903890651e+00,-1.365815341102205593e+00
5.891789178917891334e+00,-1.365492260554304949e+00
5.893189318931892906e+00,-1.365168625485210896e+00
5.894589458945894478e+00,-1.364844438017257744e+00
5.895989598959896050e+00,-1.364519700267138091e+00
5.897389738973897622e+00,-1.364194414348091300e+00
5.898789878987898305e+00,-1.363868582367800286e+00
5.900190019001899877e+00,-1.363542206428846271e+00
5.901590159015901449e+00,-1.363215288630158284e+00
5.902990299029903021e+00,-1.362887831065222599e+00
5.904390439043904593e+00,-1.362559835823347498e+00
5.905790579057905276e+00,-1.362231304988441138e+00
5.907190719071906848e+00,-1.361902240640233686e+00
5.908590859085908420e+00,-1.361572644853879410e+00
5.909990999099909992e+00,-1.361242519699160880e+00
5.911391139113911564e+00,-1.360911867241711093e+00
5.912791279127912247e+00,-1.360580689542970845e+00
5.914191419141913819e+00,-1.360248988658455005e+00
5.915591559155915391e+00,-1.359916766640424157e+00
5.916991699169916963e+00,-1.359584025535411911e+00
5.918391839183918535e+00,-1.359250767385915992e+00
5.919791979197919218e+00,-1.358916994229488751e+00
5.921192119211920790e+00,-1.358582708099078218e+00
5.922592259225922362e+00,-1.358247911023440224e+00
5.923992399239923934e+00,-1.357912605026314168e+00
5.925392539253925506e+00,-1.357576792126607756e+00
5.926792679267927078e+00,-1.357240474339249658e+00
5.928192819281927761e+00,-1.356903653674152110e+00
5.929592959295929333e+00,-1.356566332136878827e+00
5.930993099309930905e+00,-1.356228511727891828e+00
5.932393239323932477e+00,-1.355890194443929886e+00
5.933793379337934049e+00,-1.355551382276502181e+00
5.935193519351934732e+00,-1.355212077213067801e+00
5.936593659365936304e+00,-1.354872281235685705e+00
5.937993799379937876e+00,-1.354531996322634768e+00
5.939393939393939448e+00,-1.354191224447419017e+00
5.940794079407941020e+00,-1.353849967579307645e+00
5.942194219421941703e+00,-1.353508227682269194e+00
5.943594359435943275e+00,-1.353166006716648440e+00
5.944994499449944847e+00,-1.352823306637532141e+00
5.946394639463946419e+00,-1.352480129396084862e+00
5.947794779477947991e+00,-1.352136476938383680e+00
5.949194919491948674e+00,-1.351792351206825060e+00
5.950595059505950246e+00,-1.351447754138433766e+00
5.951995199519951818e+00,-1.351102687666113411e+00
5.953395339533953390e+00,-1.350757153718674886e+00
5.954795479547954962e+00,-1.350411154219614218e+00
5.956195619561955645e+00,-1.350064691088860513e+00
5.957595759575957217e+00,-1.349717766241340655e+00
5.958995899589958789e+00,-1.349370381587633005e+00
5.960396039603960361e+00,-1.349022539034010038e+00
5.961796179617961933e+00,-1.348674240482012010e+00
5.963196319631962616e+00,-1.348325487829413305e+00
5.964596459645964188e+00,-1.347976282968431860e+00
5.965996599659965760e+00,-1.347626627787974485e+00
5.967396739673967332e+00,-1.347276524171832079e+00
5.968796879687968904e+00,-1.346925974000001247e+00
5.970197019701970476e+00,-1.346574979147320050e+00
5.971597159715971159e+00,-1.346223541485031205e+00
5.972997299729972731e+00,-1.345871662879289943e+00
5.974397439743974303e+00,-1.345519345192286664e+00
5.975797579757975875e+00,-1.345166590281777985e+00
5.977197719771977447e+00,-1.344813400001015680e+00
5.978597859785978130e+00,-1.344459776199201428e+00
5.979997999799979702e+00,-1.344105720720605746e+00
5.981398139813981274e+00,-1.343751235405804323e+00
5.982798279827982846e+00,-1.343396322090612216e+00
5.984198419841984418e+00,-1.343040982606837019e+00
5.985598559855985101e+00,-1.342685218781454637e+00
5.986998699869986673e+00,-1.342329032437746150e+00
5.988398839883988245e+00,-1.341972425394132529e+00
5.989798979897989817e+00,-1.341615399465041492e+00
5.991199119911991389e+00,-1.341257956460466971e+00
5.992599259925992072e+00,-1.340900098186381229e+00
5.993999399939993644e+00,-1.340541826443640616e+00
5.995399539953995216e+00,-1.340183143029989310e+00
5.996799679967996788e+00,-1.339824049738155054e+00
5.998199819981998360e+00,-1.339464548356659179e+00
5.999599959995999043e+00,-1.339104640669972923e+00
6.001000100010000615e+00,-1.338744328458361110e+00
6.002400240024002187e+00,-1.338383613497214242e+00
6.003800380038003759e+00,-1.338022497558299051e+00
6.005200520052005331e+00,-1.337660982409161647e+00
6.006600660066006014e+00,-1.337299069812971197e+00
6.008000800080007586e+00,-1.336936761528448869e+00
6.009400940094009158e+00,-1.336574059310223106e+00
6.010801080108010730e+00,-1.336210964908943311e+00
6.012201220122012302e+00,-1.335847480070995630e+00
6.013601360136013874e+00,-1.335483606538275581e+00
6.015001500150014557e+00,-1.335119346048600164e+00
6.016401640164016129e+00,-1.334754700335537336e+00
6.017801780178017701e+00,-1.334389671128988653e+00
6.019201920192019273e+00,-1.334024260154109243e+00
6.020602060206020845e+00,-1.333658469132103619e+00
6.022002200220021528e+00,-1.333292299779870405e+00
6.023402340234023100e+00,-1.332925753810258129e+00
6.024802480248024672e+00,-1.332558832932093651e+00
6.026202620262026244e+00,-1.332191538849954782e+00
6.027602760276027816e+00,-1.331823873263815017e+00
6.029002900290028499e+00,-1.331455837870791470e+00
6.030403040304030071e+00,-1.331087434362530075e+00
6.031803180318031643e+00,-1.330718664426896680e+00
6.033203320332033215e+00,-1.330349529748318105e+00
6.034603460346034787e+00,-1.329980032006361057e+00
6.036003600360035470e+00,-1.329610172876741103e+00
6.037403740374037042e+00,-1.329239954031265825e+00
6.038803880388038614e+00,-1.328869377137422703e+00
6.040204020402040186e+00,-1.328498443858592282e+00
6.041604160416041758e+00,-1.328127155854460284e+00
6.043004300430042441e+00,-1.327755514780136537e+00
6.044404440444044013e+00,-1.327383522286993411e+00
6.045804580458045585e+00,-1.327011180022097392e+00
6.047204720472047157e+00,-1.326638489628990669e+00
6.048604860486048729e+00,-1.326265452746582696e+00
6.050005000500049412e+00,-1.325892071009931783e+00
6.051405140514050984e+00,-1.325518346050060359e+00
6.052805280528052556e+00,-1.325144279494409716e+00
6.054205420542054128e+00,-1.324769872965688933e+00
6.055605560556055700e+00,-1.324395128083040163e+00
6.057005700570057272e+00,-1.324020046461598099e+00
6.058405840584057955e+00,-1.323644629712035226e+00
6.059805980598059527e+00,-1.323268879441911849e+00
6.061206120612061099e+00,-1.322892797253913955e+00
6.062606260626062671e+00,-1.322516384747373763e+00
6.064006400640064243e+00,-1.322139643516834440e+00
6.065406540654064926e+00,-1.321762575154409092e+00
6.066806680668066498e+00,-1.321385181246455431e+00
6.068206820682068070e+00,-1.321007463376545843e+00
6.069606960696069642e+00,-1.320629423124216828e+00
6.071007100710071214e+00,-1.320251062064187408e+00
6.072407240724071897e+00,-1.319872381768362857e+00
6.073807380738073469e+00,-1.319493383803859388e+00
6.075207520752075041e+00,-1.319114069734595773e+00
6.076607660766076613e+00,-1.318734441120398060e+00
6.078007800780078185e+00,-1.318354499516303235e+00
6.079407940794078868e+00,-1.317974246474776123e+00
6.080808080808080440e+00,-1.317593683543407224e+00
6.082208220822082012e+00,-1.317212812266674860e+00
6.083608360836083584e+00,-1.316831634184254085e+00
6.085008500850085156e+00,-1.316450150832466193e+00
6.086408640864085839e+00,-1.316068363744221870e+00
6.087808780878087411e+00,-1.315686274447500637e+00
6.089208920892088983e+00,-1.315303884467610374e+00
6.090609060906090555e+00,-1.314921195324757264e+00
6.092009200920092127e+00,-1.314538208536532693e+00
6.093409340934092810e+00,-1.314154925615596881e+00
6.094809480948094382e+00,-1.313771348071469447e+00
6.096209620962095954e+00,-1.313387477409790449e+00
6.097609760976097526e+00,-1.313003315132036164e+00
6.099009900990099098e+00,-1.312618862735973835e+00
6.100410041004100670e+00,-1.312234121716215896e+00
6.101810181018101353e+00,-1.311849093562429402e+00
6.103210321032102925e+00,-1.311463779761282922e+00
6.104610461046104497e+00,-1.311078181795451769e+00
6.106010601060106069e+00,-1.310692301143859595e+00
6.107410741074107641e+00,-1.310306139281365745e+00
6.108810881088108324e+00,-1.309919697679646333e+00
6.110211021102109896e+00,-1.309532977806085796e+00
6.111611161116111468e+00,-1.309145981124459013e+00
6.113011301130113040e+00,-1.308758709094917094e+00
6.114411441144114612e+00,-1.308371163173703167e+00
6.115811581158115295e+00,-1.307983344813351323e+00
6.117211721172116867e+00,-1.307595255462842943e+00
6.118611861186118439e+00,-1.307206896567166154e+00
6.120012001200120011e+00,-1.306818269567756374e+00
6.121412141214121583e+00,-1.306429375902268930e+00
6.122812281228122266e+00,-1.306040217004635906e+00
6.124212421242123838e+00,-1.305650794304867190e+00
6.125612561256125410e+00,-1.305261109230016814e+00
6.127012701270126982e+00,-1.304871163202577122e+00
6.128412841284128554e+00,-1.304480957641985128e+00
6.129812981298129237e+00,-1.304090493963741437e+00
6.131213121312130809e+00,-1.303699773579367616e+00
6.132613261326132381e+00,-1.303308797897273053e+00
6.134013401340133953e+00,-1.302917568321703357e+00
6.135413541354135525e+00,-1.302526086254061966e+00
6.136813681368137097e+00,-1.302134353090920627e+00
6.138213821382137780e+00,-1.301742370226278922e+00
6.139613961396139352e+00,-1.301350139049787913e+00
6.141014101410140924e+00,-1.300957660947744898e+00
6.142414241424142496e+00,-1.300564937303050783e+00
6.143814381438144068e+00,-1.300171969494599011e+00
6.145214521452144751e+00,-1.299778758897801367e+00
6.146614661466146323e+00,-1.299385306884474289e+00
6.148014801480147895e+00,-1.298991614822980978e+00
6.149414941494149467e+00,-1.298597684077833492e+00
6.150815081508151039e+00,-1.298203516010374869e+00
6.152215221522151722e+00,-1.297809111977628049e+00
6.153615361536153294e+00,-1.297414473333844853e+00
6.155015501550154866e+00,-1.297019601429127533e+00
6.156415641564156438e+00,-1.296624497610466165e+00
6.157815781578158010e+00,-1.296229163220928626e+00
6.159215921592158693e+00,-1.295833599600300090e+00
6.160616061606160265e+00,-1.295437808084400899e+00
6.162016201620161837e+00,-1.295041790006052906e+00
6.163416341634163409e+00,-1.294645546694439986e+00
6.164816481648164981e+00,-1.294249079474809605e+00
6.166216621662165664e+00,-1.293852389669396530e+00
6.167616761676167236e+00,-1.293455478596300168e+00
6.169016901690168808e+00,-1.293058347570905653e+00
6.170417041704170380e+00,-1.292660997904647502e+00
6.171817181718171952e+00,-1.292263430905308041e+00
6.173217321732172636e+00,-1.291865647877415313e+00
6.174617461746174207e+00,-1.291467650122072541e+00
6.176017601760175779e+00,-1.291069438936958136e+00
6.177417741774177351e+00,-1.290671015616041473e+00
6.178817881788178923e+00,-1.290272381449497630e+00
6.180218021802180495e+00,-1.289873537724957941e+00
6.181618161816181178e+00,-1.289474485726003650e+00
6.183018301830182750e+00,-1.289075226732691704e+00
6.184418441844184322e+00,-1.288675762022080562e+00
6.185818581858185894e+00,-1.288276092867334910e+00
6.187218721872187466e+00,-1.287876220538564098e+00
6.188618861886188149e+00,-1.287476146301855806e+00
6.190019001900189721e+00,-1.287075871420896078e+00
6.191419141914191293e+00,-1.286675397154908751e+00
6.192819281928192865e+00,-1.286274724760332333e+00
6.194219421942194437e+00,-1.285873855490066830e+00
6.195619561956195120e+00,-1.285472790593345849e+00
6.197019701970196692e+00,-1.285071531316603455e+00
6.198419841984198264e+00,-1.284670078902493628e+00
6.199819981998199836e+00,-1.284268434590174479e+00
6.201220122012201408e+00,-1.283866599615706150e+00
6.202620262026202091e+00,-1.283464575211795022e+00
6.204020402040203663e+00,-1.283062362607594764e+00
6.205420542054205235e+00,-1.282659963028876859e+00
6.206820682068206807e+00,-1.282257377698243772e+00
6.208220822082208379e+00,-1.281854607835043680e+00
6.209620962096209063e+00,-1.281451654655000993e+00
6.211021102110210634e+00,-1.281048519370813210e+00
6.212421242124212206e+00,-1.280645203191525638e+00
6.213821382138213778e+00,-1.280241707323398259e+00
6.215221522152215350e+00,-1.279838032968584116e+00
6.216621662166216034e+00,-1.279434181326720932e+00
6.218021802180217605e+00,-1.279030153593410546e+00
6.219421942194219177e+00,-1.278625950961867375e+00
6.220822082208220749e+00,-1.278221574621028367e+00
6.222222222222222321e+00,-1.277817025757542524e+00
6.223622362236223893e+00,-1.277412305553724536e+00
6.225022502250224576e+00,-1.277007415189672201e+00
6.226422642264226148e+00,-1.276602355841177427e+00
6.227822782278227720e+00,-1.276197128682127868e+00
6.229222922292229292e+00,-1.275791734881565276e+00
6.230623062306230864e+00,-1.275386175606513461e+00
6.232023202320231547e+00,-1.274980452019889299e+00
6.233423342334233119e+00,-1.274574565282335925e+00
6.234823482348234691e+00,-1.274168516550417962e+00
6.236223622362236263e+00,-1.273762306978085235e+00
6.237623762376237835e+00,-1.273355937715351160e+00
6.239023902390238518e+00,-1.272949409909784890e+00
6.240424042404240090e+00,-1.272542724705402861e+00
6.241824182418241662e+00,-1.272135883242839327e+00
6.243224322432243234e+00,-1.271728886659914792e+00
6.244624462446244806e+00,-1.271321736091081789e+00
6.246024602460245490e+00,-1.270914432667609617e+00
6.247424742474247061e+00,-1.270506977517470659e+00
6.248824882488248633e+00,-1.270099371765908813e+00
6.250225022502250205e+00,-1.269691616534373679e+00
6.251625162516251777e+00,-1.269283712941629005e+00
6.253025302530252461e+00,-1.268875662103269519e+00
6.254425442544254032e+00,-1.268467465131337235e+00
6.255825582558255604e+00,-1.268059123135202526e+00
6.257225722572257176e+00,-1.267650637221152010e+00
6.258625862586258748e+00,-1.267242008491479055e+00
6.260026002600259432e+00,-1.266833238046615406e+00
6.261426142614261003e+00,-1.266424326982843240e+00
6.262826282628262575e+00,-1.266015276394128364e+00
6.264226422642264147e+00,-1.265606087370429123e+00
6.265626562656265719e+00,-1.265196760999444336e+00
6.267026702670267291e+00,-1.264787298365504853e+00
6.268426842684267974e+00,-1.264377700549786709e+00
6.269826982698269546e+00,-1.263967968630282712e+00
6.271227122712271118e+00,-1.263558103682086653e+00
6.272627262726272690e+00,-1.263148106777009616e+00
6.274027402740274262e+00,-1.262737978984205256e+00
6.275427542754274945e+00,-1.262327721369572942e+00
6.276827682768276517e+00,-1.261917334995715123e+00
6.278227822782278089e+00,-1.261506820922264183e+00
6.279627962796279661e+00,-1.261096180206223494e+00
6.281028102810281233e+00,-1.260685413901157403e+00
6.282428242824281917e+00,-1.260274523057688612e+00
6.283828382838283488e+00,-1.259863508723583436e+00
6.285228522852285060e+00,-1.259452371943211801e+00
6.286628662866286632e+00,-1.259041113758314623e+00
6.288028802880288204e+00,-1.258629735207406952e+00
6.289428942894288888e+00,-1.258218237326147459e+00
6.290829082908290459e+00,-1.257806621147068427e+00
6.292229222922292031e+00,-1.257394887699817332e+00
6.293629362936293603e+00,-1.256983038010972109e+00
6.295029502950295175e+00,-1.256571073104211678e+00
6.296429642964295859e+00,-1.256158994000358575e+00
6.297829782978297430e+00,-1.255746801716725258e+00
6.299229922992299002e+00,-1.255334497268265181e+00
6.300630063006300574e+00,-1.254922081666975942e+00
6.302030203020302146e+00,-1.254509555921316633e+00
6.303430343034302830e+00,-1.254096921037600509e+00
6.304830483048304401e+00,-1.253684178018460216e+00
6.306230623062305973e+00,-1.253271327863885176e+00
6.307630763076307545e+00,-1.252858371571562657e+00
6.309030903090309117e+00,-1.252445310134959300e+00
6.310431043104310689e+00,-1.252032144545594861e+00
6.311831183118311372e+00,-1.251618875791834284e+00
6.313231323132312944e+00,-1.251205504859370876e+00
6.314631463146314516e+00,-1.250792032730572600e+00
6.316031603160316088e+00,-1.250378460384595769e+00
6.317431743174317660e+00,-1.249964788799374560e+00
6.318831883188318344e+00,-1.249551018947798298e+00
6.320232023202319915e+00,-1.249137151801193113e+00
6.321632163216321487e+00,-1.248723188327829803e+00
6.323032303230323059e+00,-1.248309129492966463e+00
6.324432443244324631e+00,-1.247894976258947963e+00
6.325832583258325315e+00,-1.247480729585390691e+00
6.327232723272326886e+00,-1.247066390428997806e+00
6.328632863286328458e+00,-1.246651959743729776e+00
6.330033003300330030e+00,-1.246237438480548576e+00
6.331433143314331602e+00,-1.245822827587900861e+00
6.332833283328332286e+00,-1.245408128010723203e+00
6.334233423342333857e+00,-1.244993340691991079e+00
6.335633563356335429e+00,-1.244578466571354625e+00
6.337033703370337001e+00,-1.244163506585906021e+00
6.338433843384338573e+00,-1.243748461669568428e+00
6.339833983398339257e+00,-1.243333332753820741e+00
6.341234123412340828e+00,-1.242918120767257051e+00
6.342634263426342400e+00,-1.242502826635615065e+00
6.344034403440343972e+00,-1.242087451281861377e+00
6.345434543454345544e+00,-1.241671995626219882e+00
6.346834683468347116e+00,-1.241256460586214416e+00
6.348234823482347799e+00,-1.240840847076370324e+00
6.349634963496349371e+00,-1.240425156008896579e+00
6.351035103510350943e+00,-1.240009388293032089e+00
6.352435243524352515e+00,-1.239593544835003058e+00
6.353835383538354087e+00,-1.239177626538520371e+00
6.355235523552354771e+00,-1.238761634304395898e+00
6.356635663566356342e+00,-1.238345569031110927e+00
6.358035803580357914e+00,-1.237929431614176679e+00
6.359435943594359486e+00,-1.237513222946333258e+00
6.360836083608361058e+00,-1.237096943917350700e+00
6.362236223622361742e+00,-1.236680595414995310e+00
6.363636363636363313e+00,-1.236264178324077534e+00
6.365036503650364885e+00,-1.235847693526110902e+00
6.366436643664366457e+00,-1.235431141900349417e+00
6.367836783678368029e+00,-1.235014524324000718e+00
6.369236923692368713e+00,-1.234597841670463936e+00
6.370637063706370284e+00,-1.234181094810793411e+00
6.372037203720371856e+00,-1.233764284614039752e+00
6.373437343734373428e+00,-1.233347411945842964e+00
6.374837483748375000e+00,-1.232930477669228253e+00
6.376237623762375684e+00,-1.232513482645600789e+00
6.377637763776377255e+00,-1.232096427732088273e+00
6.379037903790378827e+00,-1.231679313784042051e+00
6.380438043804380399e+00,-1.231262141654454467e+00
6.381838183818381971e+00,-1.230844912193234109e+00
6.383238323832382655e+00,-1.230427626248143724e+00
6.384638463846384226e+00,-1.230010284663194398e+00
6.386038603860385798e+00,-1.229592888281089813e+00
6.387438743874387370e+00,-1.229175437941279370e+00
6.388838883888388942e+00,-1.228757934480654512e+00
6.390239023902390514e+00,-1.228340378733662419e+00
6.391639163916391198e+00,-1.227922771532078627e+00
6.393039303930392769e+00,-1.227505113704836504e+00
6.394439443944394341e+00,-1.227087406079022003e+00
6.395839583958395913e+00,-1.226669649478125734e+00
6.397239723972397485e+00,-1.226251844723947215e+00
6.398639863986398169e+00,-1.225833992635088521e+00
6.400040004000399740e+00,-1.225416094028190628e+00
6.401440144014401312e+00,-1.224998149716682860e+00
6.402840284028402884e+00,-1.224580160511990812e+00
6.404240424042404456e+00,-1.224162127222626850e+00
6.405640564056405140e+00,-1.223744050654872240e+00
6.407040704070406711e+00,-1.223325931612023965e+00
6.408440844084408283e+00,-1.222907770895645285e+00
6.409840984098409855e+00,-1.222489569304002544e+00
6.411241124112411427e+00,-1.222071327632775706e+00
6.412641264126412111e+00,-1.221653046676308918e+00
6.414041404140413682e+00,-1.221234727224853600e+00
6.415441544154415254e+00,-1.220816370067112189e+00
6.416841684168416826e+00,-1.220397975989158112e+00
6.418241824182418398e+00,-1.219979545774478424e+00
6.419641964196419082e+00,-1.219561080203959591e+00
6.421042104210420653e+00,-1.219142580056384872e+00
6.422442244224422225e+00,-1.218724046107851677e+00
6.423842384238423797e+00,-1.218305479131842617e+00
6.425242524252425369e+00,-1.217886879899182873e+00
6.426642664266426053e+00,-1.217468249178992323e+00
6.428042804280427625e+00,-1.217049587737307093e+00
6.429442944294429196e+00,-1.216630896338074308e+00
6.430843084308430768e+00,-1.216212175742242607e+00
6.432243224322432340e+00,-1.215793426709055325e+00
6.433643364336433912e+00,-1.215374649994728884e+00
6.435043504350434596e+00,-1.214955846353888091e+00
6.436443644364436167e+00,-1.214537016537192926e+00
6.437843784378437739e+00,-1.214118161294322817e+00
6.439243924392439311e+00,-1.213699281371930283e+00
6.440644064406440883e+00,-1.213280377514607267e+00
6.442044204420441567e+00,-1.212861450464458812e+00
6.443444344434443138e+00,-1.212442500960406733e+00
6.444844484448444710e+00,-1.212023529740051231e+00
6.446244624462446282e+00,-1.211604537538249815e+00
6.447644764476447854e+00,-1.211185525087330461e+00
6.449044904490448538e+00,-1.210766493117233722e+00
6.450445044504450109e+00,-1.210347442355669045e+00
6.451845184518451681e+00,-1.209928373527972667e+00
6.453245324532453253e+00,-1.209509287357207086e+00
6.454645464546454825e+00,-1.209090184563706316e+00
6.456045604560455509e+00,-1.208671065865758010e+00
6.457445744574457080e+00,-1.208251931979560823e+00
6.458845884588458652e+00,-1.207832783618229655e+00
6.460246024602460224e+00,-1.207413621493330425e+00
6.461646164616461796e+00,-1.206994446313800040e+00
6.463046304630462480e+00,-1.206575258785747451e+00
6.464446444644464052e+00,-1.206156059613675779e+00
6.465846584658465623e+00,-1.205736849499686514e+00
6.467246724672467195e+00,-1.205317629143195290e+00
6.468646864686468767e+00,-1.204898399241855600e+00
6.470047004700469451e+00,-1.204479160490251388e+00
6.471447144714471023e+00,-1.204059913581289720e+00
6.472847284728472594e+00,-1.203640659205504448e+00
6.474247424742474166e+00,-1.203221398051013580e+00
6.475647564756475738e+00,-1.202802130803632963e+00
6.477047704770477310e+00,-1.202382858146975764e+00
6.478447844784477994e+00,-1.201963580762665629e+00
6.479847984798479565e+00,-1.201544299329384557e+00
6.481248124812481137e+00,-1.201125014524222934e+00
6.482648264826482709e+00,-1.200705727021684766e+00
6.484048404840484281e+00,-1.200286437494042957e+00
6.485448544854484965e+00,-1.199867146611424573e+00
6.486848684868486536e+00,-1.199447855042052424e+00
6.488248824882488108e+00,-1.199028563450838192e+00
6.489648964896489680e+00,-1.198609272501684586e+00
6.491049104910491252e+00,-1.198189982855652147e+00
6.492449244924491936e+00,-1.197770695171541888e+00
6.493849384938493507e+00,-1.197351410106364256e+00
6.495249524952495079e+00,-1.196932128314699639e+00
6.496649664966496651e+00,-1.196512850448556264e+00
6.498049804980498223e+00,-1.196093577158137577e+00
6.499449944994498907e+00,-1.195674309091643295e+00
6.500850085008500479e+00,-1.195255046894700968e+00
6.502250225022502050e+00,-1.194835791210905995e+00
6.503650365036503622e+00,-1.194416542681778992e+00
6.505050505050505194e+00,-1.193997301946353673e+00
6.506450645064505878e+00,-1.193578069641830552e+00
6.507850785078507450e+00,-1.193158846403150619e+00
6.509250925092509021e+00,-1.192739632862767962e+00
6.510651065106510593e+00,-1.192320429651772429e+00
6.512051205120512165e+00,-1.191901237398283797e+00
6.513451345134512849e+00,-1.191482056728901284e+00
6.514851485148514421e+00,-1.191062888267566677e+00
6.516251625162515992e+00,-1.190643732636488039e+00
6.517651765176517564e+00,-1.190224590455684961e+00
6.519051905190519136e+00,-1.189805462342462761e+00
6.520452045204520708e+00,-1.189386348913046731e+00
6.521852185218521392e+00,-1.188967250780748941e+00
6.523252325232522963e+00,-1.188548168557190365e+00
6.524652465246524535e+00,-1.188129102851590346e+00
6.526052605260526107e+00,-1.187710054271377658e+00
6.527452745274527679e+00,-1.187291023421920499e+00
6.528852885288528363e+00,-1.186872010905787533e+00
6.530253025302529934e+00,-1.186453017324339498e+00
6.531653165316531506e+00,-1.186034043276492866e+00
6.533053305330533078e+00,-1.185615089359203012e+00
6.534453445344534650e+00,-1.185196156167165782e+00
6.535853585358535334e+00,-1.184777244293016452e+00
6.537253725372536906e+00,-1.184358354327656571e+00
6.538653865386538477e+00,-1.183939486859742374e+00
6.540054005400540049e+00,-1.183520642475627938e+00
6.541454145414541621e+00,-1.183101821759748873e+00
6.542854285428542305e+00,-1.182683025295190760e+00
6.544254425442543877e+00,-1.182264253661855946e+00
6.545654565456545448e+00,-1.181845507438609388e+00
6.547054705470547020e+00,-1.181426787201715456e+00
6.548454845484548592e+00,-1.181008093525463210e+00
6.549854985498549276e+00,-1.180589426982251666e+00
6.551255125512550848e+00,-1.180170788142874017e+00
6.552655265526552419e+00,-1.179752177575025485e+00
6.554055405540553991e+00,-1.179333595845747595e+00
6.555455545554555563e+00,-1.178915043519140227e+00
6.556855685568556247e+00,-1.178496521157654797e+00
6.558255825582557819e+00,-1.178078029321511622e+00
6.559655965596559390e+00,-1.177659568569495718e+00
6.561056105610560962e+00,-1.177241139457777308e+00
6.562456245624562534e+00,-1.176822742541233424e+00
6.563856385638564106e+00,-1.176404378371813664e+00
6.565256525652564790e+00,-1.175986047500785503e+00
6.566656665666566361e+00,-1.175567750476247397e+00
6.568056805680567933e+00,-1.175149487845033036e+00
6.569456945694569505e+00,-1.174731260151915535e+00
6.570857085708571077e+00,-1.174313067939451116e+00
6.572257225722571761e+00,-1.173894911748917025e+00
6.573657365736573333e+00,-1.173476792118904655e+00
6.575057505750574904e+00,-1.173058709586456416e+00
6.576457645764576476e+00,-1.172640664686696255e+00
6.577857785778578048e+00,-1.172222657952630698e+00
6.579257925792578732e+00,-1.171804689915703079e+00
6.580658065806580304e+00,-1.171386761105253527e+00
6.582058205820581875e+00,-1.170968872048348430e+00
6.583458345834583447e+00,-1.170551023270846258e+00
6.584858485848585019e+00,-1.170133215296516482e+00
6.586258625862585703e+00,-1.169715448646883260e+00
6.587658765876587275e+00,-1.169297723841680181e+00
6.589058905890588846e+00,-1.168880041399077641e+00
6.590459045904590418e+00,-1.168462401835057562e+00
6.591859185918591990e+00,-1.168044805664194996e+00
6.593259325932592674e+00,-1.167627253398535458e+00
6.594659465946594246e+00,-1.167209745548717592e+00
6.596059605960595817e+00,-1.166792282623390520e+00
6.597459745974597389e+00,-1.166374865129441218e+00
6.598859885988598961e+00,-1.165957493571568193e+00
6.600260026002600533e+00,-1.165540168453148340e+00
6.601660166016601217e+00,-1.165122890275398504e+00
6.603060306030602788e+00,-1.164705659537730753e+00
6.604460446044604360e+00,-1.164288476737795008e+00
6.605860586058605932e+00,-1.163871342371336937e+00
6.607260726072607504e+00,-1.163454256932539010e+00
6.608660866086608188e+00,-1.163037220913452074e+00
6.610061006100609760e+00,-1.162620234804222719e+00
6.611461146114611331e+00,-1.162203299093718556e+00
6.612861286128612903e+00,-1.161786414268604517e+00
6.614261426142614475e+00,-1.161369580813641278e+00
6.615661566156615159e+00,-1.160952799212410014e+00
6.617061706170616731e+00,-1.160536069945905524e+00
6.618461846184618302e+00,-1.160119393494028373e+00
6.619861986198619874e+00,-1.159702770334320121e+00
6.621262126212621446e+00,-1.159286200942759137e+00
6.622662266226622130e+00,-1.158869685794243765e+00
6.624062406240623702e+00,-1.158453225360617012e+00
6.625462546254625273e+00,-1.158036820113011345e+00
6.626862686268626845e+00,-1.157620470520342337e+00
6.628262826282628417e+00,-1.157204177049891314e+00
6.629662966296629101e+00,-1.156787940167035345e+00
6.631063106310630673e+00,-1.156371760335630938e+00
6.632463246324632244e+00,-1.155955638017829301e+00
6.633863386338633816e+00,-1.155539573673777909e+00
6.635263526352635388e+00,-1.155123567762075254e+00
6.636663666366636072e+00,-1.154707620739927165e+00
6.638063806380637644e+00,-1.154291733061711511e+00
6.639463946394639215e+00,-1.153875905181578787e+00
6.640864086408640787e+00,-1.153460137550965214e+00
6.642264226422642359e+00,-1.153044430619857508e+00
6.643664366436643931e+00,-1.152628784836480236e+00
6.645064506450644615e+00,-1.152213200647707936e+00
6.646464646464646187e+00,-1.151797678498354571e+00
6.647864786478647758e+00,-1.151382218831500381e+00
6.649264926492649330e+00,-1.150966822088776098e+00
6.650665066506650902e+00,-1.150551488710092940e+00
6.652065206520651586e+00,-1.150136219133798932e+00
6.653465346534653158e+00,-1.149721013796224156e+00
6.654865486548654729e+00,-1.149305873132405509e+00
6.656265626562656301e+00,-1.148890797575461420e+00
6.657665766576657873e+00,-1.148475787556776595e+00
6.659065906590658557e+00,-1.148060843506755191e+00
6.660466046604660129e+00,-1.147645965853058669e+00
6.661866186618661700e+00,-1.147231155022666371e+00
6.663266326632663272e+00,-1.146816411440184424e+00
6.664666466646664844e+00,-1.146401735529792631e+00
6.666066606660665528e+00,-1.145987127712132292e+00
6.667466746674667100e+00,-1.145572588408256820e+00
6.668866886688668671e+00,-1.145158118035993766e+00
6.670267026702670243e+00,-1.144743717012431716e+00
6.671667166716671815e+00,-1.144329385752769213e+00
6.673067306730672499e+00,-1.143915124670812133e+00
6.674467446744674071e+00,-1.143500934178348416e+00
6.675867586758675642e+00,-1.143086814685773334e+00
6.677267726772677214e+00,-1.142672766602203183e+00
6.678667866786678786e+00,-1.142258790334807372e+00
6.680068006800679470e+00,-1.141844886289135275e+00
6.681468146814681042e+00,-1.141431054869443074e+00
6.682868286828682614e+00,-1.141017296477897958e+00
6.684268426842684185e+00,-1.140603611515984994e+00
6.685668566856685757e+00,-1.140190000382588664e+00
6.687068706870687329e+00,-1.139776463475755008e+00
6.688468846884688013e+00,-1.139363001191739500e+00
6.689868986898689585e+00,-1.138949613925035464e+00
6.691269126912691156e+00,-1.138536302068956729e+00
6.692669266926692728e+00,-1.138123066015126028e+00
6.694069406940694300e+00,-1.137709906153574480e+00
6.695469546954694984e+00,-1.137296822872599478e+00
6.696869686968696556e+00,-1.136883816559503657e+00
6.698269826982698127e+00,-1.136470887599429602e+00
6.699669966996699699e+00,-1.136058036376553559e+00
6.701070107010701271e+00,-1.135645263273190153e+00
6.702470247024701955e+00,-1.135232568670119235e+00
6.703870387038703527e+00,-1.134819952946983790e+00
6.705270527052705098e+00,-1.134407416481337805e+00
6.706670667066706670e+00,-1.133994959649925249e+00
6.708070807080708242e+00,-1.133582582827145302e+00
6.709470947094708926e+00,-1.133170286386572911e+00
6.710871087108710498e+00,-1.132758070700219832e+00
6.712271227122712070e+00,-1.132345936138420939e+00
6.713671367136713641e+00,-1.131933883069947910e+00
6.715071507150715213e+00,-1.131521911862222396e+00
6.716471647164715897e+00,-1.131110022881458121e+00
6.717871787178717469e+00,-1.130698216491794028e+00
6.719271927192719041e+00,-1.130286493056644304e+00
6.720672067206720612e+00,-1.129874852937106766e+00
6.722072207220722184e+00,-1.129463296493725011e+00
6.723472347234722868e+00,-1.129051824084726263e+00
6.724872487248724440e+00,-1.128640436067627206e+00
6.726272627262726012e+00,-1.128229132797997636e+00
6.727672767276727583e+00,-1.127817914630227847e+00
6.729072907290729155e+00,-1.127406781917159151e+00
6.730473047304730727e+00,-1.126995735010197563e+00
6.731873187318731411e+00,-1.126584774259484334e+00
6.733273327332732983e+00,-1.126173900013412776e+00
6.734673467346734554e+00,-1.125763112619225126e+00
6.736073607360736126e+00,-1.125352412422714110e+00
6.737473747374737698e+00,-1.124941799768123474e+00
6.738873887388738382e+00,-1.124531274998417985e+00
6.740274027402739954e+00,-1.124120838455226590e+00
6.741674167416741525e+00,-1.123710490478629254e+00
6.743074307430743097e+00,-1.123300231407156957e+00
6.744474447444744669e+00,-1.122890061578388554e+00
6.745874587458745353e+00,-1.122479981328183385e+00
6.747274727472746925e+00,-1.122069990990937072e+00
6.748674867486748497e+00,-1.121660090899951001e+00
6.750075007500750068e+00,-1.121250281387233372e+00
6.751475147514751640e+00,-1.120840562782916550e+00
6.752875287528752324e+00,-1.120430935416237617e+00
6.754275427542753896e+00,-1.120021399614884672e+00
6.755675567556755468e+00,-1.119611955705067885e+00
6.757075707570757039e+00,-1.119202604011888980e+00
6.758475847584758611e+00,-1.118793344858858063e+00
6.759875987598759295e+00,-1.118384178568604170e+00
6.761276127612760867e+00,-1.117975105461638918e+00
6.762676267626762439e+00,-1.117566125857777593e+00
6.764076407640764010e+00,-1.117157240075272284e+00
6.765476547654765582e+00,-1.116748448431181373e+00
6.766876687668766266e+00,-1.116339751240730038e+00
6.768276827682767838e+00,-1.115931148818603447e+00
6.769676967696769410e+00,-1.115522641477710408e+00
6.771077107710770981e+00,-1.115114229529496015e+00
6.772477247724772553e+00,-1.114705913284325334e+00
6.773877387738774125e+00,-1.114297693051469196e+00
6.775277527752774809e+00,-1.113889569138351021e+00
6.776677667766776381e+00,-1.113481541851641055e+00
6.778077807780777952e+00,-1.113073611496332660e+00
6.779477947794779524e+00,-1.112665778376211279e+00
6.780878087808781096e+00,-1.112258042793982327e+00
6.782278227822781780e+00,-1.111850405050944346e+00
6.783678367836783352e+00,-1.111442865446576889e+00
6.785078507850784924e+00,-1.111035424280316875e+00
6.786478647864786495e+00,-1.110628081848886950e+00
6.787878787878788067e+00,-1.110220838449265557e+00
6.789278927892788751e+00,-1.109813694375674231e+00
6.790679067906790323e+00,-1.109406649921908183e+00
6.792079207920791895e+00,-1.108999705380483647e+00
6.793479347934793466e+00,-1.108592861042424715e+00
6.794879487948795038e+00,-1.108186117197632825e+00
6.796279627962795722e+00,-1.107779474134687803e+00
6.797679767976797294e+00,-1.107372932141075239e+00
6.799079907990798866e+00,-1.106966491502745953e+00
6.800480048004800437e+00,-1.106560152504954431e+00
6.801880188018802009e+00,-1.106153915431306700e+00
6.803280328032802693e+00,-1.105747780563916649e+00
6.804680468046804265e+00,-1.105341748184443418e+00
6.806080608060805837e+00,-1.104935818572428730e+00
6.807480748074807408e+00,-1.104529992007286410e+00
6.808880888088808980e+00,-1.104124268766156547e+00
6.810281028102810552e+00,-1.103718649125468687e+00
6.811681168116811236e+00,-1.103313133360373399e+00
6.813081308130812808e+00,-1.102907721745083336e+00
6.814481448144814379e+00,-1.102502414552319010e+00
6.815881588158815951e+00,-1.102097212053649855e+00
6.817281728172817523e+00,-1.101692114519210008e+00
6.818681868186818207e+00,-1.101287122218593595e+00
6.820082008200819779e+00,-1.100882235419447852e+00
6.821482148214821351e+00,-1.100477454389078957e+00
6.822882288228822922e+00,-1.100072779392803568e+00
6.824282428242824494e+00,-1.099668210695242010e+00
6.825682568256825178e+00,-1.099263748559792475e+00
6.827082708270826750e+00,-1.098859393248588390e+00
6.828482848284828322e+00,-1.098455145022583679e+00
6.829882988298829893e+00,-1.098051004142064357e+00
6.831283128312831465e+00,-1.097646970865071125e+00
6.832683268326832149e+00,-1.097243045449445731e+00
6.834083408340833721e+00,-1.096839228151935686e+00
6.835483548354835293e+00,-1.096435519227313193e+00
6.836883688368836864e+00,-1.096031918930151505e+00
6.838283828382838436e+00,-1.095628427513460679e+00
6.839683968396839120e+00,-1.095225045228517047e+00
6.841084108410840692e+00,-1.094821772326909581e+00
6.842484248424842264e+00,-1.094418609057257186e+00
6.843884388438843835e+00,-1.094015555669017203e+00
6.845284528452845407e+00,-1.093612612409259555e+00
6.846684668466846091e+00,-1.093209779524343617e+00
6.848084808480847663e+00,-1.092807057259207681e+00
6.849484948494849235e+00,-1.092404445858235817e+00
6.850885088508850806e+00,-1.092001945564035736e+00
6.852285228522852378e+00,-1.091599556618746192e+00
6.853685368536853950e+00,-1.091197279263198539e+00
6.855085508550854634e+00,-1.090795113736874100e+00
6.856485648564856206e+00,-1.090393060278486814e+00
6.857885788578857778e+00,-1.089991119125571117e+00
6.859285928592859349e+00,-1.089589290514567210e+00
6.860686068606860921e+00,-1.089187574681020010e+00
6.862086208620861605e+00,-1.088785971858683865e+00
6.863486348634863177e+00,-1.088384482281171017e+00
6.864886488648864749e+00,-1.087983106180772097e+00
6.866286628662866320e+00,-1.087581843788470337e+00
6.867686768676867892e+00,-1.087180695334168945e+00
6.869086908690868576e+00,-1.086779661046918477e+00
6.870487048704870148e+00,-1.086378741154447880e+00
6.871887188718871720e+00,-1.085977935884400836e+00
6.873287328732873291e+00,-1.085577245461863072e+00
6.874687468746874863e+00,-1.085176670111721364e+00
6.876087608760875547e+00,-1.084776210058095103e+00
6.877487748774877119e+00,-1.084375865523384164e+00
6.878887888788878691e+00,-1.083975636729320513e+00
6.880288028802880262e+00,-1.083575523896598725e+00
6.881688168816881834e+00,-1.083175527245316516e+00
6.883088308830882518e+00,-1.082775646993695773e+00
6.884488448844884090e+00,-1.082375883359190993e+00
6.885888588858885662e+00,-1.081976236558560345e+00
6.887288728872887233e+00,-1.081576706807780397e+00
6.888688868886888805e+00,-1.081177294320852411e+00
6.890089008900889489e+00,-1.080777999311521853e+00
6.891489148914891061e+00,-1.080378821992880489e+00
6.892889288928892633e+00,-1.079979762575547397e+00
6.894289428942894205e+00,-1.079580821271136415e+00
6.895689568956895776e+00,-1.079181998288561317e+00
6.897089708970897348e+00,-1.078783293836863777e+00
6.898489848984898032e+00,-1.078384708123365954e+00
6.899889988998899604e+00,-1.077986241355020525e+00
6.901290129012901176e+00,-1.077587893736918545e+00
6.902690269026902747e+00,-1.077189665474648450e+00
6.904090409040904319e+00,-1.076791556771425462e+00
6.905490549054905003e+00,-1.076393567829967424e+00
6.906890689068906575e+00,-1.075995698852267424e+00
6.908290829082908147e+00,-1.075597950039394846e+00
6.909690969096909718e+00,-1.075200321590799035e+00
6.911091109110911290e+00,-1.074802813705744597e+00
6.912491249124911974e+00,-1.074405426581918732e+00
6.913891389138913546e+00,-1.074008160416894953e+00
6.915291529152915118e+00,-1.073611015406484626e+00
6.916691669166916689e+00,-1.073213991745717522e+00
6.918091809180918261e+00,-1.072817089629054976e+00
6.919491949194918945e+00,-1.072420309249721981e+00
6.920892089208920517e+00,-1.072023650800133510e+00
6.922292229222922089e+00,-1.071627114471652931e+00
6.923692369236923660e+00,-1.071230700454819385e+00
6.925092509250925232e+00,-1.070834408939575155e+00
6.926492649264925916e+00,-1.070438240114128803e+00
6.927892789278927488e+00,-1.070042194166461513e+00
6.929292929292929060e+00,-1.069646271283517081e+00
6.930693069306930632e+00,-1.069250471651216117e+00
6.932093209320932203e+00,-1.068854795454512896e+00
6.933493349334932887e+00,-1.068459242877779047e+00
6.934893489348934459e+00,-1.068063814104249332e+00
6.936293629362936031e+00,-1.067668509316078485e+00
6.937693769376937603e+00,-1.067273328694938073e+00
6.939093909390939174e+00,-1.066878272421348584e+00
6.940494049404940746e+00,-1.066483340675119962e+00
6.941894189418941430e+00,-1.066088533634939495e+00
6.943294329432943002e+00,-1.065693851478883403e+00
6.944694469446944574e+00,-1.065299294384033146e+00
6.946094609460946145e+00,-1.064904862526461216e+00
6.947494749474947717e+00,-1.064510556081785353e+00
6.948894889488948401e+00,-1.064116375224074318e+00
6.950295029502949973e+00,-1.063722320127141074e+00
6.951695169516951545e+00,-1.063328390964031200e+00
6.953095309530953116e+00,-1.062934587906212869e+00
6.954495449544954688e+00,-1.062540911124926879e+00
6.955895589558955372e+00,-1.062147360790334005e+00
6.957295729572956944e+00,-1.061753937071685527e+00
6.958695869586958516e+00,-1.061360640137692712e+00
6.960096009600960087e+00,-1.060967470155986803e+00
6.961496149614961659e+00,-1.060574427293488498e+00
6.962896289628962343e+00,-1.060181511715668989e+00
6.964296429642963915e+00,-1.059788723588454218e+00
6.965696569656965487e+00,-1.059396063075794814e+00
6.967096709670967059e+00,-1.059003530341172450e+00
6.968496849684968630e+00,-1.058611125547272991e+00
6.969896989698969314e+00,-1.058218848856171235e+00
6.971297129712970886e+00,-1.057826700428677213e+00
6.972697269726972458e+00,-1.057434680425416218e+00
6.974097409740974030e+00,-1.057042789005308236e+00
6.975497549754975601e+00,-1.056651026327415366e+00
6.976897689768976285e+00,-1.056259392549350196e+00
6.978297829782977857e+00,-1.055867887828355833e+00
6.979697969796979429e+00,-1.055476512320424831e+00
6.981098109810981001e+00,-1.055085266181109205e+00
6.982498249824982572e+00,-1.054694149565023054e+00
6.983898389838984144e+00,-1.054303162625956247e+00
6.985298529852984828e+00,-1.053912305517201276e+00
6.986698669866986400e+00,-1.053521578390828495e+00
6.988098809880987972e+00,-1.053130981398624044e+00
6.989498949894989543e+00,-1.052740514690938767e+00
6.990899089908991115e+00,-1.052350178417938764e+00
6.992299229922991799e+00,-1.051959972729051174e+00
6.993699369936993371e+00,-1.051569897772253626e+00
6.995099509950994943e+00,-1.051179953695623226e+00
6.996499649964996514e+00,-1.050790140645659676e+00
6.997899789978998086e+00,-1.050400458768933731e+00
6.999299929992998770e+00,-1.050010908210509797e+00
7.000700070007000342e+00,-1.049621489114983319e+00
7.002100210021001914e+00,-1.049232201626580263e+00
7.003500350035003486e+00,-1.048843045888233405e+00
7.004900490049005057e+00,-1.048454022042108136e+00
7.006300630063005741e+00,-1.048065130230185105e+00
7.007700770077007313e+00,-1.047676370593407569e+00
7.009100910091008885e+00,-1.047287743271596128e+00
7.010501050105010457e+00,-1.046899248404429272e+00
7.011901190119012028e+00,-1.046510886130690210e+00
7.013301330133012712e+00,-1.046122656588281075e+00
7.014701470147014284e+00,-1.045734559914322404e+00
7.016101610161015856e+00,-1.045346596245593673e+00
7.017501750175017428e+00,-1.044958765717851179e+00
7.018901890189018999e+00,-1.044571068466041197e+00
7.020302030203019683e+00,-1.044183504624669467e+00
7.021702170217021255e+00,-1.043796074327474344e+00
7.023102310231022827e+00,-1.043408777707298896e+00
7.024502450245024399e+00,-1.043021614896588289e+00
7.025902590259025970e+00,-1.042634586026792931e+00
7.027302730273027542e+00,-1.042247691228865847e+00
7.028702870287028226e+00,-1.041860930632779514e+00
7.030103010301029798e+00,-1.041474304368279036e+00
7.031503150315031370e+00,-1.041087812564100545e+00
7.032903290329032941e+00,-1.040701455348084892e+00
7.034303430343034513e+00,-1.040315232847930815e+00
7.035703570357035197e+00,-1.039929145190399140e+00
7.037103710371036769e+00,-1.039543192501398039e+00
7.038503850385038341e+00,-1.039157374906352516e+00
7.039903990399039913e+00,-1.038771692529820712e+00
7.041304130413041484e+00,-1.038386145495863389e+00
7.042704270427042168e+00,-1.038000733928171826e+00
7.044104410441043740e+00,-1.037615457949442543e+00
7.045504550455045312e+00,-1.037230317681249403e+00
7.046904690469046884e+00,-1.036845313245123634e+00
7.048304830483048455e+00,-1.036460444761914346e+00
7.049704970497049139e+00,-1.036075712351674838e+00
7.051105110511050711e+00,-1.035691116133961032e+00
7.052505250525052283e+00,-1.035306656227035660e+00
7.053905390539053855e+00,-1.034922332749445673e+00
7.055305530553055426e+00,-1.034538145818714838e+00
7.056705670567056110e+00,-1.034154095551315322e+00
7.058105810581057682e+00,-1.033770182063605603e+00
7.059505950595059254e+00,-1.033386405471063085e+00
7.060906090609060826e+00,-1.033002765888895169e+00
7.062306230623062397e+00,-1.032619263431016066e+00
7.063706370637063969e+00,-1.032235898211155245e+00
7.065106510651064653e+00,-1.031852670342630063e+00
7.066506650665066225e+00,-1.031469579937351000e+00
7.067906790679067797e+00,-1.031086627107455911e+00
7.069306930693069368e+00,-1.030703811964102101e+00
7.070707070707070940e+00,-1.030321134617764756e+00
7.072107210721071624e+00,-1.029938595178123251e+00
7.073507350735073196e+00,-1.029556193754842752e+00
7.074907490749074768e+00,-1.029173930456835251e+00
7.076307630763076340e+00,-1.028791805391861658e+00
7.077707770777077911e+00,-1.028409818667199715e+00
7.079107910791078595e+00,-1.028027970390269275e+00
7.080508050805080167e+00,-1.027646260667026468e+00
7.081908190819081739e+00,-1.027264689603626380e+00
7.083308330833083311e+00,-1.026883257304632480e+00
7.084708470847084882e+00,-1.026501963874522971e+00
7.086108610861085566e+00,-1.026120809417832902e+00
7.087508750875087138e+00,-1.025739794037662023e+00
7.088908890889088710e+00,-1.025358917836683759e+00
7.090309030903090282e+00,-1.024978180917059944e+00
7.091709170917091853e+00,-1.024597583380483456e+00
7.093109310931092537e+00,-1.024217125328064526e+00
7.094509450945094109e+00,-1.023836806860202842e+00
7.095909590959095681e+00,-1.023456628076772290e+00
7.097309730973097253e+00,-1.023076589076978848e+00
7.098709870987098824e+00,-1.022696689959914806e+00
7.100110011001099508e+00,-1.022316930823251369e+00
7.101510151015101080e+00,-1.021937311765370282e+00
7.102910291029102652e+00,-1.021557832882507455e+00
7.104310431043104224e+00,-1.021178494271865134e+00
7.105710571057105795e+00,-1.020799296029053949e+00
7.107110711071107367e+00,-1.020420238249712952e+00
7.108510851085108051e+00,-1.020041321028372749e+00
7.109910991099109623e+00,-1.019662544459762898e+00
7.111311131113111195e+00,-1.019283908637092395e+00
7.112711271127112767e+00,-1.018905413654309200e+00
7.114111411141114338e+00,-1.018527059603670182e+00
7.115511551155115022e+00,-1.018148846577446420e+00
7.116911691169116594e+00,-1.017770774667127398e+00
7.118311831183118166e+00,-1.017392843964032068e+00
7.119711971197119738e+00,-1.017015054558612519e+00
7.121112111211121309e+00,-1.016637406540894517e+00
7.122512251225121993e+00,-1.016259900000221705e+00
7.123912391239123565e+00,-1.015882535025937727e+00
7.125312531253125137e+00,-1.015505311706007774e+00
7.126712671267126709e+00,-1.015128230128851783e+00
7.128112811281128280e+00,-1.014751290381838089e+00
7.129512951295128964e+00,-1.014374492551752382e+00
7.130913091309130536e+00,-1.013997836724840340e+00
7.132313231323132108e+00,-1.013621322987262374e+00
7.133713371337133680e+00,-1.013244951424454143e+00
7.135113511351135251e+00,-1.012868722120970233e+00
7.136513651365135935e+00,-1.012492635161521548e+00
7.137913791379137507e+00,-1.012116690629923710e+00
7.139313931393139079e+00,-1.011740888609409694e+00
7.140714071407140651e+00,-1.011365229182956682e+00
7.142114211421142222e+00,-1.010989712433143950e+00
7.143514351435142906e+00,-1.010614338441413906e+00
7.144914491449144478e+00,-1.010239107289535809e+00
7.146314631463146050e+00,-1.009864019058511531e+00
7.147714771477147622e+00,-1.009489073828703454e+00
7.149114911491149194e+00,-1.009114271679806052e+00
7.150515051505150765e+00,-1.008739612691726961e+00
7.151915191519151449e+00,-1.008365096943009576e+00
7.153315331533153021e+00,-1.007990724512694669e+00
7.154715471547154593e+00,-1.007616495478345087e+00
7.156115611561156165e+00,-1.007242409917779469e+00
7.157515751575157736e+00,-1.006868467908233811e+00
7.158915891589158420e+00,-1.006494669526190933e+00
7.160316031603159992e+00,-1.006121014847977335e+00
7.161716171617161564e+00,-1.005747503948839494e+00
7.163116311631163136e+00,-1.005374136904734428e+00
7.164516451645164707e+00,-1.005000913790254913e+00
7.165916591659165391e+00,-1.004627834679283183e+00
7.167316731673166963e+00,-1.004254899646284116e+00
7.168716871687168535e+00,-1.003882108764628356e+00
7.170117011701170107e+00,-1.003509462107018635e+00
7.171517151715171678e+00,-1.003136959746143475e+00
7.172917291729172362e+00,-1.002764601753767693e+00
7.174317431743173934e+00,-1.002392388202451912e+00
7.175717571757175506e+00,-1.002020319162440387e+00
7.177117711771177078e+00,-1.001648394705043188e+00
7.178517851785178649e+00,-1.001276614900334039e+00
7.179917991799179333e+00,-1.000904979818329821e+00
7.181318131813180905e+00,-1.000533489528535824e+00
7.182718271827182477e+00,-1.000162144099988382e+00
7.184118411841184049e+00,-9.997909436012406559e-01
7.185518551855185621e+00,-9.994198881005189605e-01
7.186918691869186304e+00,-9.990489776655095966e-01
7.188318831883187876e+00,-9.986782123633588526e-01
7.189718971897189448e+00,-9.983075922613409148e-01
7.191119111911191020e+00,-9.979371174258773181e-01
7.192519251925192592e+00,-9.975667879230343260e-01
7.193919391939194163e+00,-9.971966038182813463e-01
7.195319531953194847e+00,-9.968265651770167324e-01
7.196719671967196419e+00,-9.964566720640277708e-01
7.198119811981197991e+00,-9.960869245434622599e-01
7.199519951995199563e+00,-9.957173226800648536e-01
7.200920092009201134e+00,-9.953478665367754274e-01
7.202320232023201818e+00,-9.949785561772017672e-01
7.203720372037203390e+00,-9.946093916639284771e-01
7.205120512051204962e+00,-9.942403730595685829e-01
7.206520652065206534e+00,-9.938715004258398267e-01
7.207920792079208105e+00,-9.935027738246731133e-01
7.209320932093208789e+00,-9.931341933170187986e-01
7.210721072107210361e+00,-9.927657589637561841e-01
7.212121212121211933e+00,-9.923974708257361499e-01
7.213521352135213505e+00,-9.920293289623458577e-01
7.214921492149215076e+00,-9.916613334338109098e-01
7.216321632163215760e+00,-9.912934842991063533e-01
7.217721772177217332e+00,-9.909257816172925004e-01
7.219121912191218904e+00,-9.905582254467617531e-01
7.220522052205220476e+00,-9.901908158457501941e-01
7.221922192219222048e+00,-9.898235528720675802e-01
7.223322332233222731e+00,-9.894564365830831321e-01
7.224722472247224303e+00,-9.890894670357255336e-01
7.226122612261225875e+00,-9.887226442866676734e-01
7.227522752275227447e+00,-9.883559683923692774e-01
7.228922892289229019e+00,-9.879894394084089981e-01
7.230323032303229702e+00,-9.876230573906497057e-01
7.231723172317231274e+00,-9.872568223941158294e-01
7.233123312331232846e+00,-9.868907344739454857e-01
7.234523452345234418e+00,-9.865247936839836029e-01
7.235923592359235990e+00,-9.861590000789135502e-01
7.237323732373237561e+00,-9.857933537120970868e-01
7.238723872387238245e+00,-9.854278546373933523e-01
7.240124012401239817e+00,-9.850625029071835570e-01
7.241524152415241389e+00,-9.846972985746731410e-01
7.242924292429242961e+00,-9.843322416923285800e-01
7.244324432443244532e+00,-9.839673323115505355e-01
7.245724572457245216e+00,-9.836025704845070550e-01
7.247124712471246788e+00,-9.832379562621582636e-01
7.248524852485248360e+00,-9.828734896958764011e-01
7.249924992499249932e+00,-9.825091708357405196e-01
7.251325132513251503e+00,-9.821449997327391657e-01
7.252725272527252187e+00,-9.817809764359282099e-01
7.254125412541253759e+00,-9.814171009955856562e-01
7.255525552555255331e+00,-9.810533734609947487e-01
7.256925692569256903e+00,-9.806897938807850323e-01
7.258325832583258475e+00,-9.803263623037423713e-01
7.259725972597259158e+00,-9.799630787781694607e-01
7.261126112611260730e+00,-9.795999433520137245e-01
7.262526252625262302e+00,-9.792369560728957367e-01
7.263926392639263874e+00,-9.788741169881234327e-01
7.265326532653265446e+00,-9.785114261445500006e-01
7.266726672667266129e+00,-9.781488835891565259e-01
7.268126812681267701e+00,-9.777864893681709191e-01
7.269526952695269273e+00,-9.774242435275368734e-01
7.270927092709270845e+00,-9.770621461128854435e-01
7.272327232723272417e+00,-9.767001971700608465e-01
7.273727372737273100e+00,-9.763383967435288469e-01
7.275127512751274672e+00,-9.759767448785652277e-01
7.276527652765276244e+00,-9.756152416200905009e-01
7.277927792779277816e+00,-9.752538870110640801e-01
7.279327932793279388e+00,-9.748926810960796274e-01
7.280728072807280959e+00,-9.745316239188213103e-01
7.282128212821281643e+00,-9.741707155224474945e-01
7.283528352835283215e+00,-9.738099559494912683e-01
7.284928492849284787e+00,-9.734493452432388949e-01
7.286328632863286359e+00,-9.730888834454134440e-01
7.287728772877287930e+00,-9.727285705988890641e-01
7.289128912891288614e+00,-9.723684067446640711e-01
7.290529052905290186e+00,-9.720083919247883841e-01
7.291929192919291758e+00,-9.716485261801466322e-01
7.293329332933293330e+00,-9.712888095515097575e-01
7.294729472947294902e+00,-9.709292420800039736e-01
7.296129612961295585e+00,-9.705698238055475713e-01
7.297529752975297157e+00,-9.702105547683430586e-01
7.298929892989298729e+00,-9.698514350079960877e-01
7.300330033003300301e+00,-9.694924645641691541e-01
7.301730173017301873e+00,-9.691336434760984275e-01
7.303130313031302556e+00,-9.687749717824374329e-01
7.304530453045304128e+00,-9.684164495221239122e-01
7.305930593059305700e+00,-9.680580767330724257e-01
7.307330733073307272e+00,-9.676998534540786068e-01
7.308730873087308844e+00,-9.673417797223748948e-01
7.310131013101309527e+00,-9.669838555755774223e-01
7.311531153115311099e+00,-9.666260810512738999e-01
7.312931293129312671e+00,-9.662684561865120259e-01
7.314331433143314243e+00,-9.659109810172310517e-01
7.315731573157315815e+00,-9.655536555809334232e-01
7.317131713171317386e+00,-9.651964799132457529e-01
7.318531853185318070e+00,-9.648394540502778227e-01
7.319931993199319642e+00,-9.644825780277557215e-01
7.321332133213321214e+00,-9.641258518810218447e-01
7.322732273227322786e+00,-9.637692756453759557e-01
7.324132413241324358e+00,-9.634128493556062267e-01
7.325532553255325041e+00,-9.630565730463445107e-01
7.326932693269326613e+00,-9.627004467520237085e-01
7.328332833283328185e+00,-9.623444705067925042e-01
7.329732973297329757e+00,-9.619886443447001056e-01
7.331133113311331329e+00,-9.616329682993978167e-01
7.332533253325332012e+00,-9.612774424039258747e-01
7.333933393339333584e+00,-9.609220666915661013e-01
7.335333533353335156e+00,-9.605668411956855834e-01
7.336733673367336728e+00,-9.602117659483155876e-01
7.338133813381338300e+00,-9.598568409825247727e-01
7.339533953395338983e+00,-9.595020663298043928e-01
7.340934093409340555e+00,-9.591474420225551967e-01
7.342334233423342127e+00,-9.587929680922968600e-01
7.343734373437343699e+00,-9.584386445705490587e-01
7.345134513451345271e+00,-9.580844714886751490e-01
7.346534653465345954e+00,-9.577304488771289925e-01
7.347934793479347526e+00,-9.573765767671602589e-01
7.349334933493349098e+00,-9.570228551894359725e-01
7.350735073507350670e+00,-9.566692841736710307e-01
7.352135213521352242e+00,-9.563158637503192949e-01
7.353535353535352925e+00,-9.559625939491809277e-01
7.354935493549354497e+00,-9.556094747998287176e-01
7.356335633563356069e+00,-9.552565063316649230e-01
7.357735773577357641e+00,-9.549036885734807356e-01
7.359135913591359213e+00,-9.545510215546499921e-01
7.360536053605360785e+00,-9.541985053039212517e-01
7.361936193619361468e+00,-9.538461398495030608e-01
7.363336333633363040e+00,-9.534939252199023940e-01
7.364736473647364612e+00,-9.531418614428162073e-01
7.366136613661366184e+00,-9.527899485464388363e-01
7.367536753675367756e+00,-9.524381865581119655e-01
7.368936893689368439e+00,-9.520865755052483337e-01
7.370337033703370011e+00,-9.517351154153033121e-01
7.371737173717371583e+00,-9.513838063149080426e-01
7.373137313731373155e+00,-9.510326482314610530e-01
7.374537453745374727e+00,-9.506816411904850384e-01
7.375937593759375410e+00,-9.503307852189948335e-01
7.377337733773376982e+00,-9.499800803431952545e-01
7.378737873787378554e+00,-9.496295265886374182e-01
7.380138013801380126e+00,-9.492791239812703452e-01
7.381538153815381698e+00,-9.489288725466025198e-01
7.382938293829382381e+00,-9.485787723097303115e-01
7.384338433843383953e+00,-9.482288232960485175e-01
7.385738573857385525e+00,-9.478790255304119228e-01
7.387138713871387097e+00,-9.475293790374621494e-01
7.388538853885388669e+00,-9.471798838414571264e-01
7.389938993899389352e+00,-9.468305399674363798e-01
7.391339133913390924e+00,-9.464813474385067593e-01
7.392739273927392496e+00,-9.461323062793525196e-01
7.394139413941394068e+00,-9.457834165137484206e-01
7.395539553955395640e+00,-9.454346781646023601e-01
7.396939693969396323e+00,-9.450860912556606763e-01
7.398339833983397895e+00,-9.447376558103286470e-01
7.399739973997399467e+00,-9.443893718508036272e-01
7.401140114011401039e+00,-9.440412394005193164e-01
7.402540254025402611e+00,-9.436932584819857084e-01
7.403940394039404183e+00,-9.433454291174996342e-01
7.405340534053404866e+00,-9.429977513289458102e-01
7.406740674067406438e+00,-9.426502251389621279e-01
7.408140814081408010e+00,-9.423028505688648693e-01
7.409540954095409582e+00,-9.419556276408371787e-01
7.410941094109411154e+00,-9.416085563757974342e-01
7.412341234123411837e+00,-9.412616367953603458e-01
7.413741374137413409e+00,-9.409148689204585025e-01
7.415141514151414981e+00,-9.405682527723797648e-01
7.416541654165416553e+00,-9.402217883716588176e-01
7.417941794179418125e+00,-9.398754757387877135e-01
7.419341934193418808e+00,-9.395293148945711437e-01
7.420742074207420380e+00,-9.391833058590748351e-01
7.422142214221421952e+00,-9.388374486514123873e-01
7.423542354235423524e+00,-9.384917432931700887e-01
7.424942494249425096e+00,-9.381461898030352131e-01
7.426342634263425779e+00,-9.378007882007040052e-01
7.427742774277427351e+00,-9.374555385057448120e-01
7.429142914291428923e+00,-9.371104407370580702e-01
7.430543054305430495e+00,-9.367654949139705423e-01
7.431943194319432067e+00,-9.364207010552689781e-01
7.433343334333432750e+00,-9.360760591798538144e-01
7.434743474347434322e+00,-9.357315693060996864e-01
7.436143614361435894e+00,-9.353872314521538556e-01
7.437543754375437466e+00,-9.350430456366609633e-01
7.438943894389439038e+00,-9.346990118775266865e-01
7.440344034403439721e+00,-9.343551301926993347e-01
7.441744174417441293e+00,-9.340114005996866808e-01
7.443144314431442865e+00,-9.336678231166786190e-01
7.444544454445444437e+00,-9.333243977602876384e-01
7.445944594459446009e+00,-9.329811245481209880e-01
7.447344734473447581e+00,-9.326380034975585431e-01
7.448744874487448264e+00,-9.322950346256675402e-01
7.450145014501449836e+00,-9.319522179483641366e-01
7.451545154515451408e+00,-9.316095534830708402e-01
7.452945294529452980e+00,-9.312670412461585556e-01
7.454345434543454552e+00,-9.309246812539697657e-01
7.455745574557455235e+00,-9.305824735225058930e-01
7.457145714571456807e+00,-9.302404180680667878e-01
7.458545854585458379e+00,-9.298985149064264988e-01
7.459945994599459951e+00,-9.295567640533164422e-01
7.461346134613461523e+00,-9.292151655242264496e-01
7.462746274627462206e+00,-9.288737193349732024e-01
7.464146414641463778e+00,-9.285324255004070437e-01
7.465546554655465350e+00,-9.281912840362309680e-01
7.466946694669466922e+00,-9.278502949568547820e-01
7.468346834683468494e+00,-9.275094582775551544e-01
7.469746974697469177e+00,-9.271687740129834765e-01
7.471147114711470749e+00,-9.268282421776063984e-01
7.472547254725472321e+00,-9.264878627861179439e-01
7.473947394739473893e+00,-9.261476358527573893e-01
7.475347534753475465e+00,-9.258075613914087398e-01
7.476747674767476148e+00,-9.254676394164249587e-01
7.478147814781477720e+00,-9.251278699416616291e-01
7.479547954795479292e+00,-9.247882529805337981e-01
7.480948094809480864e+00,-9.244487885470960009e-01
7.482348234823482436e+00,-9.241094766549053929e-01
7.483748374837483119e+00,-9.237703173167375326e-01
7.485148514851484691e+00,-9.234313105463485272e-01
7.486548654865486263e+00,-9.230924563566560437e-01
7.487948794879487835e+00,-9.227537547606488033e-01
7.489348934893489407e+00,-9.224152057709318342e-01
7.490749074907490979e+00,-9.220768094003233273e-01
7.492149214921491662e+00,-9.217385656616983169e-01
7.493549354935493234e+00,-9.214004745668376017e-01
7.494949494949494806e+00,-9.210625361282751555e-01
7.496349634963496378e+00,-9.207247503587581150e-01
7.497749774977497950e+00,-9.203871172697546399e-01
7.499149914991498633e+00,-9.200496368732160590e-01
7.500550055005500205e+00,-9.197123091809515927e-01
7.501950195019501777e+00,-9.193751342046283526e-01
7.503350335033503349e+00,-9.190381119558566070e-01
7.504750475047504921e+00,-9.187012424462608351e-01
7.506150615061505604e+00,-9.183645256867407625e-01
7.507550755075507176e+00,-9.180279616885087535e-01
7.508950895089508748e+00,-9.176915504629903353e-01
7.510351035103510320e+00,-9.173552920208436490e-01
7.511751175117511892e+00,-9.170191863730110526e-01
7.513151315131512575e+00,-9.166832335293690903e-01
7.514551455145514147e+00,-9.163474335020254102e-01
7.515951595159515719e+00,-9.160117863001460137e-01
7.517351735173517291e+00,-9.156762919344885177e-01
7.518751875187518863e+00,-9.153409504154979004e-01
7.520152015201519546e+00,-9.150057617527806997e-01
7.521552155215521118e+00,-9.146707259565545201e-01
7.522952295229522690e+00,-9.143358430369659118e-01
7.524352435243524262e+00,-9.140011130034935150e-01
7.525752575257525834e+00,-9.136665358655449154e-01
7.527152715271526517e+00,-9.133321116330961331e-01
7.528552855285528089e+00,-9.129978403149436872e-01
7.529952995299529661e+00,-9.126637219210067542e-01
7.531353135313531233e+00,-9.123297564602950160e-01
7.532753275327532805e+00,-9.119959439417186786e-01
7.534153415341534377e+00,-9.116622843742874238e-01
7.535553555355535060e+00,-9.113287777667551381e-01
7.536953695369536632e+00,-9.109954241279751841e-01
7.538353835383538204e+00,-9.106622234666446047e-01
7.539753975397539776e+00,-9.103291757913183346e-01
7.541154115411541348e+00,-9.099962811102386695e-01
7.542554255425542031e+00,-9.096635394316905376e-01
7.543954395439543603e+00,-9.093309507641151868e-01
7.545354535453545175e+00,-9.089985151154280629e-01
7.546754675467546747e+00,-9.086662324933598711e-01
7.548154815481548319e+00,-9.083341029064513350e-01
7.549554955495549002e+00,-9.080021263616231408e-01
7.550955095509550574e+00,-9.076703028675012774e-01
7.552355235523552146e+00,-9.073386324310774853e-01
7.553755375537553718e+00,-9.070071150593435050e-01
7.555155515551555290e+00,-9.066757507607974276e-01
7.556555655565555973e+00,-9.063445395419336137e-01
7.557955795579557545e+00,-9.060134814098006473e-01
7.559355935593559117e+00,-9.056825763718023836e-01
7.560756075607560689e+00,-9.053518244349731958e-01
7.562156215621562261e+00,-9.050212256055232274e-01
7.563556355635562944e+00,-9.046907798910694964e-01
7.564956495649564516e+00,-9.043604872978221465e-01
7.566356635663566088e+00,-9.040303478325597553e-01
7.567756775677567660e+00,-9.037003615008671886e-01
7.569156915691569232e+00,-9.033705283101909345e-01
7.570557055705570804e+00,-9.030408482664711300e-01
7.571957195719571487e+00,-9.027113213753636956e-01
7.573357335733573059e+00,-9.023819476436472087e-01
7.574757475747574631e+00,-9.020527270769207462e-01
7.576157615761576203e+00,-9.017236596809681259e-01
7.577557755775577775e+00,-9.013947454619000155e-01
7.578957895789578458e+00,-9.010659844247754791e-01
7.580358035803580030e+00,-9.007373765755772865e-01
7.581758175817581602e+00,-9.004089219202313643e-01
7.583158315831583174e+00,-9.000806204631857099e-01
7.584558455845584746e+00,-8.997524722105509909e-01
7.585958595859585429e+00,-8.994244771671731087e-01
7.587358735873587001e+00,-8.990966353380684950e-01
7.588758875887588573e+00,-8.987689467283956901e-01
7.590159015901590145e+00,-8.984414113433416560e-01
7.591559155915591717e+00,-8.981140291870843839e-01
7.592959295929592400e+00,-8.977868002648108359e-01
7.594359435943593972e+00,-8.974597245811963830e-01
7.595759575957595544e+00,-8.971328021409163966e-01
7.597159715971597116e+00,-8.968060329482341331e-01
7.598559855985598688e+00,-8.964794170075975899e-01
7.599959995999599371e+00,-8.961529543228721195e-01
7.601360136013600943e+00,-8.958266448989746777e-01
7.602760276027602515e+00,-8.955004887395858759e-01
7.604160416041604087e+00,-8.951744858488694945e-01
7.605560556055605659e+00,-8.948486362306340425e-01
7.606960696069606342e+00,-8.945229398888727701e-01
7.608360836083607914e+00,-8.941973968274083973e-01
7.609760976097609486e+00,-8.938720070499357462e-01
7.611161116111611058e+00,-8.935467705595101506e-01
7.612561256125612630e+00,-8.932216873602669693e-01
7.613961396139614202e+00,-8.928967574554320663e-01
7.615361536153614885e+00,-8.925719808482313056e-01
7.616761676167616457e+00,-8.922473575416915992e-01
7.618161816181618029e+00,-8.919228875394225042e-01
7.619561956195619601e+00,-8.915985708445077762e-01
7.620962096209621173e+00,-8.912744074594343147e-01
7.622362236223621856e+00,-8.909503973874564053e-01
7.623762376237623428e+00,-8.906265406315014843e-01
7.625162516251625000e+00,-8.903028371942411923e-01
7.626562656265626572e+00,-8.899792870779066334e-01
7.627962796279628144e+00,-8.896558902854536655e-01
7.629362936293628827e+00,-8.893326468194544532e-01
7.630763076307630399e+00,-8.890095566822111550e-01
7.632163216321631971e+00,-8.886866198757559232e-01
7.633563356335633543e+00,-8.883638364025330247e-01
7.634963496349635115e+00,-8.880412062648161964e-01
7.636363636363635798e+00,-8.877187294643391624e-01
7.637763776377637370e+00,-8.873964060034040813e-01
7.639163916391638942e+00,-8.870742358837588881e-01
7.640564056405640514e+00,-8.867522191074215243e-01
7.641964196419642086e+00,-8.864303556760404490e-01
7.643364336433642769e+00,-8.861086455907951631e-01
7.644764476447644341e+00,-8.857870888542720422e-01
7.646164616461645913e+00,-8.854656854672953159e-01
7.647564756475647485e+00,-8.851444354311581719e-01
7.648964896489649057e+00,-8.848233387476227563e-01
7.650365036503649740e+00,-8.845023954176269854e-01
7.651765176517651312e+00,-8.841816054426061555e-01
7.653165316531652884e+00,-8.838609688234271289e-01
7.654565456545654456e+00,-8.835404855612267738e-01
7.655965596559656028e+00,-8.832201556567866874e-01
7.657365736573657600e+00,-8.828999791116700635e-01
7.658765876587658283e+00,-8.825799559254505766e-01
7.660166016601659855e+00,-8.822600861000609029e-01
7.661566156615661427e+00,-8.819403696350178734e-01
7.662966296629662999e+00,-8.816208065315151998e-01
7.664366436643664571e+00,-8.813013967900928947e-01
7.665766576657665254e+00,-8.809821404108504339e-01
7.667166716671666826e+00,-8.806630373944841494e-01
7.668566856685668398e+00,-8.803440877405677156e-01
7.669966996699669970e+00,-8.800252914497832535e-01
7.671367136713671542e+00,-8.797066485219176002e-01
7.672767276727672225e+00,-8.793881589572976054e-01
7.674167416741673797e+00,-8.790698227559801126e-01
7.675567556755675369e+00,-8.787516399171124704e-01
7.676967696769676941e+00,-8.784336104407088897e-01
7.678367836783678513e+00,-8.781157343267835813e-01
7.679767976797679196e+00,-8.777980115746828460e-01
7.681168116811680768e+00,-8.774804421838950930e-01
7.682568256825682340e+00,-8.771630261545197982e-01
7.683968396839683912e+00,-8.768457634851216653e-01
7.685368536853685484e+00,-8.765286541754306882e-01
7.686768676867686167e+00,-8.762116982244947394e-01
7.688168816881687739e+00,-8.758948956316459089e-01
7.689568956895689311e+00,-8.755782463956478523e-01
7.690969096909690883e+00,-8.752617505160600331e-01
7.692369236923692455e+00,-8.749454079913192572e-01
7.693769376937693139e+00,-8.746292188202176021e-01
7.695169516951694710e+00,-8.743131830021013684e-01
7.696569656965696282e+00,-8.739973005354073621e-01
7.697969796979697854e+00,-8.736815714182171178e-01
7.699369936993699426e+00,-8.733659956499053578e-01
7.700770077007700998e+00,-8.730505732283688758e-01
7.702170217021701681e+00,-8.727353041523571164e-01
7.703570357035703253e+00,-8.724201884198095058e-01
7.704970497049704825e+00,-8.721052260292054825e-01
7.706370637063706397e+00,-8.717904169791381719e-01
7.707770777077707969e+00,-8.714757612668222464e-01
7.709170917091708652e+00,-8.711612588910924160e-01
7.710571057105710224e+00,-8.708469098491207205e-01
7.711971197119711796e+00,-8.705327141395997614e-01
7.713371337133713368e+00,-8.702186717597584220e-01
7.714771477147714940e+00,-8.699047827072377004e-01
7.716171617161715623e+00,-8.695910469801617637e-01
7.717571757175717195e+00,-8.692774645756742302e-01
7.718971897189718767e+00,-8.689640354915439957e-01
7.720372037203720339e+00,-8.686507597253125823e-01
7.721772177217721911e+00,-8.683376372734699089e-01
7.723172317231722594e+00,-8.680246681343959381e-01
7.724572457245724166e+00,-8.677118523044811127e-01
7.725972597259725738e+00,-8.673991897813664309e-01
7.727372737273727310e+00,-8.670866805617833961e-01
7.728772877287728882e+00,-8.667743246427477288e-01
7.730173017301729566e+00,-8.664621220214598907e-01
7.731573157315731137e+00,-8.661500726939834749e-01
7.732973297329732709e+00,-8.658381766575473648e-01
7.734373437343734281e+00,-8.655264339091104375e-01
7.735773577357735853e+00,-8.652148444448926057e-01
7.737173717371736537e+00,-8.649034082615258967e-01
7.738573857385738108e+00,-8.645921253550881147e-01
7.739973997399739680e+00,-8.642809957223818174e-01
7.741374137413741252e+00,-8.639700193596837607e-01
7.742774277427742824e+00,-8.636591962624606822e-01
7.744174417441744396e+00,-8.633485264278419891e-01
7.745574557455745079e+00,-8.630380098516496901e-01
7.746974697469746651e+00,-8.627276465296773722e-01
7.748374837483748223e+00,-8.624174364573491403e-01
7.749774977497749795e+00,-8.621073796315528170e-01
7.751175117511751367e+00,-8.617974760466751150e-01
7.752575257525752050e+00,-8.614877256999875499e-01
7.753975397539753622e+00,-8.611781285858910451e-01
7.755375537553755194e+00,-8.608686847005770915e-01
7.756775677567756766e+00,-8.605593940388729379e-01
7.758175817581758338e+00,-8.602502565967284909e-01
7.759575957595759022e+00,-8.599412723692836380e-01
7.760976097609760593e+00,-8.596324413516640561e-01
7.762376237623762165e+00,-8.593237635388675244e-01
7.763776377637763737e+00,-8.590152389261049848e-01
7.765176517651765309e+00,-8.587068675084168490e-01
7.766576657665765993e+00,-8.583986492808151070e-01
7.767976797679767564e+00,-8.580905842379422666e-01
7.769376937693769136e+00,-8.577826723745971549e-01
7.770777077707770708e+00,-8.574749136852517495e-01
7.772177217721772280e+00,-8.571673081648754078e-01
7.773577357735772964e+00,-8.568598558079685290e-01
7.774977497749774535e+00,-8.565525566087046627e-01
7.776377637763776107e+00,-8.562454105616836841e-01
7.777777777777777679e+00,-8.559384176610933537e-01
7.779177917791779251e+00,-8.556315779008940581e-01
7.780578057805780823e+00,-8.553248912757283051e-01
7.781978197819781506e+00,-8.550183577793006862e-01
7.783378337833783078e+00,-8.547119774055431662e-01
7.784778477847784650e+00,-8.544057501487003492e-01
7.786178617861786222e+00,-8.540996760021926093e-01
7.787578757875787794e+00,-8.537937549602077070e-01
7.788978897889788477e+00,-8.534879870157965343e-01
7.790379037903790049e+00,-8.531823721630615864e-01
7.791779177917791621e+00,-8.528769103952384967e-01
7.793179317931793193e+00,-8.525716017056481633e-01
7.794579457945794765e+00,-8.522664460881941295e-01
7.795979597959795449e+00,-8.519614435355862270e-01
7.797379737973797020e+00,-8.516565940411737756e-01
7.798779877987798592e+00,-8.513518975979792458e-01
7.800180018001800164e+00,-8.510473541990819513e-01
7.801580158015801736e+00,-8.507429638377743686e-01
7.802980298029802420e+00,-8.504387265059989431e-01
7.804380438043803991e+00,-8.501346421976165857e-01
7.805780578057805563e+00,-8.498307109047118502e-01
7.807180718071807135e+00,-8.495269326197245618e-01
7.808580858085808707e+00,-8.492233073359045648e-01
7.809980998099809391e+00,-8.489198350450237740e-01
7.811381138113810962e+00,-8.486165157399909731e-01
7.812781278127812534e+00,-8.483133494121943841e-01
7.814181418141814106e+00,-8.480103360548838509e-01
7.815581558155815678e+00,-8.477074756598170779e-01
7.816981698169816362e+00,-8.474047682182970220e-01
7.818381838183817933e+00,-8.471022137233461535e-01
7.819781978197819505e+00,-8.467998121671627132e-01
7.821182118211821077e+00,-8.464975635395575182e-01
7.822582258225822649e+00,-8.461954678340219971e-01
7.823982398239824221e+00,-8.458935250417880525e-01
7.825382538253824904e+00,-8.455917351541728522e-01
7.826782678267826476e+00,-8.452900981624082988e-01
7.828182818281828048e+00,-8.449886140585505245e-01
7.829582958295829620e+00,-8.446872828334193173e-01
7.830983098309831192e+00,-8.443861044779481517e-01
7.832383238323831876e+00,-8.440850789841221058e-01
7.833783378337833447e+00,-8.437842063421356897e-01
7.835183518351835019e+00,-8.434834865429650108e-01
7.836583658365836591e+00,-8.431829195777709174e-01
7.837983798379838163e+00,-8.428825054376574144e-01
7.839383938393838847e+00,-8.425822441127479578e-01
7.840784078407840418e+00,-8.422821355939049681e-01
7.842184218421841990e+00,-8.419821798713229555e-01
7.843584358435843562e+00,-8.416823769356511775e-01
7.844984498449845134e+00,-8.413827267773683616e-01
7.846384638463845818e+00,-8.410832293865269094e-01
7.847784778477847389e+00,-8.407838847534208071e-01
7.849184918491848961e+00,-8.404846928678182394e-01
7.850585058505850533e+00,-8.401856537201695119e-01
7.851985198519852105e+00,-8.398867672999017486e-01
7.853385338533852789e+00,-8.395880335972805142e-01
7.854785478547854360e+00,-8.392894526015339807e-01
7.856185618561855932e+00,-8.389910243026150738e-01
7.857585758575857504e+00,-8.386927486900646045e-01
7.858985898589859076e+00,-8.383946257534091728e-01
7.860386038603859760e+00,-8.380966554813653602e-01
7.861786178617861331e+00,-8.377988378637155620e-01
7.863186318631862903e+00,-8.375011728899295349e-01
7.864586458645864475e+00,-8.372036605484964866e-01
7.865986598659866047e+00,-8.369063008289003847e-01
7.867386738673867619e+00,-8.366090937192183219e-01
7.868786878687868303e+00,-8.363120392093179589e-01
7.870187018701869874e+00,-8.360151372874184972e-01
7.871587158715871446e+00,-8.357183879421654638e-01
7.872987298729873018e+00,-8.354217911617638492e-01
7.874387438743874590e+00,-8.351253469352002412e-01
7.875787578757875274e+00,-8.348290552503243589e-01
7.877187718771876845e+00,-8.345329160957390968e-01
7.878587858785878417e+00,-8.342369294594647045e-01
7.879987998799879989e+00,-8.339410953298198592e-01
7.881388138813881561e+00,-8.336454136941853221e-01
7.882788278827882245e+00,-8.333498845409508249e-01
7.884188418841883816e+00,-8.330545078574687068e-01
7.885588558855885388e+00,-8.327592836317450065e-01
7.886988698869886960e+00,-8.324642118510752198e-01
7.888388838883888532e+00,-8.321692925037496025e-01
7.889788978897889216e+00,-8.318745255761399449e-01
7.891189118911890787e+00,-8.315799110557975382e-01
7.892589258925892359e+00,-8.312854489303020955e-01
7.893989398939893931e+00,-8.309911391858264551e-01
7.895389538953895503e+00,-8.306969818109308790e-01
7.896789678967896187e+00,-8.304029767909497650e-01
7.898189818981897758e+00,-8.301091241136759891e-01
7.899589958995899330e+00,-8.298154237653676546e-01
7.900990099009900902e+00,-8.295218757327234016e-01
7.902390239023902474e+00,-8.292284800018165924e-01
7.903790379037903158e+00,-8.289352365599995665e-01
7.905190519051904730e+00,-8.286421453929762038e-01
7.906590659065906301e+00,-8.283492064867630233e-01
7.907990799079907873e+00,-8.280564198274618093e-01
7.909390939093909445e+00,-8.277637854020127861e-01
7.910791079107911017e+00,-8.274713031950398090e-01
7.912191219121911701e+00,-8.271789731930709877e-01
7.913591359135913272e+00,-8.268867953819381000e-01
7.914991499149914844e+00,-8.265947697463502664e-01
7.916391639163916416e+00,-8.263028962727076987e-01
7.917791779177917988e+00,-8.260111749457195174e-01
7.919191919191918672e+00,-8.257196057511606568e-01
7.920592059205920243e+00,-8.254281886738255025e-01
7.921992199219921815e+00,-8.251369236990484524e-01
7.923392339233923387e+00,-8.248458108116238918e-01
7.924792479247924959e+00,-8.245548499963462064e-01
7.926192619261925643e+00,-8.242640412381945225e-01
7.927592759275927214e+00,-8.239733845216221653e-01
7.928992899289928786e+00,-8.236828798314803635e-01
7.930393039303930358e+00,-8.233925271515545319e-01
7.931793179317931930e+00,-8.231023264668095862e-01
7.933193319331932614e+00,-8.228122777609883087e-01
7.934593459345934185e+00,-8.225223810184019158e-01
7.935993599359935757e+00,-8.222326362235037323e-01
7.937393739373937329e+00,-8.219430433593117868e-01
7.938793879387938901e+00,-8.216536024102936153e-01
7.940194019401939585e+00,-8.213643133592398726e-01
7.941594159415941157e+00,-8.210751761906465163e-01
7.942994299429942728e+00,-8.207861908873610446e-01
7.944394439443944300e+00,-8.204973574333394026e-01
7.945794579457945872e+00,-8.202086758117701493e-01
7.947194719471946556e+00,-8.199201460044207579e-01
7.948594859485948128e+00,-8.196317679956734992e-01
7.949994999499949699e+00,-8.193435417681769195e-01
7.951395139513951271e+00,-8.190554673043095590e-01
7.952795279527952843e+00,-8.187675445872315549e-01
7.954195419541954415e+00,-8.184797735993925016e-01
7.955595559555955099e+00,-8.181921543228014571e-01
7.956995699569956670e+00,-8.179046867400501242e-01
7.958395839583958242e+00,-8.176173708335738866e-01
7.959795979597959814e+00,-8.173302065843159880e-01
7.961196119611961386e+00,-8.170431939760760542e-01
7.962596259625962070e+00,-8.167563329894136359e-01
7.963996399639963641e+00,-8.164696236065509538e-01
7.965396539653965213e+00,-8.161830658087438906e-01
7.966796679667966785e+00,-8.158966595781578235e-01
7.968196819681968357e+00,-8.156104048954659902e-01
7.969596959695969041e+00,-8.153243017422511230e-01
7.970997099709970612e+00,-8.150383500995701525e-01
7.972397239723972184e+00,-8.147525499488779133e-01
7.973797379737973756e+00,-8.144669012702792088e-01
7.975197519751975328e+00,-8.141814040451436085e-01
7.976597659765976012e+00,-8.138960582540448740e-01
7.977997799779977584e+00,-8.136108638775851887e-01
7.979397939793979155e+00,-8.133258208958835667e-01
7.980798079807980727e+00,-8.130409292899969387e-01
7.982198219821982299e+00,-8.127561890393479871e-01
7.983598359835982983e+00,-8.124716001239278285e-01
7.984998499849984555e+00,-8.121871625242391701e-01
7.986398639863986126e+00,-8.119028762197189053e-01
7.987798779877987698e+00,-8.116187411902728854e-01
7.989198919891989270e+00,-8.113347574153095820e-01
7.990599059905989954e+00,-8.110509248748059008e-01
7.991999199919991526e+00,-8.107672435469908123e-01
7.993399339933993097e+00,-8.104837134117701680e-01
7.994799479947994669e+00,-8.102003344482540115e-01
7.996199619961996241e+00,-8.099171066355808080e-01
7.997599759975997813e+00,-8.096340299519795281e-01
7.998999899989998497e+00,-8.093511043762902091e-01
8.000400040004000957e+00,-8.090683298873386775e-01
8.001800180018001640e+00,-8.087857064632828497e-01
8.003200320032002324e+00,-8.085032340829485520e-01
8.004600460046004784e+00,-8.082209127234705193e-01
8.006000600060005468e+00,-8.079387423638308974e-01
8.007400740074007928e+00,-8.076567229818181204e-01
8.008800880088008611e+00,-8.073748545547658750e-01
8.010201020102009295e+00,-8.070931370610452404e-01
8.011601160116011755e+00,-8.068115704771798846e-01
8.013001300130012439e+00,-8.065301547815693084e-01
8.014401440144014899e+00,-8.062488899508508666e-01
8.015801580158015582e+00,-8.059677759625287763e-01
8.017201720172016266e+00,-8.056868127930840728e-01
8.018601860186018726e+00,-8.054060004199499190e-01
8.020002000200019410e+00,-8.051253388193089222e-01
8.021402140214021870e+00,-8.048448279682958173e-01
8.022802280228022553e+00,-8.045644678433063746e-01
8.024202420242023237e+00,-8.042842584202105627e-01
8.025602560256025697e+00,-8.040041996752194109e-01
8.027002700270026381e+00,-8.037242915850697500e-01
8.028402840284028841e+00,-8.034445341248783734e-01
8.029802980298029524e+00,-8.031649272710836840e-01
8.031203120312030208e+00,-8.028854709989730054e-01
8.032603260326032668e+00,-8.026061652840610350e-01
8.034003400340033352e+00,-8.023270101019335243e-01
8.035403540354035812e+00,-8.020480054274798931e-01
8.036803680368036495e+00,-8.017691512358453565e-01
8.038203820382037179e+00,-8.014904475023030272e-01
8.039603960396039639e+00,-8.012118942012733669e-01
8.041004100410040323e+00,-8.009334913075321083e-01
8.042404240424042783e+00,-8.006552387959828820e-01
8.043804380438043466e+00,-8.003771366404777154e-01
8.045204520452044150e+00,-8.000991848150107444e-01
8.046604660466046610e+00,-7.998213832947556057e-01
8.048004800480047294e+00,-7.995437320531095793e-01
8.049404940494049754e+00,-7.992662310634131018e-01
8.050805080508050438e+00,-7.989888803001576889e-01
8.052205220522051121e+00,-7.987116797360584997e-01
8.053605360536053581e+00,-7.984346293454649413e-01
8.055005500550054265e+00,-7.981577291003247865e-01
8.056405640564056725e+00,-7.978809789744616410e-01
8.057805780578057409e+00,-7.976043789415996343e-01
8.059205920592059869e+00,-7.973279289733739006e-01
8.060606060606060552e+00,-7.970516290428122375e-01
8.062006200620061236e+00,-7.967754791225019062e-01
8.063406340634063696e+00,-7.964994791841206734e-01
8.064806480648064380e+00,-7.962236292011937167e-01
8.066206620662066840e+00,-7.959479291449298444e-01
8.067606760676067523e+00,-7.956723789873052510e-01
8.069006900690068207e+00,-7.953969787000119140e-01
8.070407040704070667e+00,-7.951217282548981302e-01
8.071807180718071351e+00,-7.948466276233716599e-01
8.073207320732073811e+00,-7.945716767764565702e-01
8.074607460746074494e+00,-7.942968756856458867e-01
8.076007600760075178e+00,-7.940222243220631526e-01
8.077407740774077638e+00,-7.937477226562066335e-01
8.078807880788078322e+00,-7.934733706584893298e-01
8.080208020802080782e+00,-7.931991682998642545e-01
8.081608160816081465e+00,-7.929251155513412641e-01
8.083008300830082149e+00,-7.926512123820685929e-01
8.084408440844084609e+00,-7.923774587625018739e-01
8.085808580858085293e+00,-7.921038546629688426e-01
8.087208720872087753e+00,-7.918304000530156372e-01
8.088608860886088436e+00,-7.915570949019894442e-01
8.090009000900089120e+00,-7.912839391796921973e-01
8.091409140914091580e+00,-7.910109328549594920e-01
8.092809280928092264e+00,-7.907380758974795754e-01
8.094209420942094724e+00,-7.904653682759885669e-01
8.095609560956095407e+00,-7.901928099588957366e-01
8.097009700970096091e+00,-7.899204009155909034e-01
8.098409840984098551e+00,-7.896481411145401808e-01
8.099809980998099235e+00,-7.893760305236412478e-01
8.101210121012101695e+00,-7.891040691109623140e-01
8.102610261026102378e+00,-7.888322568454526618e-01
8.104010401040103062e+00,-7.885605936932904569e-01
8.105410541054105522e+00,-7.882890796242350007e-01
8.106810681068106206e+00,-7.880177146043791936e-01
8.108210821082108666e+00,-7.877464986016633475e-01
8.109610961096109349e+00,-7.874754315833598639e-01
8.111011101110110033e+00,-7.872045135158316498e-01
8.112411241124112493e+00,-7.869337443668484866e-01
8.113811381138113177e+00,-7.866631241029153898e-01
8.115211521152115637e+00,-7.863926526901963143e-01
8.116611661166116320e+00,-7.861223300949831128e-01
8.118011801180117004e+00,-7.858521562843208130e-01
8.119411941194119464e+00,-7.855821312242454724e-01
8.120812081208120148e+00,-7.853122548793862734e-01
8.122212221222122608e+00,-7.850425272161487555e-01
8.123612361236123292e+00,-7.847729482010947777e-01
8.125012501250123975e+00,-7.845035177982566665e-01
8.126412641264126435e+00,-7.842342359731873103e-01
8.127812781278127119e+00,-7.839651026911980125e-01
8.129212921292129579e+00,-7.836961179172874381e-01
8.130613061306130263e+00,-7.834272816152321184e-01
8.132013201320130946e+00,-7.831585937510396889e-01
8.133413341334133406e+00,-7.828900542880319335e-01
8.134813481348134090e+00,-7.826216631903832877e-01
8.136213621362136550e+00,-7.823534204226092470e-01
8.137613761376137234e+00,-7.820853259485431863e-01
8.139013901390139694e+00,-7.818173797316774198e-01
8.140414041404140377e+00,-7.815495817354047858e-01
8.141814181418141061e+00,-7.812819319229475923e-01
8.143214321432143521e+00,-7.810144302581676357e-01
8.144614461446144205e+00,-7.807470767025534997e-01
8.146014601460146665e+00,-7.804798712209759515e-01
8.147414741474147348e+00,-7.802128137749093639e-01
8.148814881488148032e+00,-7.799459043263112790e-01
8.150215021502150492e+00,-7.796791428388871736e-01
8.151615161516151176e+00,-7.794125292735145649e-01
8.153015301530153636e+00,-7.791460635923499467e-01
8.154415441544154319e+00,-7.788797457573934935e-01
8.155815581558155003e+00,-7.786135757303043192e-01
8.157215721572157463e+00,-7.783475534717894107e-01
8.158615861586158147e+00,-7.780816789437920988e-01
8.160016001600160607e+00,-7.778159521074314853e-01
8.161416141614161290e+00,-7.775503729230734962e-01
8.162816281628161974e+00,-7.772849413511693228e-01
8.164216421642164434e+00,-7.770196573527243800e-01
8.165616561656165118e+00,-7.767545208884456542e-01
8.167016701670167578e+00,-7.764895319170932453e-01
8.168416841684168261e+00,-7.762246903999994174e-01
8.169816981698168945e+00,-7.759599962961374331e-01
8.171217121712171405e+00,-7.756954495656600557e-01
8.172617261726172089e+00,-7.754310501668442157e-01
8.174017401740174549e+00,-7.751667980606384845e-01
8.175417541754175232e+00,-7.749026932043960869e-01
8.176817681768175916e+00,-7.746387355576587197e-01
8.178217821782178376e+00,-7.743749250790585847e-01
8.179617961796179060e+00,-7.741112617273131491e-01
8.181018101810181520e+00,-7.738477454604293371e-01
8.182418241824182203e+00,-7.735843762357745845e-01
8.183818381838182887e+00,-7.733211540128479555e-01
8.185218521852185347e+00,-7.730580787481358129e-01
8.186618661866186031e+00,-7.727951503998866656e-01
8.188018801880188491e+00,-7.725323689244021352e-01
8.189418941894189174e+00,-7.722697342800586284e-01
8.190819081908189858e+00,-7.720072464228735498e-01
8.192219221922192318e+00,-7.717449053102285461e-01
8.193619361936193002e+00,-7.714827108979847026e-01
8.195019501950195462e+00,-7.712206631435947202e-01
8.196419641964196146e+00,-7.709587620025359911e-01
8.197819781978196829e+00,-7.706970074311527696e-01
8.199219921992199289e+00,-7.704353993849224480e-01
8.200620062006199973e+00,-7.701739378198340091e-01
8.202020202020202433e+00,-7.699126226910237847e-01
8.203420342034203117e+00,-7.696514539540117994e-01
8.204820482048203800e+00,-7.693904315625985646e-01
8.206220622062206260e+00,-7.691295554732846540e-01
8.207620762076206944e+00,-7.688688256403679588e-01
8.209020902090209404e+00,-7.686082420179616292e-01
8.210421042104210088e+00,-7.683478045604346107e-01
8.211821182118210771e+00,-7.680875132214026735e-01
8.213221322132213231e+00,-7.678273679554052933e-01
8.214621462146213915e+00,-7.675673687159019210e-01
8.216021602160216375e+00,-7.673075154562098987e-01
8.217421742174217059e+00,-7.670478081295186712e-01
8.218821882188217742e+00,-7.667882466892592674e-01
8.220222022202220202e+00,-7.665288310886921863e-01
8.221622162216220886e+00,-7.662695612791878830e-01
8.223022302230223346e+00,-7.660104372142768625e-01
8.224422442244224030e+00,-7.657514588458980143e-01
8.225822582258226490e+00,-7.654926261265302401e-01
8.227222722272227173e+00,-7.652339390070181935e-01
8.228622862286227857e+00,-7.649753974405086865e-01
8.230023002300230317e+00,-7.647170013773063602e-01
8.231423142314231001e+00,-7.644587507689806216e-01
8.232823282328233461e+00,-7.642006455666745524e-01
8.234223422342234144e+00,-7.639426857219007161e-01
8.235623562356234828e+00,-7.636848711840116266e-01
8.237023702370237288e+00,-7.634272019050740710e-01
8.238423842384237972e+00,-7.631696778331473752e-01
8.239823982398240432e+00,-7.629122989206535976e-01
8.241224122412241115e+00,-7.626550651160499683e-01
8.242624262426241799e+00,-7.623979763691011158e-01
8.244024402440244259e+00,-7.621410326295858795e-01
8.245424542454244943e+00,-7.618842338463736041e-01
8.246824682468247403e+00,-7.616275799693283943e-01
8.248224822482248086e+00,-7.613710709465806303e-01
8.249624962496248770e+00,-7.611147067268575483e-01
8.251025102510251230e+00,-7.608584872578774139e-01
8.252425242524251914e+00,-7.606024124892201144e-01
8.253825382538254374e+00,-7.603464823676517881e-01
8.255225522552255057e+00,-7.600906968420275689e-01
8.256625662566255741e+00,-7.598350558585877934e-01
8.258025802580258201e+00,-7.595795593660454870e-01
8.259425942594258885e+00,-7.593242073111667878e-01
8.260826082608261345e+00,-7.590689996404620388e-01
8.262226222622262028e+00,-7.588139363003989502e-01
8.263626362636262712e+00,-7.585590172387810526e-01
8.265026502650265172e+00,-7.583042424006833926e-01
8.266426642664265856e+00,-7.580496117331421146e-01
8.267826782678268316e+00,-7.577951251811612110e-01
8.269226922692269000e+00,-7.575407826909952291e-01
8.270627062706269683e+00,-7.572865842082023846e-01
8.272027202720272143e+00,-7.570325296769340184e-01
8.273427342734272827e+00,-7.567786190436720517e-01
8.274827482748275287e+00,-7.565248522522978192e-01
8.276227622762275971e+00,-7.562712292479858434e-01
8.277627762776276654e+00,-7.560177499749727303e-01
8.279027902790279114e+00,-7.557644143771966583e-01
8.280428042804279798e+00,-7.555112223985531728e-01
8.281828182818282258e+00,-7.552581739834636210e-01
8.283228322832282942e+00,-7.550052690744735173e-01
8.284628462846283625e+00,-7.547525076160894741e-01
8.286028602860286085e+00,-7.544998895503880476e-01
8.287428742874286769e+00,-7.542474148206821383e-01
8.288828882888289229e+00,-7.539950833694462062e-01
8.290229022902289913e+00,-7.537428951392968202e-01
8.291629162916290596e+00,-7.534908500727368619e-01
8.293029302930293056e+00,-7.532389481107202300e-01
8.294429442944293740e+00,-7.529871891963466624e-01
8.295829582958296200e+00,-7.527355732701863644e-01
8.297229722972296884e+00,-7.524841002738611451e-01
8.298629862986297567e+00,-7.522327701491207108e-01
8.300030003000300027e+00,-7.519815828362652610e-01
8.301430143014300711e+00,-7.517305382759218446e-01
8.302830283028303171e+00,-7.514796364088454084e-01
8.304230423042303855e+00,-7.512288771751229888e-01
8.305630563056304538e+00,-7.509782605147137247e-01
8.307030703070306998e+00,-7.507277863677757068e-01
8.308430843084307682e+00,-7.504774546730885731e-01
8.309830983098310142e+00,-7.502272653709098904e-01
8.311231123112310826e+00,-7.499772184007582609e-01
8.312631263126313286e+00,-7.497273137000490806e-01
8.314031403140313969e+00,-7.494775512083009517e-01
8.315431543154314653e+00,-7.492279308638103430e-01
8.316831683168317113e+00,-7.489784526050300428e-01
8.318231823182317797e+00,-7.487291163699580920e-01
8.319631963196320257e+00,-7.484799220963935795e-01
8.321032103210320940e+00,-7.482308697214961057e-01
8.322432243224321624e+00,-7.479819591828231751e-01
8.323832383238324084e+00,-7.477331904185433586e-01
8.325232523252324768e+00,-7.474845633637841047e-01
8.326632663266327228e+00,-7.472360779556908028e-01
8.328032803280327911e+00,-7.469877341316788488e-01
8.329432943294328595e+00,-7.467395318271741189e-01
8.330833083308331055e+00,-7.464914709780430258e-01
8.332233223322331739e+00,-7.462435515206209402e-01
8.333633363336334199e+00,-7.459957733895095089e-01
8.335033503350334882e+00,-7.457481365206177770e-01
8.336433643364335566e+00,-7.455006408491726688e-01
8.337833783378338026e+00,-7.452532863097331983e-01
8.339233923392338710e+00,-7.450060728374836572e-01
8.340634063406341170e+00,-7.447590003650219614e-01
8.342034203420341854e+00,-7.445120688289961208e-01
8.343434343434342537e+00,-7.442652781620324731e-01
8.344834483448344997e+00,-7.440186282973400012e-01
8.346234623462345681e+00,-7.437721191689092848e-01
8.347634763476348141e+00,-7.435257507102903674e-01
8.349034903490348825e+00,-7.432795228536264176e-01
8.350435043504349508e+00,-7.430334355338175101e-01
8.351835183518351968e+00,-7.427874886797951604e-01
8.353235323532352652e+00,-7.425416822270847206e-01
8.354635463546355112e+00,-7.422960161067777562e-01
8.356035603560355796e+00,-7.420504902497810917e-01
8.357435743574356479e+00,-7.418051045884084260e-01
8.358835883588358939e+00,-7.415598590537371138e-01
8.360236023602359623e+00,-7.413147535789335052e-01
8.361636163616362083e+00,-7.410697880915932956e-01
8.363036303630362767e+00,-7.408249625239164970e-01
8.364436443644363450e+00,-7.405802768077052178e-01
8.365836583658365910e+00,-7.403357308706119966e-01
8.367236723672366594e+00,-7.400913246440978810e-01
8.368636863686369054e+00,-7.398470580574070254e-01
8.370037003700369738e+00,-7.396029310407641333e-01
8.371437143714370421e+00,-7.393589435225038642e-01
8.372837283728372881e+00,-7.391150954326235478e-01
8.374237423742373565e+00,-7.388713866991878376e-01
8.375637563756376025e+00,-7.386278172510856166e-01
8.377037703770376709e+00,-7.383843870161825862e-01
8.378437843784377392e+00,-7.381410959230123581e-01
8.379837983798379852e+00,-7.378979438990853623e-01
8.381238123812380536e+00,-7.376549308723099330e-01
8.382638263826382996e+00,-7.374120567702817652e-01
8.384038403840383680e+00,-7.371693215193175774e-01
8.385438543854384363e+00,-7.369267250472120168e-01
8.386838683868386823e+00,-7.366842672800402170e-01
8.388238823882387507e+00,-7.364419481453694516e-01
8.389638963896389967e+00,-7.361997675673137564e-01
8.391039103910390651e+00,-7.359577254730282903e-01
8.392439243924393111e+00,-7.357158217883039697e-01
8.393839383938393794e+00,-7.354740564384911750e-01
8.395239523952394478e+00,-7.352324293486987017e-01
8.396639663966396938e+00,-7.349909404434242788e-01
8.398039803980397622e+00,-7.347495896486719857e-01
8.399439943994400082e+00,-7.345083768882147979e-01
8.400840084008400765e+00,-7.342673020867493960e-01
8.402240224022401449e+00,-7.340263651668692546e-01
8.403640364036403909e+00,-7.337855660542942360e-01
8.405040504050404593e+00,-7.335449046715041277e-01
8.406440644064407053e+00,-7.333043809415187297e-01
8.407840784078407737e+00,-7.330639947881820717e-01
8.409240924092408420e+00,-7.328237461341018388e-01
8.410641064106410880e+00,-7.325836349016157101e-01
8.412041204120411564e+00,-7.323436610133597924e-01
8.413441344134414024e+00,-7.321038243916717647e-01
8.414841484148414708e+00,-7.318641249577808594e-01
8.416241624162415391e+00,-7.316245626334421104e-01
8.417641764176417851e+00,-7.313851373400837019e-01
8.419041904190418535e+00,-7.311458489992617160e-01
8.420442044204420995e+00,-7.309066975310543057e-01
8.421842184218421679e+00,-7.306676828570886073e-01
8.423242324232422362e+00,-7.304288048971443459e-01
8.424642464246424822e+00,-7.301900635716975785e-01
8.426042604260425506e+00,-7.299514587998032766e-01
8.427442744274427966e+00,-7.297129905025627750e-01
8.428842884288428650e+00,-7.294746585980220743e-01
8.430243024302429333e+00,-7.292364630066714426e-01
8.431643164316431793e+00,-7.289984036464574046e-01
8.433043304330432477e+00,-7.287604804369749445e-01
8.434443444344434937e+00,-7.285226932955026768e-01
8.435843584358435621e+00,-7.282850421411097841e-01
8.437243724372436304e+00,-7.280475268916148934e-01
8.438643864386438764e+00,-7.278101474642539870e-01
8.440044004400439448e+00,-7.275729037775704455e-01
8.441444144414441908e+00,-7.273357957480186542e-01
8.442844284428442592e+00,-7.270988232923372152e-01
8.444244424442443275e+00,-7.268619863277905324e-01
8.445644564456445735e+00,-7.266252847713587926e-01
8.447044704470446419e+00,-7.263887185380610845e-01
8.448444844484448879e+00,-7.261522875449486492e-01
8.449844984498449563e+00,-7.259159917071116297e-01
8.451245124512450246e+00,-7.256798309402512359e-01
8.452645264526452706e+00,-7.254438051605518467e-01
8.454045404540453390e+00,-7.252079142819098934e-01
8.455445544554455850e+00,-7.249721582187191871e-01
8.456845684568456534e+00,-7.247365368871641067e-01
8.458245824582457217e+00,-7.245010501999757935e-01
8.459645964596459677e+00,-7.242656980722728122e-01
8.461046104610460361e+00,-7.240304804166441954e-01
8.462446244624462821e+00,-7.237953971487485205e-01
8.463846384638463505e+00,-7.235604481795832044e-01
8.465246524652464188e+00,-7.233256334232294193e-01
8.466646664666466648e+00,-7.230909527929298974e-01
8.468046804680467332e+00,-7.228564062005915503e-01
8.469446944694469792e+00,-7.226219935583486631e-01
8.470847084708470476e+00,-7.223877147790744857e-01
8.472247224722471159e+00,-7.221535697741501281e-01
8.473647364736473619e+00,-7.219195584547577482e-01
8.475047504750474303e+00,-7.216856807331453183e-01
8.476447644764476763e+00,-7.214519365205660506e-01
8.477847784778477447e+00,-7.212183257261841618e-01
8.479247924792479907e+00,-7.209848482619491961e-01
8.480648064806480591e+00,-7.207515040385032989e-01
8.482048204820481274e+00,-7.205182929642006684e-01
8.483448344834483734e+00,-7.202852149506355772e-01
8.484848484848484418e+00,-7.200522699065459165e-01
8.486248624862486878e+00,-7.198194577412664330e-01
8.487648764876487562e+00,-7.195867783649987359e-01
8.489048904890488245e+00,-7.193542316856138541e-01
8.490449044904490705e+00,-7.191218176112244009e-01
8.491849184918491389e+00,-7.188895360517335575e-01
8.493249324932493849e+00,-7.186573869134207371e-01
8.494649464946494533e+00,-7.184253701057343733e-01
8.496049604960495216e+00,-7.181934855357923198e-01
8.497449744974497676e+00,-7.179617331103997913e-01
8.498849884988498360e+00,-7.177301127374278167e-01
8.500250025002500820e+00,-7.174986243229994898e-01
8.501650165016501504e+00,-7.172672677749716286e-01
8.503050305030502187e+00,-7.170360429982594042e-01
8.504450445044504647e+00,-7.168049498999238267e-01
8.505850585058505331e+00,-7.165739883857895620e-01
8.507250725072507791e+00,-7.163431583613117937e-01
8.508650865086508475e+00,-7.161124597318746510e-01
8.510051005100509158e+00,-7.158818924029191066e-01
8.511451145114511618e+00,-7.156514562787066325e-01
8.512851285128512302e+00,-7.154211512643655624e-01
8.514251425142514762e+00,-7.151909772648537000e-01
8.515651565156515446e+00,-7.149609341831677511e-01
8.517051705170516129e+00,-7.147310219239670914e-01
8.518451845184518589e+00,-7.145012403898789444e-01
8.519851985198519273e+00,-7.142715894860032222e-01
8.521252125212521733e+00,-7.140420691141002862e-01
8.522652265226522417e+00,-7.138126791775079028e-01
8.524052405240523100e+00,-7.135834195795212054e-01
8.525452545254525560e+00,-7.133542902212894887e-01
8.526852685268526244e+00,-7.131252910061220973e-01
8.528252825282528704e+00,-7.128964218349551629e-01
8.529652965296529388e+00,-7.126676826108422347e-01
8.531053105310530071e+00,-7.124390732340373233e-01
8.532453245324532531e+00,-7.122105936059881515e-01
8.533853385338533215e+00,-7.119822436279719113e-01
8.535253525352535675e+00,-7.117540232002284029e-01
8.536653665366536359e+00,-7.115259322234663841e-01
8.538053805380537042e+00,-7.112979705978261791e-01
8.539453945394539502e+00,-7.110701382236754853e-01
8.540854085408540186e+00,-7.108424349991366853e-01
8.542254225422542646e+00,-7.106148608254017063e-01
8.543654365436543330e+00,-7.103874156010192564e-01
8.545054505450544013e+00,-7.101600992254333278e-01
8.546454645464546473e+00,-7.099329115964536641e-01
8.547854785478547157e+00,-7.097058526131405642e-01
8.549254925492549617e+00,-7.094789221737016760e-01
8.550655065506550301e+00,-7.092521201754209415e-01
8.552055205520550984e+00,-7.090254465171028642e-01
8.553455345534553445e+00,-7.087989010958892777e-01
8.554855485548554128e+00,-7.085724838083820032e-01
8.556255625562556588e+00,-7.083461945522060432e-01
8.557655765576557272e+00,-7.081200332237358452e-01
8.559055905590557956e+00,-7.078939997195874412e-01
8.560456045604560416e+00,-7.076680939367037126e-01
8.561856185618561099e+00,-7.074423157696827502e-01
8.563256325632563559e+00,-7.072166651154958572e-01
8.564656465646564243e+00,-7.069911418689400762e-01
8.566056605660566703e+00,-7.067657459256793118e-01
8.567456745674567387e+00,-7.065404771803684980e-01
8.568856885688568070e+00,-7.063153355280178403e-01
8.570257025702570530e+00,-7.060903208629696337e-01
8.571657165716571214e+00,-7.058654330799214449e-01
8.573057305730573674e+00,-7.056406720729455628e-01
8.574457445744574358e+00,-7.054160377351053057e-01
8.575857585758575041e+00,-7.051915299602171672e-01
8.577257725772577501e+00,-7.049671486415860500e-01
8.578657865786578185e+00,-7.047428936727442306e-01
8.580058005800580645e+00,-7.045187649465276536e-01
8.581458145814581329e+00,-7.042947623545501301e-01
8.582858285828582012e+00,-7.040708857897470807e-01
8.584258425842584472e+00,-7.038471351448833957e-01
8.585658565856585156e+00,-7.036235103108339217e-01
8.587058705870587616e+00,-7.034000111792693133e-01
8.588458845884588300e+00,-7.031766376415902187e-01
8.589858985898588983e+00,-7.029533895898794071e-01
8.591259125912591443e+00,-7.027302669133490554e-01
8.592659265926592127e+00,-7.025072695041814086e-01
8.594059405940594587e+00,-7.022843972514039024e-01
8.595459545954595271e+00,-7.020616500461613896e-01
8.596859685968595954e+00,-7.018390277778792097e-01
8.598259825982598414e+00,-7.016165303368637751e-01
8.599659965996599098e+00,-7.013941576111761833e-01
8.601060106010601558e+00,-7.011719094913928529e-01
8.602460246024602242e+00,-7.009497858646085433e-01
8.603860386038602925e+00,-7.007277866221670592e-01
8.605260526052605385e+00,-7.005059116507794670e-01
8.606660666066606069e+00,-7.002841608382368577e-01
8.608060806080608529e+00,-7.000625340738650948e-01
8.609460946094609213e+00,-6.998410312447589376e-01
8.610861086108609896e+00,-6.996196522384252603e-01
8.612261226122612356e+00,-6.993983969413051227e-01
8.613661366136613040e+00,-6.991772652420422673e-01
8.615061506150615500e+00,-6.989562570259550967e-01
8.616461646164616184e+00,-6.987353721809483886e-01
8.617861786178616867e+00,-6.985146105917436898e-01
8.619261926192619327e+00,-6.982939721451231208e-01
8.620662066206620011e+00,-6.980734567274851088e-01
8.622062206220622471e+00,-6.978530642237359416e-01
8.623462346234623155e+00,-6.976327945183840029e-01
8.624862486248623838e+00,-6.974126474980266721e-01
8.626262626262626299e+00,-6.971926230468028507e-01
8.627662766276626982e+00,-6.969727210500877845e-01
8.629062906290629442e+00,-6.967529413911819347e-01
8.630463046304630126e+00,-6.965332839543947330e-01
8.631863186318630810e+00,-6.963137486243624608e-01
8.633263326332633270e+00,-6.960943352839308318e-01
8.634663466346633953e+00,-6.958750438172671693e-01
8.636063606360636413e+00,-6.956558741068477048e-01
8.637463746374637097e+00,-6.954368260357881582e-01
8.638863886388637781e+00,-6.952178994881847984e-01
8.640264026402640241e+00,-6.949990943436716861e-01
8.641664166416640924e+00,-6.947804104875388020e-01
8.643064306430643384e+00,-6.945618478000596951e-01
8.644464446444644068e+00,-6.943434061629716325e-01
8.645864586458646528e+00,-6.941250854589355868e-01
8.647264726472647212e+00,-6.939068855678556247e-01
8.648664866486647895e+00,-6.936888063723074538e-01
8.650065006500650355e+00,-6.934708477516124958e-01
8.651465146514651039e+00,-6.932530095875080178e-01
8.652865286528653499e+00,-6.930352917606796836e-01
8.654265426542654183e+00,-6.928176941492978358e-01
8.655665566556654866e+00,-6.926002166358244949e-01
8.657065706570657326e+00,-6.923828590983589493e-01
8.658465846584658010e+00,-6.921656214164642051e-01
8.659865986598660470e+00,-6.919485034690779912e-01
8.661266126612661154e+00,-6.917315051373549295e-01
8.662666266626661837e+00,-6.915146262980584879e-01
8.664066406640664297e+00,-6.912978668298137563e-01
8.665466546654664981e+00,-6.910812266107342339e-01
8.666866686668667441e+00,-6.908647055203687160e-01
8.668266826682668125e+00,-6.906483034351538208e-01
8.669666966696668808e+00,-6.904320202331746259e-01
8.671067106710671268e+00,-6.902158557919051418e-01
8.672467246724671952e+00,-6.899998099887767466e-01
8.673867386738674412e+00,-6.897838826992739314e-01
8.675267526752675096e+00,-6.895680738020502076e-01
8.676667666766675779e+00,-6.893523831722347950e-01
8.678067806780678239e+00,-6.891368106869890653e-01
8.679467946794678923e+00,-6.889213562218117204e-01
8.680868086808681383e+00,-6.887060196520025102e-01
8.682268226822682067e+00,-6.884908008545096436e-01
8.683668366836682750e+00,-6.882756997040502256e-01
8.685068506850685210e+00,-6.880607160751708307e-01
8.686468646864685894e+00,-6.878458498435549018e-01
8.687868786878688354e+00,-6.876311008835358507e-01
8.689268926892689038e+00,-6.874164690687081247e-01
8.690669066906689721e+00,-6.872019542753662336e-01
8.692069206920692181e+00,-6.869875563760672321e-01
8.693469346934692865e+00,-6.867732752441213506e-01
8.694869486948695325e+00,-6.865591107544588567e-01
8.696269626962696009e+00,-6.863450627794236425e-01
8.697669766976696692e+00,-6.861311311926527878e-01
8.699069906990699153e+00,-6.859173158673428361e-01
8.700470047004699836e+00,-6.857036166752408235e-01
8.701870187018702296e+00,-6.854900334891027569e-01
8.703270327032702980e+00,-6.852765661815425347e-01
8.704670467046703664e+00,-6.850632146241366627e-01
8.706070607060706124e+00,-6.848499786886605989e-01
8.707470747074706807e+00,-6.846368582479982479e-01
8.708870887088709267e+00,-6.844238531713386919e-01
8.710271027102709951e+00,-6.842109633309405581e-01
8.711671167116710635e+00,-6.839981885985793042e-01
8.713071307130713095e+00,-6.837855288440692902e-01
8.714471447144713778e+00,-6.835729839375090933e-01
8.715871587158716238e+00,-6.833605537496936222e-01
8.717271727172716922e+00,-6.831482381507640866e-01
8.718671867186717606e+00,-6.829360370098669364e-01
8.720072007200720066e+00,-6.827239501978112912e-01
8.721472147214720749e+00,-6.825119775839993963e-01
8.722872287228723209e+00,-6.823001190359434531e-01
8.724272427242723893e+00,-6.820883744232446588e-01
8.725672567256724577e+00,-6.818767436168542417e-01
8.727072707270727037e+00,-6.816652264829059504e-01
8.728472847284727720e+00,-6.814538228896935834e-01
8.729872987298730180e+00,-6.812425327076994108e-01
8.731273127312730864e+00,-6.810313558018918911e-01
8.732673267326733324e+00,-6.808202920414743176e-01
8.734073407340734008e+00,-6.806093412950389165e-01
8.735473547354734691e+00,-6.803985034280657374e-01
8.736873687368737151e+00,-6.801877783082090900e-01
8.738273827382737835e+00,-6.799771658030806520e-01
8.739673967396740295e+00,-6.797666657781604727e-01
8.741074107410740979e+00,-6.795562781013586573e-01
8.742474247424741662e+00,-6.793460026381552552e-01
8.743874387438744122e+00,-6.791358392531066102e-01
8.745274527452744806e+00,-6.789257878142649361e-01
8.746674667466747266e+00,-6.787158481869113302e-01
8.748074807480747950e+00,-6.785060202360284620e-01
8.749474947494748633e+00,-6.782963038265847899e-01
8.750875087508751093e+00,-6.780866988245151106e-01
8.752275227522751777e+00,-6.778772050940347071e-01
8.753675367536754237e+00,-6.776678224994157063e-01
8.755075507550754921e+00,-6.774585509055981447e-01
8.756475647564755604e+00,-6.772493901766978297e-01
8.757875787578758064e+00,-6.770403401773563701e-01
8.759275927592758748e+00,-6.768314007705811264e-01
8.760676067606761208e+00,-6.766225718201326345e-01
8.762076207620761892e+00,-6.764138531885350858e-01
8.763476347634762575e+00,-6.762052447411832645e-01
8.764876487648765035e+00,-6.759967463396918674e-01
8.766276627662765719e+00,-6.757883578472103636e-01
8.767676767676768179e+00,-6.755800791260497817e-01
8.769076907690768863e+00,-6.753719100385637830e-01
8.770477047704769546e+00,-6.751638504480723668e-01
8.771877187718772007e+00,-6.749559002152096809e-01
8.773277327732772690e+00,-6.747480592033383573e-01
8.774677467746775150e+00,-6.745403272719130428e-01
8.776077607760775834e+00,-6.743327042838132002e-01
8.777477747774776518e+00,-6.741251901018898707e-01
8.778877887788778978e+00,-6.739177845842192482e-01
8.780278027802779661e+00,-6.737104875926007708e-01
8.781678167816782121e+00,-6.735032989888480870e-01
8.783078307830782805e+00,-6.732962186322311027e-01
8.784478447844783489e+00,-6.730892463843645146e-01
8.785878587858785949e+00,-6.728823821033103059e-01
8.787278727872786632e+00,-6.726756256506973841e-01
8.788678867886789092e+00,-6.724689768856677574e-01
8.790079007900789776e+00,-6.722624356681308200e-01
8.791479147914790460e+00,-6.720560018580385986e-01
8.792879287928792920e+00,-6.718496753116198761e-01
8.794279427942793603e+00,-6.716434558920241216e-01
8.795679567956796063e+00,-6.714373434551959008e-01
8.797079707970796747e+00,-6.712313378603482761e-01
8.798479847984797431e+00,-6.710254389667653641e-01
8.799879987998799891e+00,-6.708196466311733275e-01
8.801280128012800574e+00,-6.706139607129983915e-01
8.802680268026803034e+00,-6.704083810694783097e-01
8.804080408040803718e+00,-6.702029075588882279e-01
8.805480548054804402e+00,-6.699975400378122004e-01
8.806880688068806862e+00,-6.697922783652927592e-01
8.808280828082807545e+00,-6.695871223960949692e-01
8.809680968096810005e+00,-6.693820719894034710e-01
8.811081108110810689e+00,-6.691771270001680705e-01
8.812481248124811373e+00,-6.689722872868344439e-01
8.813881388138813833e+00,-6.687675527049634638e-01
8.815281528152814516e+00,-6.685629231097038883e-01
8.816681668166816976e+00,-6.683583983587766397e-01
8.818081808180817660e+00,-6.681539783078278560e-01
8.819481948194820120e+00,-6.679496628124468316e-01
8.820882088208820804e+00,-6.677454517282654933e-01
8.822282228222821487e+00,-6.675413449107594488e-01
8.823682368236823947e+00,-6.673373422134289967e-01
8.825082508250824631e+00,-6.671334434937961078e-01
8.826482648264827091e+00,-6.669296486062421536e-01
8.827882788278827775e+00,-6.667259574041395354e-01
8.829282928292828458e+00,-6.665223697444702111e-01
8.830683068306830918e+00,-6.663188854783754778e-01
8.832083208320831602e+00,-6.661155044625814980e-01
8.833483348334834062e+00,-6.659122265490395876e-01
8.834883488348834746e+00,-6.657090515941206377e-01
8.836283628362835429e+00,-6.655059794501738679e-01
8.837683768376837889e+00,-6.653030099707564204e-01
8.839083908390838573e+00,-6.651001430086864730e-01
8.840484048404841033e+00,-6.648973784190559400e-01
8.841884188418841717e+00,-6.646947160529208531e-01
8.843284328432842401e+00,-6.644921557627867514e-01
8.844684468446844861e+00,-6.642896974042997726e-01
8.846084608460845544e+00,-6.640873408278480383e-01
8.847484748474848004e+00,-6.638850858857523463e-01
8.848884888488848688e+00,-6.636829324306177114e-01
8.850285028502849372e+00,-6.634808803150491485e-01
8.851685168516851832e+00,-6.632789293913958772e-01
8.853085308530852515e+00,-6.630770795093354764e-01
8.854485448544854975e+00,-6.628753305214019065e-01
8.855885588558855659e+00,-6.626736822794327963e-01
8.857285728572856343e+00,-6.624721346358342089e-01
8.858685868586858803e+00,-6.622706874394452825e-01
8.860086008600859486e+00,-6.620693405429989298e-01
8.861486148614861946e+00,-6.618680937957748256e-01
8.862886288628862630e+00,-6.616669470503921957e-01
8.864286428642863314e+00,-6.614659001566849383e-01
8.865686568656865774e+00,-6.612649529629948120e-01
8.867086708670866457e+00,-6.610641053225094765e-01
8.868486848684868917e+00,-6.608633570841817573e-01
8.869886988698869601e+00,-6.606627080975897570e-01
8.871287128712870285e+00,-6.604621582116436684e-01
8.872687268726872745e+00,-6.602617072782805963e-01
8.874087408740873428e+00,-6.600613551453449190e-01
8.875487548754875888e+00,-6.598611016633526560e-01
8.876887688768876572e+00,-6.596609466808871503e-01
8.878287828782877256e+00,-6.594608900463896362e-01
8.879687968796879716e+00,-6.592609316090829452e-01
8.881088108810880399e+00,-6.590610712175788422e-01
8.882488248824882859e+00,-6.588613087210717367e-01
8.883888388838883543e+00,-6.586616439691965752e-01
8.885288528852884227e+00,-6.584620768079076925e-01
8.886688668866886687e+00,-6.582626070857457989e-01
8.888088808880887370e+00,-6.580632346526726906e-01
8.889488948894889830e+00,-6.578639593546427022e-01
8.890889088908890514e+00,-6.576647810408218220e-01
8.892289228922891198e+00,-6.574656995579886143e-01
8.893689368936893658e+00,-6.572667147541437771e-01
8.895089508950894341e+00,-6.570678264765916765e-01
8.896489648964896801e+00,-6.568690345724945701e-01
8.897889788978897485e+00,-6.566703388891852455e-01
8.899289928992899945e+00,-6.564717392728880441e-01
8.900690069006900629e+00,-6.562732355719731459e-01
8.902090209020901312e+00,-6.560748276313148608e-01
8.903490349034903772e+00,-6.558765152992691583e-01
8.904890489048904456e+00,-6.556782984207671916e-01
8.906290629062906916e+00,-6.554801768437243936e-01
8.907690769076907600e+00,-6.552821504136119302e-01
8.909090909090908283e+00,-6.550842189761851841e-01
8.910491049104910743e+00,-6.548863823779527138e-01
8.911891189118911427e+00,-6.546886404627372258e-01
8.913291329132913887e+00,-6.544909930799747144e-01
8.914691469146914571e+00,-6.542934400734310429e-01
8.916091609160915255e+00,-6.540959812873694545e-01
8.917491749174917715e+00,-6.538986165680285012e-01
8.918891889188918398e+00,-6.537013457614619938e-01
8.920292029202920858e+00,-6.535041687130700439e-01
8.921692169216921542e+00,-6.533070852662916650e-01
8.923092309230922226e+00,-6.531100952671948789e-01
8.924492449244924686e+00,-6.529131985583234155e-01
8.925892589258925369e+00,-6.527163949883458827e-01
8.927292729272927829e+00,-6.525196843982570272e-01
8.928692869286928513e+00,-6.523230666338548644e-01
8.930093009300929197e+00,-6.521265415397721199e-01
8.931493149314931657e+00,-6.519301089597178134e-01
8.932893289328932340e+00,-6.517337687372446453e-01
8.934293429342934800e+00,-6.515375207185485351e-01
8.935693569356935484e+00,-6.513413647452210853e-01
8.937093709370936168e+00,-6.511453006611134242e-01
8.938493849384938628e+00,-6.509493283101761563e-01
8.939893989398939311e+00,-6.507534475370135851e-01
8.941294129412941771e+00,-6.505576581845247119e-01
8.942694269426942455e+00,-6.503619600948837842e-01
8.944094409440943139e+00,-6.501663531140167152e-01
8.945494549454945599e+00,-6.499708370815824310e-01
8.946894689468946282e+00,-6.497754118449847738e-01
8.948294829482948742e+00,-6.495800772419642044e-01
8.949694969496949426e+00,-6.493848331192566548e-01
8.951095109510950110e+00,-6.491896793179847691e-01
8.952495249524952570e+00,-6.489946156809907052e-01
8.953895389538953253e+00,-6.487996420507471385e-01
8.955295529552955713e+00,-6.486047582709062453e-01
8.956695669566956397e+00,-6.484099641816385429e-01
8.958095809580957081e+00,-6.482152596270367440e-01
8.959495949594959541e+00,-6.480206444481950712e-01
8.960896089608960224e+00,-6.478261184881688450e-01
8.962296229622962684e+00,-6.476316815874412214e-01
8.963696369636963368e+00,-6.474373335888259362e-01
8.965096509650964052e+00,-6.472430743353072558e-01
8.966496649664966512e+00,-6.470489036656488224e-01
8.967896789678967195e+00,-6.468548214248386330e-01
8.969296929692969655e+00,-6.466608274516687516e-01
8.970697069706970339e+00,-6.464669215890097576e-01
8.972097209720971023e+00,-6.462731036795901218e-01
8.973497349734973483e+00,-6.460793735601129129e-01
8.974897489748974166e+00,-6.458857310769587912e-01
8.976297629762976626e+00,-6.456921760679250610e-01
8.977697769776977310e+00,-6.454987083741059450e-01
8.979097909790977994e+00,-6.453053278384572877e-01
8.980498049804980454e+00,-6.451120343011496061e-01
8.981898189818981137e+00,-6.449188276029786948e-01
8.983298329832983597e+00,-6.447257075827934614e-01
8.984698469846984281e+00,-6.445326740845302993e-01
8.986098609860986741e+00,-6.443397269456312415e-01
8.987498749874987425e+00,-6.441468660081852704e-01
8.988898889888988109e+00,-6.439540911137697776e-01
8.990299029902990569e+00,-6.437614020999973263e-01
8.991699169916991252e+00,-6.435687988103353518e-01
8.993099309930993712e+00,-6.433762810817995614e-01
8.994499449944994396e+00,-6.431838487551004846e-01
8.995899589958995080e+00,-6.429915016727676402e-01
8.997299729972997540e+00,-6.427992396723709589e-01
8.998699869986998223e+00,-6.426070625950472959e-01
9.000100010001000683e+00,-6.424149702802424144e-01
9.001500150015001367e+00,-6.422229625680415666e-01
9.002900290029002051e+00,-6.420310392970662861e-01
9.004300430043004511e+00,-6.418392003088939646e-01
9.005700570057005194e+00,-6.416474454430982632e-01
9.007100710071007654e+00,-6.414557745363680397e-01
9.008500850085008338e+00,-6.412641874310338608e-01
9.009900990099009022e+00,-6.410726839658309473e-01
9.011301130113011482e+00,-6.408812639803187494e-01
9.012701270127012165e+00,-6.406899273133888073e-01
9.014101410141014625e+00,-6.404986738049274209e-01
9.015501550155015309e+00,-6.403075032923339904e-01
9.016901690169015993e+00,-6.401164156172569619e-01
9.018301830183018453e+00,-6.399254106172946877e-01
9.019701970197019136e+00,-6.397344881327740040e-01
9.021102110211021596e+00,-6.395436480022738124e-01
9.022502250225022280e+00,-6.393528900640035317e-01
9.023902390239022964e+00,-6.391622141571389193e-01
9.025302530253025424e+00,-6.389716201215520641e-01
9.026702670267026107e+00,-6.387811077941165649e-01
9.028102810281028567e+00,-6.385906770147755651e-01
9.029502950295029251e+00,-6.384003276236143165e-01
9.030903090309029935e+00,-6.382100594575490504e-01
9.032303230323032395e+00,-6.380198723563665908e-01
9.033703370337033078e+00,-6.378297661575800248e-01
9.035103510351035538e+00,-6.376397407001945794e-01
9.036503650365036222e+00,-6.374497958229454753e-01
9.037903790379036906e+00,-6.372599313644968788e-01
9.039303930393039366e+00,-6.370701471630866308e-01
9.040704070407040049e+00,-6.368804430578904885e-01
9.042104210421042509e+00,-6.366908188867768104e-01
9.043504350435043193e+00,-6.365012744872871053e-01
9.044904490449043877e+00,-6.363118096982844918e-01
9.046304630463046337e+00,-6.361224243597831673e-01
9.047704770477047020e+00,-6.359331183079177663e-01
9.049104910491049480e+00,-6.357438913823614257e-01
9.050505050505050164e+00,-6.355547434194903644e-01
9.051905190519050848e+00,-6.353656742599866902e-01
9.053305330533053308e+00,-6.351766837392602838e-01
9.054705470547053991e+00,-6.349877716985758980e-01
9.056105610561056452e+00,-6.347989379725760273e-01
9.057505750575057135e+00,-6.346101824046428419e-01
9.058905890589057819e+00,-6.344215048267471957e-01
9.060306030603060279e+00,-6.342329050798412027e-01
9.061706170617060963e+00,-6.340443830033564154e-01
9.063106310631063423e+00,-6.338559384332995705e-01
9.064506450645064106e+00,-6.336675712095996005e-01
9.065906590659064790e+00,-6.334792811686327241e-01
9.067306730673067250e+00,-6.332910681479546611e-01
9.068706870687067934e+00,-6.331029319868548555e-01
9.070107010701070394e+00,-6.329148725233153527e-01
9.071507150715071077e+00,-6.327268895935844739e-01
9.072907290729073537e+00,-6.325389830388559176e-01
9.074307430743074221e+00,-6.323511526942269256e-01
9.075707570757074905e+00,-6.321633983986743033e-01
9.077107710771077365e+00,-6.319757199904216804e-01
9.078507850785078048e+00,-6.317881173067831924e-01
9.079907990799080508e+00,-6.316005901868635419e-01
9.081308130813081192e+00,-6.314131384667689417e-01
9.082708270827081876e+00,-6.312257619861156854e-01
9.084108410841084336e+00,-6.310384605811520942e-01
9.085508550855085019e+00,-6.308512340916792027e-01
9.086908690869087479e+00,-6.306640823546985075e-01
9.088308830883088163e+00,-6.304770052088883858e-01
9.089708970897088847e+00,-6.302900024904118936e-01
9.091109110911091307e+00,-6.301030740391553309e-01
9.092509250925091990e+00,-6.299162196923333568e-01
9.093909390939094450e+00,-6.297294392873737934e-01
9.095309530953095134e+00,-6.295427326618607822e-01
9.096709670967095818e+00,-6.293560996569311783e-01
9.098109810981098278e+00,-6.291695401077532779e-01
9.099509950995098961e+00,-6.289830538508169866e-01
9.100910091009101421e+00,-6.287966407285665582e-01
9.102310231023102105e+00,-6.286103005766960905e-01
9.103710371037102789e+00,-6.284240332328607792e-01
9.105110511051105249e+00,-6.282378385350426697e-01
9.106510651065105932e+00,-6.280517163232417488e-01
9.107910791079108392e+00,-6.278656664329957948e-01
9.109310931093109076e+00,-6.276796887052711327e-01
9.110711071107109760e+00,-6.274937829746960460e-01
9.112111211121112220e+00,-6.273079490826063420e-01
9.113511351135112903e+00,-6.271221868665577404e-01
9.114911491149115363e+00,-6.269364961638927980e-01
9.116311631163116047e+00,-6.267508768128351448e-01
9.117711771177116731e+00,-6.265653286527026467e-01
9.119111911191119191e+00,-6.263798515207810169e-01
9.120512051205119874e+00,-6.261944452551233553e-01
9.121912191219122334e+00,-6.260091096965680890e-01
9.123312331233123018e+00,-6.258238446798571886e-01
9.124712471247123702e+00,-6.256386500472359558e-01
9.126112611261126162e+00,-6.254535256343416449e-01
9.127512751275126845e+00,-6.252684712810321344e-01
9.128912891289129306e+00,-6.250834868258863253e-01
9.130313031303129989e+00,-6.248985721068862631e-01
9.131713171317130673e+00,-6.247137269626392708e-01
9.133113311331133133e+00,-6.245289512332732329e-01
9.134513451345133817e+00,-6.243442447554912178e-01
9.135913591359136277e+00,-6.241596073682842416e-01
9.137313731373136960e+00,-6.239750389123912555e-01
9.138713871387137644e+00,-6.237905392245579606e-01
9.140114011401140104e+00,-6.236061081456654165e-01
9.141514151415140788e+00,-6.234217455122603724e-01
9.142914291429143248e+00,-6.232374511641864956e-01
9.144314431443143931e+00,-6.230532249430638103e-01
9.145714571457144615e+00,-6.228690666840606127e-01
9.147114711471147075e+00,-6.226849762288253487e-01
9.148514851485147759e+00,-6.225009534158800761e-01
9.149914991499150219e+00,-6.223169980848979321e-01
9.151315131513150902e+00,-6.221331100745004505e-01
9.152715271527153362e+00,-6.219492892246307747e-01
9.154115411541154046e+00,-6.217655353736120105e-01
9.155515551555154730e+00,-6.215818483623962720e-01
9.156915691569157190e+00,-6.213982280304577444e-01
9.158315831583157873e+00,-6.212146742164605939e-01
9.159715971597160333e+00,-6.210311867597226865e-01
9.161116111611161017e+00,-6.208477655028161735e-01
9.162516251625161701e+00,-6.206644102818899000e-01
9.163916391639164161e+00,-6.204811209400702410e-01
9.165316531653164844e+00,-6.202978973151545006e-01
9.166716671667167304e+00,-6.201147392473700393e-01
9.168116811681167988e+00,-6.199316465770152718e-01
9.169516951695168672e+00,-6.197486191468897232e-01
9.170917091709171132e+00,-6.195656567919201052e-01
9.172317231723171815e+00,-6.193827593585297109e-01
9.173717371737174275e+00,-6.191999266810483959e-01
9.175117511751174959e+00,-6.190171586051320674e-01
9.176517651765175643e+00,-6.188344549667590400e-01
9.177917791779178103e+00,-6.186518156113436362e-01
9.179317931793178786e+00,-6.184692403755605028e-01
9.180718071807181246e+00,-6.182867291022091649e-01
9.182118211821181930e+00,-6.181042816335917678e-01
9.183518351835182614e+00,-6.179218978065108558e-01
9.184918491849185074e+00,-6.177395774662102212e-01
9.186318631863185757e+00,-6.175573204510413916e-01
9.187718771877188217e+00,-6.173751266038038921e-01
9.189118911891188901e+00,-6.171929957661177468e-01
9.190519051905189585e+00,-6.170109277770023937e-01
9.191919191919192045e+00,-6.168289224810337146e-01
9.193319331933192728e+00,-6.166469797178422141e-01
9.194719471947195188e+00,-6.164650993274989332e-01
9.196119611961195872e+00,-6.162832811580614134e-01
9.197519751975196556e+00,-6.161015250443853120e-01
9.198919891989199016e+00,-6.159198308328797111e-01
9.200320032003199699e+00,-6.157381983619387711e-01
9.201720172017202160e+00,-6.155566274790658099e-01
9.203120312031202843e+00,-6.153751180213191674e-01
9.204520452045203527e+00,-6.151936698326636588e-01
9.205920592059205987e+00,-6.150122827583288654e-01
9.207320732073206671e+00,-6.148309566382010871e-01
9.208720872087209131e+00,-6.146496913160603981e-01
9.210121012101209814e+00,-6.144684866325036410e-01
9.211521152115210498e+00,-6.142873424333572530e-01
9.212921292129212958e+00,-6.141062585616055003e-01
9.214321432143213642e+00,-6.139252348586268226e-01
9.215721572157216102e+00,-6.137442711680591856e-01
9.217121712171216785e+00,-6.135633673347911099e-01
9.218521852185217469e+00,-6.133825232004994632e-01
9.219921992199219929e+00,-6.132017386086232591e-01
9.221322132213220613e+00,-6.130210134057989535e-01
9.222722272227223073e+00,-6.128403474331491907e-01
9.224122412241223756e+00,-6.126597405358324977e-01
9.225522552255224440e+00,-6.124791925578847440e-01
9.226922692269226900e+00,-6.122987033422901959e-01
9.228322832283227584e+00,-6.121182727358700504e-01
9.229722972297230044e+00,-6.119379005816796280e-01
9.231123112311230727e+00,-6.117575867237263765e-01
9.232523252325231411e+00,-6.115773310069698709e-01
9.233923392339233871e+00,-6.113971332757728305e-01
9.235323532353234555e+00,-6.112169933782638509e-01
9.236723672367237015e+00,-6.110369111549687204e-01
9.238123812381237698e+00,-6.108568864572703205e-01
9.239523952395240158e+00,-6.106769191262912955e-01
9.240924092409240842e+00,-6.104970090050585441e-01
9.242324232423241526e+00,-6.103171559459070750e-01
9.243724372437243986e+00,-6.101373597894763634e-01
9.245124512451244669e+00,-6.099576203825165521e-01
9.246524652465247129e+00,-6.097779375735683516e-01
9.247924792479247813e+00,-6.095983112080602950e-01
9.249324932493248497e+00,-6.094187411309803792e-01
9.250725072507250957e+00,-6.092392271893345423e-01
9.252125212521251640e+00,-6.090597692320898204e-01
9.253525352535254100e+00,-6.088803671023583775e-01
9.254925492549254784e+00,-6.087010206508409738e-01
9.256325632563255468e+00,-6.085217297211897858e-01
9.257725772577257928e+00,-6.083424941619455240e-01
9.259125912591258611e+00,-6.081633138208673017e-01
9.260526052605261071e+00,-6.079841885482863972e-01
9.261926192619261755e+00,-6.078051181868744379e-01
9.263326332633262439e+00,-6.076261025899469814e-01
9.264726472647264899e+00,-6.074471415999340707e-01
9.266126612661265582e+00,-6.072682350685312258e-01
9.267526752675268042e+00,-6.070893828423464811e-01
9.268926892689268726e+00,-6.069105847735301040e-01
9.270327032703269410e+00,-6.067318407074111519e-01
9.271727172717271870e+00,-6.065531504931129803e-01
9.273127312731272553e+00,-6.063745139810094997e-01
9.274527452745275014e+00,-6.061959310197977402e-01
9.275927592759275697e+00,-6.060174014588000091e-01
9.277327732773276381e+00,-6.058389251477791504e-01
9.278727872787278841e+00,-6.056605019381890997e-01
9.280128012801279525e+00,-6.054821316750889082e-01
9.281528152815281985e+00,-6.053038142118367659e-01
9.282928292829282668e+00,-6.051255494002134583e-01
9.284328432843283352e+00,-6.049473370889870694e-01
9.285728572857285812e+00,-6.047691771273662198e-01
9.287128712871286496e+00,-6.045910693682543524e-01
9.288528852885288956e+00,-6.044130136609737747e-01
9.289928992899289639e+00,-6.042350098597495389e-01
9.291329132913290323e+00,-6.040570578111186251e-01
9.292729272927292783e+00,-6.038791573722619432e-01
9.294129412941293467e+00,-6.037013083892190934e-01
9.295529552955295927e+00,-6.035235107190999315e-01
9.296929692969296610e+00,-6.033457642102604268e-01
9.298329832983297294e+00,-6.031680687172098487e-01
9.299729972997299754e+00,-6.029904240889152334e-01
9.301130113011300438e+00,-6.028128301833390879e-01
9.302530253025302898e+00,-6.026352868481836822e-01
9.303930393039303581e+00,-6.024577939409141436e-01
9.305330533053304265e+00,-6.022803513127854558e-01
9.306730673067306725e+00,-6.021029588184205750e-01
9.308130813081307409e+00,-6.019256163089039546e-01
9.309530953095309869e+00,-6.017483236386027556e-01
9.310931093109310552e+00,-6.015710806649252618e-01
9.312331233123311236e+00,-6.013938872381459078e-01
9.313731373137313696e+00,-6.012167432147350610e-01
9.315131513151314380e+00,-6.010396484495146296e-01
9.316531653165316840e+00,-6.008626027966954553e-01
9.317931793179317523e+00,-6.006856061103889033e-01
9.319331933193318207e+00,-6.005086582479748358e-01
9.320732073207320667e+00,-6.003317590644030588e-01
9.322132213221321351e+00,-6.001549084145665347e-01
9.323532353235323811e+00,-5.999781061553761674e-01
9.324932493249324494e+00,-5.998013521428759987e-01
9.326332633263326954e+00,-5.996246462313337133e-01
9.327732773277327638e+00,-5.994479882798913195e-01
9.329132913291328322e+00,-5.992713781453176125e-01
9.330533053305330782e+00,-5.990948156826050308e-01
9.331933193319331465e+00,-5.989183007506397871e-01
9.333333333333333925e+00,-5.987418332070717497e-01
9.334733473347334609e+00,-5.985654129082433883e-01
9.336133613361335293e+00,-5.983890397127709093e-01
9.337533753375337753e+00,-5.982127134792847301e-01
9.338933893389338436e+00,-5.980364340630046627e-01
9.340334033403340896e+00,-5.978602013295386541e-01
9.341734173417341580e+00,-5.976840151306817006e-01
9.343134313431342264e+00,-5.975078753295974821e-01
9.344534453445344724e+00,-5.973317817834811194e-01
9.345934593459345407e+00,-5.971557343524125372e-01
9.347334733473347868e+00,-5.969797328965853467e-01
9.348734873487348551e+00,-5.968037772765342197e-01
9.350135013501349235e+00,-5.966278673501648200e-01
9.351535153515351695e+00,-5.964520029794044831e-01
9.352935293529352379e+00,-5.962761840274737324e-01
9.354335433543354839e+00,-5.961004103503313445e-01
9.355735573557355522e+00,-5.959246818131447299e-01
9.357135713571356206e+00,-5.957489982757522284e-01
9.358535853585358666e+00,-5.955733595991148377e-01
9.359935993599359350e+00,-5.953977656469930935e-01
9.361336133613361810e+00,-5.952222162802769390e-01
9.362736273627362493e+00,-5.950467113625705906e-01
9.364136413641363177e+00,-5.948712507553466367e-01
9.365536553655365637e+00,-5.946958343223798238e-01
9.366936693669366321e+00,-5.945204619256543310e-01
9.368336833683368781e+00,-5.943451334317302326e-01
9.369736973697369464e+00,-5.941698486981721317e-01
9.371137113711370148e+00,-5.939946075962581062e-01
9.372537253725372608e+00,-5.938194099859259723e-01
9.373937393739373292e+00,-5.936442557323715619e-01
9.375337533753375752e+00,-5.934691447000659537e-01
9.376737673767376435e+00,-5.932940767556544870e-01
9.378137813781377119e+00,-5.931190517601692136e-01
9.379537953795379579e+00,-5.929440695852719045e-01
9.380938093809380263e+00,-5.927691300930177931e-01
9.382338233823382723e+00,-5.925942331504501226e-01
9.383738373837383406e+00,-5.924193786215568025e-01
9.385138513851384090e+00,-5.922445663777438085e-01
9.386538653865386550e+00,-5.920697962804126746e-01
9.387938793879387234e+00,-5.918950682031152155e-01
9.389338933893389694e+00,-5.917203820065566333e-01
9.390739073907390377e+00,-5.915457375620576386e-01
9.392139213921391061e+00,-5.913711347368604265e-01
9.393539353935393521e+00,-5.911965733999693384e-01
9.394939493949394205e+00,-5.910220534205166132e-01
9.396339633963396665e+00,-5.908475746630301728e-01
9.397739773977397348e+00,-5.906731370009055127e-01
9.399139913991398032e+00,-5.904987403055201867e-01
9.400540054005400492e+00,-5.903243844401515616e-01
9.401940194019401176e+00,-5.901500692792467362e-01
9.403340334033403636e+00,-5.899757946897636884e-01
9.404740474047404319e+00,-5.898015605466042643e-01
9.406140614061406779e+00,-5.896273667159306342e-01
9.407540754075407463e+00,-5.894532130731704456e-01
9.408940894089408147e+00,-5.892790994874843591e-01
9.410341034103410607e+00,-5.891050258302925613e-01
9.411741174117411290e+00,-5.889309919751326561e-01
9.413141314131413750e+00,-5.887569977908810870e-01
9.414541454145414434e+00,-5.885830431548129127e-01
9.415941594159415118e+00,-5.884091279356482573e-01
9.417341734173417578e+00,-5.882352520099090043e-01
9.418741874187418261e+00,-5.880614152480774237e-01
9.420142014201420722e+00,-5.878876175257943260e-01
9.421542154215421405e+00,-5.877138587187715757e-01
9.422942294229422089e+00,-5.875401386958145622e-01
9.424342434243424549e+00,-5.873664573380779075e-01
9.425742574257425233e+00,-5.871928145175502323e-01
9.427142714271427693e+00,-5.870192101065185852e-01
9.428542854285428376e+00,-5.868456439851144069e-01
9.429942994299429060e+00,-5.866721160289642967e-01
9.431343134313431520e+00,-5.864986261147748792e-01
9.432743274327432204e+00,-5.863251741159842823e-01
9.434143414341434664e+00,-5.861517599091854436e-01
9.435543554355435347e+00,-5.859783833758598348e-01
9.436943694369436031e+00,-5.858050443905966631e-01
9.438343834383438491e+00,-5.856317428312252105e-01
9.439743974397439175e+00,-5.854584785744236797e-01
9.441144114411441635e+00,-5.852852515008919454e-01
9.442544254425442318e+00,-5.851120614946552223e-01
9.443944394439443002e+00,-5.849389084253715509e-01
9.445344534453445462e+00,-5.847657921748634635e-01
9.446744674467446146e+00,-5.845927126281509345e-01
9.448144814481448606e+00,-5.844196696586578810e-01
9.449544954495449289e+00,-5.842466631498126617e-01
9.450945094509449973e+00,-5.840736929820309342e-01
9.452345234523452433e+00,-5.839007590392668590e-01
9.453745374537453117e+00,-5.837278611975165177e-01
9.455145514551455577e+00,-5.835549993426099036e-01
9.456545654565456260e+00,-5.833821733549484634e-01
9.457945794579456944e+00,-5.832093831161273556e-01
9.459345934593459404e+00,-5.830366285119197300e-01
9.460746074607460088e+00,-5.828639094241907515e-01
9.462146214621462548e+00,-5.826912257324750044e-01
9.463546354635463231e+00,-5.825185773258851896e-01
9.464946494649463915e+00,-5.823459640842543195e-01
9.466346634663466375e+00,-5.821733858959134977e-01
9.467746774677467059e+00,-5.820008426464085005e-01
9.469146914691469519e+00,-5.818283342156007620e-01
9.470547054705470202e+00,-5.816558604918071751e-01
9.471947194719470886e+00,-5.814834213608151003e-01
9.473347334733473346e+00,-5.813110167107993220e-01
9.474747474747474030e+00,-5.811386464231986793e-01
9.476147614761476490e+00,-5.809663103907922732e-01
9.477547754775477173e+00,-5.807940084956157989e-01
9.478947894789477857e+00,-5.806217406286720006e-01
9.480348034803480317e+00,-5.804495066780503976e-01
9.481748174817481001e+00,-5.802773065301067845e-01
9.483148314831483461e+00,-5.801051400755738996e-01
9.484548454845484144e+00,-5.799330072003243686e-01
9.485948594859484828e+00,-5.797609077984020587e-01
9.487348734873487288e+00,-5.795888417518142433e-01
9.488748874887487972e+00,-5.794168089587543591e-01
9.490149014901490432e+00,-5.792448093075677207e-01
9.491549154915491116e+00,-5.790728426852354005e-01
9.492949294929493576e+00,-5.789009089887002801e-01
9.494349434943494259e+00,-5.787290081038776179e-01
9.495749574957494943e+00,-5.785571399269713311e-01
9.497149714971497403e+00,-5.783853043484583623e-01
9.498549854985498087e+00,-5.782135012619420422e-01
9.499949994999500547e+00,-5.780417305582972176e-01
9.501350135013501230e+00,-5.778699921337988599e-01
9.502750275027501914e+00,-5.776982858812402810e-01
9.504150415041504374e+00,-5.775266116946085049e-01
9.505550555055505058e+00,-5.773549694665973675e-01
9.506950695069507518e+00,-5.771833590952297754e-01
9.508350835083508201e+00,-5.770117804748622348e-01
9.509750975097508885e+00,-5.768402335015281324e-01
9.511151115111511345e+00,-5.766687180682055214e-01
9.512551255125512029e+00,-5.764972340739689116e-01
9.513951395139514489e+00,-5.763257814161022452e-01
9.515351535153515172e+00,-5.761543599910936564e-01
9.516751675167515856e+00,-5.759829696964402501e-01
9.518151815181518316e+00,-5.758116104296675530e-01
9.519551955195519000e+00,-5.756402820891679539e-01
9.520952095209521460e+00,-5.754689845751101984e-01
9.522352235223522143e+00,-5.752977177881319903e-01
9.523752375237522827e+00,-5.751264816216945519e-01
9.525152515251525287e+00,-5.749552759812388558e-01
9.526552655265525971e+00,-5.747841007624430176e-01
9.527952795279528431e+00,-5.746129558718564567e-01
9.529352935293529114e+00,-5.744418412067489044e-01
9.530753075307529798e+00,-5.742707566690228305e-01
9.532153215321532258e+00,-5.740997021625275920e-01
9.533553355335532942e+00,-5.739286775868777113e-01
9.534953495349535402e+00,-5.737576828474999502e-01
9.536353635363536085e+00,-5.735867178448899040e-01
9.537753775377536769e+00,-5.734157824846164431e-01
9.539153915391539229e+00,-5.732448766682836094e-01
9.540554055405539913e+00,-5.730740003031513652e-01
9.541954195419542373e+00,-5.729031532923585246e-01
9.543354335433543056e+00,-5.727323355404223548e-01
9.544754475447543740e+00,-5.725615469558533732e-01
9.546154615461546200e+00,-5.723907874394598139e-01
9.547554755475546884e+00,-5.722200569037028117e-01
9.548954895489549344e+00,-5.720493552503853607e-01
9.550355035503550027e+00,-5.718786823878332370e-01
9.551755175517550711e+00,-5.717080382280101958e-01
9.553155315531553171e+00,-5.715374226719944772e-01
9.554555455545553855e+00,-5.713668356315082519e-01
9.555955595559556315e+00,-5.711962770201353123e-01
9.557355735573556998e+00,-5.710257467377317653e-01
9.558755875587557682e+00,-5.708552447005672548e-01
9.560156015601560142e+00,-5.706847708176923106e-01
9.561556155615560826e+00,-5.705143250001043498e-01
9.562956295629563286e+00,-5.703439071563849438e-01
9.564356435643563970e+00,-5.701735171992510232e-01
9.565756575657564653e+00,-5.700031550411779335e-01
9.567156715671567113e+00,-5.698328205921256995e-01
9.568556855685567797e+00,-5.696625137680797479e-01
9.569956995699570257e+00,-5.694922344791137903e-01
9.571357135713570941e+00,-5.693219826430180319e-01
9.572757275727573401e+00,-5.691517581690703764e-01
9.574157415741574084e+00,-5.689815609734836244e-01
9.575557555755574768e+00,-5.688113909715610816e-01
9.576957695769577228e+00,-5.686412480778102463e-01
9.578357835783577912e+00,-5.684711322099644804e-01
9.579757975797580372e+00,-5.683010432809112444e-01
9.581158115811581055e+00,-5.681309812078723098e-01
9.582558255825581739e+00,-5.679609459113947878e-01
9.583958395839584199e+00,-5.677909373054603748e-01
9.585358535853584883e+00,-5.676209553080155956e-01
9.586758675867587343e+00,-5.674509998389538623e-01
9.588158815881588026e+00,-5.672810708140474389e-01
9.589558955895588710e+00,-5.671111681579645847e-01
9.590959095909591170e+00,-5.669412917867902024e-01
9.592359235923591854e+00,-5.667714416198208482e-01
9.593759375937594314e+00,-5.666016175791810383e-01
9.595159515951594997e+00,-5.664318195870805539e-01
9.596559655965595681e+00,-5.662620475615938176e-01
9.597959795979598141e+00,-5.660923014287391197e-01
9.599359935993598825e+00,-5.659225811050134780e-01
9.600760076007601285e+00,-5.657528865187799738e-01
9.602160216021601968e+00,-5.655832175928594552e-01
9.603560356035602652e+00,-5.654135742468895387e-01
9.604960496049605112e+00,-5.652439564092333057e-01
9.606360636063605796e+00,-5.650743640018447422e-01
9.607760776077608256e+00,-5.649047969519500612e-01
9.609160916091608939e+00,-5.647352551843312085e-01
9.610561056105609623e+00,-5.645657386238696063e-01
9.611961196119612083e+00,-5.643962472001646802e-01
9.613361336133612767e+00,-5.642267808337919632e-01
9.614761476147615227e+00,-5.640573394573067390e-01
9.616161616161615910e+00,-5.638879229991857756e-01
9.617561756175616594e+00,-5.637185313853620983e-01
9.618961896189619054e+00,-5.635491645456198739e-01
9.620362036203619738e+00,-5.633798224066026705e-01
9.621762176217622198e+00,-5.632105049014910492e-01
9.623162316231622881e+00,-5.630412119597565379e-01
9.624562456245623565e+00,-5.628719435108422431e-01
9.625962596259626025e+00,-5.627026994859818387e-01
9.627362736273626709e+00,-5.625334798176169215e-01
9.628762876287629169e+00,-5.623642844384164619e-01
9.630163016301629852e+00,-5.621951132802252005e-01
9.631563156315630536e+00,-5.620259662743904983e-01
9.632963296329632996e+00,-5.618568433557413755e-01
9.634363436343633680e+00,-5.616877444598884495e-01
9.635763576357636140e+00,-5.615186695190743649e-01
9.637163716371636824e+00,-5.613496184670623279e-01
9.638563856385637507e+00,-5.611805912417509035e-01
9.639963996399639967e+00,-5.610115877794044081e-01
9.641364136413640651e+00,-5.608426080149513382e-01
9.642764276427643111e+00,-5.606736518843007389e-01
9.644164416441643795e+00,-5.605047193244274695e-01
9.645564556455644478e+00,-5.603358102780617855e-01
9.646964696469646938e+00,-5.601669246803027136e-01
9.648364836483647622e+00,-5.599980624668603468e-01
9.649764976497650082e+00,-5.598292235809907424e-01
9.651165116511650766e+00,-5.596604079621982919e-01
9.652565256525651449e+00,-5.594916155492910548e-01
9.653965396539653909e+00,-5.593228462794286315e-01
9.655365536553654593e+00,-5.591541001031288260e-01
9.656765676567657053e+00,-5.589853769541264228e-01
9.658165816581657737e+00,-5.588166767781928002e-01
9.659565956595660197e+00,-5.586479995139796983e-01
9.660966096609660880e+00,-5.584793451135254827e-01
9.662366236623661564e+00,-5.583107135109344199e-01
9.663766376637664024e+00,-5.581421046549621678e-01
9.665166516651664708e+00,-5.579735184903995560e-01
9.666566656665667168e+00,-5.578049549587547062e-01
9.667966796679667851e+00,-5.576364140086127463e-01
9.669366936693668535e+00,-5.574678955875498332e-01
9.670767076707670995e+00,-5.572993996428721175e-01
9.672167216721671679e+00,-5.571309261126060619e-01
9.673567356735674139e+00,-5.569624749580128764e-01
9.674967496749674822e+00,-5.567940461183127354e-01
9.676367636763675506e+00,-5.566256395408402113e-01
9.677767776777677966e+00,-5.564572551825079927e-01
9.679167916791678650e+00,-5.562888929880642763e-01
9.680568056805681110e+00,-5.561205529071600040e-01
9.681968196819681793e+00,-5.559522348912793177e-01
9.683368336833682477e+00,-5.557839388913521361e-01
9.684768476847684937e+00,-5.556156648604826387e-01
9.686168616861685621e+00,-5.554474127505812930e-01
9.687568756875688081e+00,-5.552791825120380054e-01
9.688968896889688764e+00,-5.551109741018649402e-01
9.690369036903689448e+00,-5.549427874716030828e-01
9.691769176917691908e+00,-5.547746225730065817e-01
9.693169316931692592e+00,-5.546064793647786928e-01
9.694569456945695052e+00,-5.544383578040310567e-01
9.695969596959695735e+00,-5.542702578410398928e-01
9.697369736973696419e+00,-5.541021794337552819e-01
9.698769876987698879e+00,-5.539341225392035994e-01
9.700170017001699563e+00,-5.537660871154912456e-01
9.701570157015702023e+00,-5.535980731224583451e-01
9.702970297029702706e+00,-5.534300805139196200e-01
9.704370437043703390e+00,-5.532621092554990128e-01
9.705770577057705850e+00,-5.530941592969185194e-01
9.707170717071706534e+00,-5.529262306027931118e-01
9.708570857085708994e+00,-5.527583231350376991e-01
9.709970997099709678e+00,-5.525904368570166980e-01
9.711371137113710361e+00,-5.524225717251738388e-01
9.712771277127712821e+00,-5.522547277047209491e-01
9.714171417141713505e+00,-5.520869047540770680e-01
9.715571557155715965e+00,-5.519191028388661380e-01
9.716971697169716649e+00,-5.517513219271279468e-01
9.718371837183717332e+00,-5.515835619761020325e-01
9.719771977197719792e+00,-5.514158229528192123e-01
9.721172117211720476e+00,-5.512481048223492053e-01
9.722572257225722936e+00,-5.510804075515096656e-01
9.723972397239723620e+00,-5.509127311066350785e-01
9.725372537253724303e+00,-5.507450754536336035e-01
9.726772677267726763e+00,-5.505774405576033814e-01
9.728172817281727447e+00,-5.504098263915579992e-01
9.729572957295729907e+00,-5.502422329181371197e-01
9.730973097309730591e+00,-5.500746601138644110e-01
9.732373237323731274e+00,-5.499071079382531479e-01
9.733773377337733734e+00,-5.497395763689780779e-01
9.735173517351734418e+00,-5.495720653746190010e-01
9.736573657365736878e+00,-5.494045749250773270e-01
9.737973797379737562e+00,-5.492371049933240101e-01
9.739373937393738245e+00,-5.490696555475693685e-01
9.740774077407740705e+00,-5.489022265692398150e-01
9.742174217421741389e+00,-5.487348180204918435e-01
9.743574357435743849e+00,-5.485674298798812742e-01
9.744974497449744533e+00,-5.484000621266318376e-01
9.746374637463746993e+00,-5.482327147293801772e-01
9.747774777477747676e+00,-5.480653876649199674e-01
9.749174917491748360e+00,-5.478980809111533290e-01
9.750575057505750820e+00,-5.477307944422591390e-01
9.751975197519751504e+00,-5.475635282333968235e-01
9.753375337533753964e+00,-5.473962822720892518e-01
9.754775477547754647e+00,-5.472290565217718949e-01
9.756175617561755331e+00,-5.470618509720992506e-01
9.757575757575757791e+00,-5.468946655955733149e-01
9.758975897589758475e+00,-5.467275003749278994e-01
9.760376037603760935e+00,-5.465603552943463228e-01
9.761776177617761618e+00,-5.463932303273821844e-01
9.763176317631762302e+00,-5.462261254600377924e-01
9.764576457645764762e+00,-5.460590406737964031e-01
9.765976597659765446e+00,-5.458919759491891455e-01
9.767376737673767906e+00,-5.457249312712662004e-01
9.768776877687768589e+00,-5.455579066250493270e-01
9.770177017701769273e+00,-5.453909019885543330e-01
9.771577157715771733e+00,-5.452239173516062465e-01
9.772977297729772417e+00,-5.450569526983315427e-01
9.774377437743774877e+00,-5.448900080120324674e-01
9.775777577757775560e+00,-5.447230832862146599e-01
9.777177717771776244e+00,-5.445561784978991682e-01
9.778577857785778704e+00,-5.443892936446133035e-01
9.779977997799779388e+00,-5.442224287076840028e-01
9.781378137813781848e+00,-5.440555836799347844e-01
9.782778277827782532e+00,-5.438887585412004455e-01
9.784178417841783215e+00,-5.437219532910830821e-01
9.785578557855785675e+00,-5.435551679174324136e-01
9.786978697869786359e+00,-5.433884024127735302e-01
9.788378837883788819e+00,-5.432216567644729821e-01
9.789778977897789503e+00,-5.430549309659795654e-01
9.791179117911790186e+00,-5.428882250089657191e-01
9.792579257925792646e+00,-5.427215388879744751e-01
9.793979397939793330e+00,-5.425548725986004683e-01
9.795379537953795790e+00,-5.423882261291055329e-01
9.796779677967796474e+00,-5.422215994767753955e-01
9.798179817981797157e+00,-5.420549926438411603e-01
9.799579957995799617e+00,-5.418884056167740937e-01
9.800980098009800301e+00,-5.417218383924051750e-01
9.802380238023802761e+00,-5.415552909765182221e-01
9.803780378037803445e+00,-5.413887633579577141e-01
9.805180518051804128e+00,-5.412222555384431644e-01
9.806580658065806588e+00,-5.410557675182303683e-01
9.807980798079807272e+00,-5.408892992929565935e-01
9.809380938093809732e+00,-5.407228508635597564e-01
9.810781078107810416e+00,-5.405564222321004308e-01
9.812181218121811099e+00,-5.403900133970012121e-01
9.813581358135813559e+00,-5.402236243611469035e-01
9.814981498149814243e+00,-5.400572551292128765e-01
9.816381638163816703e+00,-5.398909056990959243e-01
9.817781778177817387e+00,-5.397245760779014745e-01
9.819181918191818070e+00,-5.395582662650326711e-01
9.820582058205820530e+00,-5.393919762754677549e-01
9.821982198219821214e+00,-5.392257061011065389e-01
9.823382338233823674e+00,-5.390594557541419363e-01
9.824782478247824358e+00,-5.388932252377003351e-01
9.826182618261826818e+00,-5.387270145629372564e-01
9.827582758275827501e+00,-5.385608237322543346e-01
9.828982898289828185e+00,-5.383946527621077394e-01
9.830383038303830645e+00,-5.382285016499679386e-01
9.831783178317831329e+00,-5.380623704084399606e-01
9.833183318331833789e+00,-5.378962590497451401e-01
9.834583458345834472e+00,-5.377301675879806453e-01
9.835983598359835156e+00,-5.375640960224217224e-01
9.837383738373837616e+00,-5.373980443695529630e-01
9.838783878387838300e+00,-5.372320126448926203e-01
9.840184018401840760e+00,-5.370660008577630151e-01
9.841584158415841443e+00,-5.369000090233271294e-01
9.842984298429842127e+00,-5.367340371525131104e-01
9.844384438443844587e+00,-5.365680852594465478e-01
9.845784578457845271e+00,-5.364021533604130809e-01
9.847184718471847731e+00,-5.362362414715846626e-01
9.848584858485848414e+00,-5.360703496078258468e-01
9.849984998499849098e+00,-5.359044777870423104e-01
9.851385138513851558e+00,-5.357386260224643593e-01
9.852785278527852242e+00,-5.355727943317560857e-01
9.854185418541854702e+00,-5.354069827409659865e-01
9.855585558555855386e+00,-5.352411912628127766e-01
9.856985698569856069e+00,-5.350754199157563562e-01
9.858385838583858529e+00,-5.349096687209708989e-01
9.859785978597859213e+00,-5.347439377039790998e-01
9.861186118611861673e+00,-5.345782268803276338e-01
9.862586258625862357e+00,-5.344125362697553783e-01
9.863986398639863040e+00,-5.342468659036825329e-01
9.865386538653865500e+00,-5.340812157953820360e-01
9.866786678667866184e+00,-5.339155859743556221e-01
9.868186818681868644e+00,-5.337499764591626672e-01
9.869586958695869328e+00,-5.335843872858418990e-01
9.870987098709870011e+00,-5.334188184681778466e-01
9.872387238723872471e+00,-5.332532700358711963e-01
9.873787378737873155e+00,-5.330877420137483114e-01
9.875187518751875615e+00,-5.329222344332578132e-01
9.876587658765876299e+00,-5.327567473173218104e-01
9.877987798779876982e+00,-5.325912806992789683e-01
9.879387938793879442e+00,-5.324258346041688128e-01
9.880788078807880126e+00,-5.322604090582672143e-01
9.882188218821882586e+00,-5.320950040993750463e-01
9.883588358835883270e+00,-5.319296197531286907e-01
9.884988498849883953e+00,-5.317642560500814852e-01
9.886388638863886413e+00,-5.315989130280769359e-01
9.887788778877887097e+00,-5.314335907101366274e-01
9.889188918891889557e+00,-5.312682891355535730e-01
9.890589058905890241e+00,-5.311030083402101809e-01
9.891989198919890924e+00,-5.309377483465311798e-01
9.893389338933893384e+00,-5.307725092018529267e-01
9.894789478947894068e+00,-5.306072909363592771e-01
9.896189618961896528e+00,-5.304420935836589024e-01
9.897589758975897212e+00,-5.302769171897239175e-01
9.898989898989897895e+00,-5.301117617777748592e-01
9.900390039003900355e+00,-5.299466273924196003e-01
9.901790179017901039e+00,-5.297815140760349095e-01
9.903190319031903499e+00,-5.296164218611068009e-01
9.904590459045904183e+00,-5.294513507863030100e-01
9.905990599059904866e+00,-5.292863008964872051e-01
9.907390739073907326e+00,-5.291212722330413953e-01
9.908790879087908010e+00,-5.289562648336953998e-01
9.910191019101910470e+00,-5.287912787411102045e-01
9.911591159115911154e+00,-5.286263139940245992e-01
9.912991299129913614e+00,-5.284613706408975986e-01
9.914391439143914297e+00,-5.282964487268770881e-01
9.915791579157914981e+00,-5.281315482875470479e-01
9.917191719171917441e+00,-5.279666693737539163e-01
9.918591859185918125e+00,-5.278018120333598517e-01
9.919991999199920585e+00,-5.276369763077468633e-01
9.921392139213921268e+00,-5.274721622426596923e-01
9.922792279227921952e+00,-5.273073698867563053e-01
9.924192419241924412e+00,-5.271425992876572764e-01
9.925592559255925096e+00,-5.269778504948732234e-01
9.926992699269927556e+00,-5.268131235566642090e-01
9.928392839283928240e+00,-5.266484185252124917e-01
9.929792979297928923e+00,-5.264837354443727691e-01
9.931193119311931383e+00,-5.263190743687005124e-01
9.932593259325932067e+00,-5.261544353483316172e-01
9.933993399339934527e+00,-5.259898184366278429e-01
9.935393539353935211e+00,-5.258252236848477423e-01
9.936793679367935894e+00,-5.256606511505879098e-01
9.938193819381938354e+00,-5.254961008833021197e-01
9.939593959395939038e+00,-5.253315729324299355e-01
9.940994099409941498e+00,-5.251670673579695858e-01
9.942394239423942182e+00,-5.250025842174323998e-01
9.943794379437942865e+00,-5.248381235653596377e-01
9.945194519451945325e+00,-5.246736854581826037e-01
9.946594659465946009e+00,-5.245092699519346979e-01
9.947994799479948469e+00,-5.243448771004182163e-01
9.949394939493949153e+00,-5.241805069714473575e-01
9.950795079507949836e+00,-5.240161596189238935e-01
9.952195219521952296e+00,-5.238518350998049300e-01
9.953595359535952980e+00,-5.236875334787924885e-01
9.954995499549955440e+00,-5.235232548191959268e-01
9.956395639563956124e+00,-5.233589991751159687e-01
9.957795779577956807e+00,-5.231947666123204499e-01
9.959195919591959267e+00,-5.230305571940476739e-01
9.960596059605959951e+00,-5.228663709790595249e-01
9.961996199619962411e+00,-5.227022080388081804e-01
9.963396339633963095e+00,-5.225380684337892490e-01
9.964796479647963778e+00,-5.223739522225940846e-01
9.966196619661966238e+00,-5.222098594802844218e-01
9.967596759675966922e+00,-5.220457902717754450e-01
9.968996899689969382e+00,-5.218817446548058570e-01
9.970397039703970066e+00,-5.217177227107185900e-01
9.971797179717970749e+00,-5.215537244950780860e-01
9.973197319731973209e+00,-5.213897500882040958e-01
9.974597459745973893e+00,-5.212257995461868632e-01
9.975997599759976353e+00,-5.210618729429796758e-01
9.977397739773977037e+00,-5.208979703526352978e-01
9.978797879787977720e+00,-5.207340918490359627e-01
9.980198019801980180e+00,-5.205702374944110034e-01
9.981598159815980864e+00,-5.204064073676164526e-01
9.982998299829983324e+00,-5.202426015357275446e-01
9.984398439843984008e+00,-5.200788200791492955e-01
9.985798579857984691e+00,-5.199150630682396468e-01
9.987198719871987151e+00,-5.197513305738112876e-01
9.988598859885987835e+00,-5.195876226762550232e-01
9.989998999899990295e+00,-5.194239394504904794e-01
9.991399139913990979e+00,-5.192602809683251053e-01
9.992799279927991662e+00,-5.190966473115139479e-01
9.994199419941994122e+00,-5.189330385600072759e-01
9.995599559955994806e+00,-5.187694547817898183e-01
9.996999699969997266e+00,-5.186058960607482504e-01
9.998399839983997950e+00,-5.184423624822329657e-01
9.999799979998000410e+00,-5.182788541146834405e-01
1.000120012001200109e+01,-5.181153710487080843e-01
1.000260026002600178e+01,-5.179519133570238409e-01
1.000400040004000424e+01,-5.177884811269990450e-01
1.000540054005400492e+01,-5.176250744409003346e-01
1.000680068006800738e+01,-5.174616933763473980e-01
1.000820082008200806e+01,-5.172983380200264492e-01
1.000960096009600875e+01,-5.171350084529535707e-01
1.001100110011001121e+01,-5.169717047690625122e-01
1.001240124012401189e+01,-5.168084270403454639e-01
1.001380138013801435e+01,-5.166451753603524821e-01
1.001520152015201504e+01,-5.164819498164661127e-01
1.001660166016601572e+01,-5.163187504935535799e-01
1.001800180018001818e+01,-5.161555774713519895e-01
1.001940194019401886e+01,-5.159924308487404687e-01
1.002080208020802132e+01,-5.158293107135563105e-01
1.002220222022202201e+01,-5.156662171481087853e-01
1.002360236023602269e+01,-5.155031502502538387e-01
1.002500250025002515e+01,-5.153401101038213028e-01
1.002640264026402583e+01,-5.151770968007269857e-01
1.002780278027802829e+01,-5.150141104366809941e-01
1.002920292029202898e+01,-5.148511510973037275e-01
1.003060306030602966e+01,-5.146882188853538764e-01
1.003200320032003212e+01,-5.145253138854144481e-01
1.003340334033403281e+01,-5.143624361931813382e-01
1.003480348034803527e+01,-5.141995859036256888e-01
1.003620362036203595e+01,-5.140367631141771199e-01
1.003760376037603663e+01,-5.138739679165382768e-01
1.003900390039003909e+01,-5.137112004146047184e-01
1.004040404040403978e+01,-5.135484606936842056e-01
1.004180418041804224e+01,-5.133857488554127713e-01
1.004320432043204292e+01,-5.132230650047517884e-01
1.004460446044604360e+01,-5.130604092371129354e-01
1.004600460046004606e+01,-5.128977816439572734e-01
1.004740474047404675e+01,-5.127351823364421080e-01
1.004880488048804921e+01,-5.125726114089843577e-01
1.005020502050204989e+01,-5.124100689583315216e-01
1.005160516051605057e+01,-5.122475550951151035e-01
1.005300530053005303e+01,-5.120850699144341434e-01
1.005440544054405372e+01,-5.119226135189052229e-01
1.005580558055805618e+01,-5.117601860154792348e-01
1.005720572057205686e+01,-5.115977875125565788e-01
1.005860586058605755e+01,-5.114354181040141611e-01
1.006000600060006001e+01,-5.112730778998866299e-01
1.006140614061406069e+01,-5.111107670047658758e-01
1.006280628062806315e+01,-5.109484855266117620e-01
1.006420642064206383e+01,-5.107862335702009204e-01
1.006560656065606452e+01,-5.106240112462501202e-01
1.006700670067006698e+01,-5.104618186583138595e-01
1.006840684068406766e+01,-5.102996559109271857e-01
1.006980698069807012e+01,-5.101375231263034493e-01
1.007120712071207080e+01,-5.099754204029807170e-01
1.007260726072607149e+01,-5.098133478601170054e-01
1.007400740074007395e+01,-5.096513055969467132e-01
1.007540754075407463e+01,-5.094892937295441016e-01
1.007680768076807709e+01,-5.093273123759161081e-01
1.007820782078207777e+01,-5.091653616414788530e-01
1.007960796079608023e+01,-5.090034416432729358e-01
1.008100810081008092e+01,-5.088415524986373839e-01
1.008240824082408160e+01,-5.086796943027422913e-01
1.008380838083808406e+01,-5.085178671955077334e-01
1.008520852085208475e+01,-5.083560712753012467e-01
1.008660866086608721e+01,-5.081943066650040919e-01
1.008800880088008789e+01,-5.080325734778483593e-01
1.008940894089408857e+01,-5.078708718347968443e-01
1.009080908090809103e+01,-5.077092018484137270e-01
1.009220922092209172e+01,-5.075475636425181847e-01
1.009360936093609418e+01,-5.073859573345629315e-01
1.009500950095009486e+01,-5.072243830404659093e-01
1.009640964096409554e+01,-5.070628408804935816e-01
1.009780978097809800e+01,-5.069013309785219690e-01
1.009920992099209869e+01,-5.067398534504548024e-01
1.010061006100610115e+01,-5.065784084212339167e-01
1.010201020102010183e+01,-5.064169960141526872e-01
1.010341034103410252e+01,-5.062556163517513141e-01
1.010481048104810498e+01,-5.060942695549925929e-01
1.010621062106210566e+01,-5.059329557489036233e-01
1.010761076107610812e+01,-5.057716750585115051e-01
1.010901090109010880e+01,-5.056104276036137435e-01
1.011041104110410949e+01,-5.054492135212456105e-01
1.011181118111811195e+01,-5.052880329237723345e-01
1.011321132113211263e+01,-5.051268859491244712e-01
1.011461146114611509e+01,-5.049657727182506051e-01
1.011601160116011577e+01,-5.048046933607110986e-01
1.011741174117411646e+01,-5.046436480045031203e-01
1.011881188118811892e+01,-5.044826367763164399e-01
1.012021202120211960e+01,-5.043216598117936655e-01
1.012161216121612206e+01,-5.041607172324802377e-01
1.012301230123012274e+01,-5.039998091764488208e-01
1.012441244124412343e+01,-5.038389357662538259e-01
1.012581258125812589e+01,-5.036780971433785226e-01
1.012721272127212657e+01,-5.035172934365306219e-01
1.012861286128612903e+01,-5.033565247751141669e-01
1.013001300130012972e+01,-5.031957912939759581e-01
1.013141314131413040e+01,-5.030350931275933135e-01
1.013281328132813286e+01,-5.028744304132430898e-01
1.013421342134213354e+01,-5.027138032791071964e-01
1.013561356135613600e+01,-5.025532118700510864e-01
1.013701370137013669e+01,-5.023926563098086717e-01
1.013841384138413737e+01,-5.022321367469260167e-01
1.013981398139813983e+01,-5.020716533092297595e-01
1.014121412141214051e+01,-5.019112061424095828e-01
1.014261426142614297e+01,-5.017507953767648132e-01
1.014401440144014366e+01,-5.015904211557113968e-01
1.014541454145414434e+01,-5.014300836204057532e-01
1.014681468146814680e+01,-5.012697829069168165e-01
1.014821482148214749e+01,-5.011095191595700271e-01
1.014961496149614995e+01,-5.009492925150453857e-01
1.015101510151015063e+01,-5.007891031186062492e-01
1.015241524152415131e+01,-5.006289511042041340e-01
1.015381538153815377e+01,-5.004688366202429961e-01
1.015521552155215446e+01,-5.003087598135493863e-01
1.015661566156615692e+01,-5.001487208249528749e-01
1.015801580158015760e+01,-4.999887197948140738e-01
1.015941594159415828e+01,-4.998287568694621541e-01
1.016081608160816074e+01,-4.996688321954394496e-01
1.016221622162216143e+01,-4.995089459188619685e-01
1.016361636163616389e+01,-4.993490981892421132e-01
1.016501650165016457e+01,-4.991892891443256985e-01
1.016641664166416703e+01,-4.990295189399773790e-01
1.016781678167816771e+01,-4.988697877191157204e-01
1.016921692169216840e+01,-4.987100956332994883e-01
1.017061706170617086e+01,-4.985504428263709542e-01
1.017201720172017154e+01,-4.983908294586001375e-01
1.017341734173417400e+01,-4.982312556675481119e-01
1.017481748174817469e+01,-4.980717216072605424e-01
1.017621762176217537e+01,-4.979122274350800126e-01
1.017761776177617783e+01,-4.977527732910118630e-01
1.017901790179017851e+01,-4.975933593401578037e-01
1.018041804180418097e+01,-4.974339857267295884e-01
1.018181818181818166e+01,-4.972746526069187212e-01
1.018321832183218234e+01,-4.971153601338613726e-01
1.018461846184618480e+01,-4.969561084625553349e-01
1.018601860186018548e+01,-4.967968977411061360e-01
1.018741874187418794e+01,-4.966377281343028471e-01
1.018881888188818863e+01,-4.964785997939031859e-01
1.019021902190218931e+01,-4.963195128749617879e-01
1.019161916191619177e+01,-4.961604675367965456e-01
1.019301930193019246e+01,-4.960014639337515518e-01
1.019441944194419492e+01,-4.958425022250452230e-01
1.019581958195819560e+01,-4.956835825655190320e-01
1.019721972197219628e+01,-4.955247051229889621e-01
1.019861986198619874e+01,-4.953658700502217016e-01
1.020002000200019943e+01,-4.952070775072314746e-01
1.020142014201420189e+01,-4.950483276559936030e-01
1.020282028202820257e+01,-4.948896206564512568e-01
1.020422042204220325e+01,-4.947309566644406686e-01
1.020562056205620571e+01,-4.945723358499236610e-01
1.020702070207020640e+01,-4.944137583716496920e-01
1.020842084208420886e+01,-4.942552243990547822e-01
1.020982098209820954e+01,-4.940967340839392818e-01
1.021122112211221022e+01,-4.939382875971318754e-01
1.021262126212621268e+01,-4.937798851027253022e-01
1.021402140214021337e+01,-4.936215267642438675e-01
1.021542154215421583e+01,-4.934632127464197993e-01
1.021682168216821651e+01,-4.933049432165859116e-01
1.021822182218221720e+01,-4.931467183424018685e-01
1.021962196219621966e+01,-4.929885382879177769e-01
1.022102210221022034e+01,-4.928304032233796761e-01
1.022242224222422280e+01,-4.926723133089296880e-01
1.022382238223822348e+01,-4.925142687221892857e-01
1.022522252225222417e+01,-4.923562696276633233e-01
1.022662266226622663e+01,-4.921983161917040661e-01
1.022802280228022731e+01,-4.920404085981004982e-01
1.022942294229422977e+01,-4.918825469987240240e-01
1.023082308230823045e+01,-4.917247315770509886e-01
1.023222322232223114e+01,-4.915669624902818668e-01
1.023362336233623360e+01,-4.914092399249767595e-01
1.023502350235023428e+01,-4.912515640486674329e-01
1.023642364236423674e+01,-4.910939350308325402e-01
1.023782378237823742e+01,-4.909363530500598927e-01
1.023922392239223811e+01,-4.907788182776329222e-01
1.024062406240624057e+01,-4.906213308816944618e-01
1.024202420242024125e+01,-4.904638910431344812e-01
1.024342434243424371e+01,-4.903064989381675787e-01
1.024482448244824440e+01,-4.901491547373098001e-01
1.024622462246224508e+01,-4.899918586244780272e-01
1.024762476247624754e+01,-4.898346107686251116e-01
1.024902490249024822e+01,-4.896774113421713537e-01
1.025042504250425068e+01,-4.895202605343058622e-01
1.025182518251825137e+01,-4.893631585179463173e-01
1.025322532253225383e+01,-4.892061054717373736e-01
1.025462546254625451e+01,-4.890491015763274163e-01
1.025602560256025519e+01,-4.888921470076610376e-01
1.025742574257425765e+01,-4.887352419448092178e-01
1.025882588258825834e+01,-4.885783865690598304e-01
1.026022602260226080e+01,-4.884215810609902064e-01
1.026162616261626148e+01,-4.882648256081694171e-01
1.026302630263026217e+01,-4.881081203814829905e-01
1.026442644264426463e+01,-4.879514655724648264e-01
1.026582658265826531e+01,-4.877948613566758240e-01
1.026722672267226777e+01,-4.876383079186865643e-01
1.026862686268626845e+01,-4.874818054440908099e-01
1.027002700270026914e+01,-4.873253541141480127e-01
1.027142714271427160e+01,-4.871689541175783233e-01
1.027282728272827228e+01,-4.870126056344901144e-01
1.027422742274227474e+01,-4.868563088503066183e-01
1.027562756275627542e+01,-4.867000639525684846e-01
1.027702770277027611e+01,-4.865438711228904367e-01
1.027842784278427857e+01,-4.863877305589880962e-01
1.027982798279827925e+01,-4.862316424405861426e-01
1.028122812281228171e+01,-4.860756069465708151e-01
1.028262826282628239e+01,-4.859196242799725951e-01
1.028402840284028308e+01,-4.857636946222783081e-01
1.028542854285428554e+01,-4.856078181610001820e-01
1.028682868286828622e+01,-4.854519950910827220e-01
1.028822882288228868e+01,-4.852962255915116430e-01
1.028962896289628937e+01,-4.851405098634415936e-01
1.029102910291029005e+01,-4.849848480887715141e-01
1.029242924292429251e+01,-4.848292404605132333e-01
1.029382938293829319e+01,-4.846736871791677004e-01
1.029522952295229565e+01,-4.845181884264491146e-01
1.029662966296629634e+01,-4.843627443865159421e-01
1.029802980298029702e+01,-4.842073552729289077e-01
1.029942994299429948e+01,-4.840520212694485735e-01
1.030083008300830016e+01,-4.838967425650793075e-01
1.030223022302230262e+01,-4.837415193572525141e-01
1.030363036303630331e+01,-4.835863518405290051e-01
1.030503050305030399e+01,-4.834312402065847891e-01
1.030643064306430645e+01,-4.832761846570150510e-01
1.030783078307830714e+01,-4.831211853821173463e-01
1.030923092309230960e+01,-4.829662425788256996e-01
1.031063106310631028e+01,-4.828113564433920146e-01
1.031203120312031096e+01,-4.826565271738161300e-01
1.031343134313431342e+01,-4.825017549650283399e-01
1.031483148314831411e+01,-4.823470400175722261e-01
1.031623162316231657e+01,-4.821923825285949761e-01
1.031763176317631725e+01,-4.820377826963948564e-01
1.031903190319031793e+01,-4.818832407149642449e-01
1.032043204320432039e+01,-4.817287567954338101e-01
1.032183218321832108e+01,-4.815743311275610949e-01
1.032323232323232354e+01,-4.814199639082232807e-01
1.032463246324632422e+01,-4.812656553478120713e-01
1.032603260326032490e+01,-4.811114056386287530e-01
1.032743274327432736e+01,-4.809572149960956722e-01
1.032883288328832805e+01,-4.808030836037602285e-01
1.033023302330233051e+01,-4.806490116738757479e-01
1.033163316331633119e+01,-4.804949994035752070e-01
1.033303330333033365e+01,-4.803410470012750011e-01
1.033443344334433434e+01,-4.801871546657707768e-01
1.033583358335833502e+01,-4.800333226055215619e-01
1.033723372337233748e+01,-4.798795510126439012e-01
1.033863386338633816e+01,-4.797258401142556750e-01
1.034003400340034062e+01,-4.795721900902094603e-01
1.034143414341434131e+01,-4.794186011550607418e-01
1.034283428342834199e+01,-4.792650735231092085e-01
1.034423442344234445e+01,-4.791116073880345994e-01
1.034563456345634513e+01,-4.789582029596317625e-01
1.034703470347034759e+01,-4.788048604508219341e-01
1.034843484348434828e+01,-4.786515800531105924e-01
1.034983498349834896e+01,-4.784983619890965656e-01
1.035123512351235142e+01,-4.783452064646240842e-01
1.035263526352635211e+01,-4.781921136789577531e-01
1.035403540354035457e+01,-4.780390838492252215e-01
1.035543554355435525e+01,-4.778861171746626724e-01
1.035683568356835593e+01,-4.777332138770873371e-01
1.035823582358235839e+01,-4.775803741578243944e-01
1.035963596359635908e+01,-4.774275982216380498e-01
1.036103610361036154e+01,-4.772748862928892777e-01
1.036243624362436222e+01,-4.771222385784739117e-01
1.036383638363836290e+01,-4.769696552772728637e-01
1.036523652365236536e+01,-4.768171366067406325e-01
1.036663666366636605e+01,-4.766646827911813489e-01
1.036803680368036851e+01,-4.765122940248289751e-01
1.036943694369436919e+01,-4.763599705249959015e-01
1.037083708370836987e+01,-4.762077125105008690e-01
1.037223722372237233e+01,-4.760555201895613209e-01
1.037363736373637302e+01,-4.759033937781680379e-01
1.037503750375037548e+01,-4.757513334869543087e-01
1.037643764376437616e+01,-4.755993395325788242e-01
1.037783778377837685e+01,-4.754474121209852910e-01
1.037923792379237931e+01,-4.752955514784105162e-01
1.038063806380637999e+01,-4.751437578186710198e-01
1.038203820382038245e+01,-4.749920313452946630e-01
1.038343834383438313e+01,-4.748403722893641543e-01
1.038483848384838382e+01,-4.746887808586848223e-01
1.038623862386238628e+01,-4.745372572687500679e-01
1.038763876387638696e+01,-4.743858017425139906e-01
1.038903890389038942e+01,-4.742344144871850631e-01
1.039043904390439010e+01,-4.740830957283890257e-01
1.039183918391839079e+01,-4.739318456818750747e-01
1.039323932393239325e+01,-4.737806645697162367e-01
1.039463946394639393e+01,-4.736295526005562806e-01
1.039603960396039639e+01,-4.734785099929723629e-01
1.039743974397439708e+01,-4.733275369775071795e-01
1.039883988398839776e+01,-4.731766337617813178e-01
1.040024002400240022e+01,-4.730258005719321091e-01
1.040164016401640090e+01,-4.728750376283983314e-01
1.040304030403040336e+01,-4.727243451455933609e-01
1.040444044404440405e+01,-4.725737233483187083e-01
1.040584058405840473e+01,-4.724231724591874126e-01
1.040724072407240719e+01,-4.722726926882927501e-01
1.040864086408640787e+01,-4.721222842678400866e-01
1.041004100410041033e+01,-4.719719474201582443e-01
1.041144114411441102e+01,-4.718216823584100439e-01
1.041284128412841170e+01,-4.716714893113049811e-01
1.041424142414241416e+01,-4.715213685066572680e-01
1.041564156415641484e+01,-4.713713201560381094e-01
1.041704170417041730e+01,-4.712213444851016675e-01
1.041844184418441799e+01,-4.710714417290802203e-01
1.041984198419842045e+01,-4.709216120893131574e-01
1.042124212421242113e+01,-4.707718557995406172e-01
1.042264226422642182e+01,-4.706221731001818398e-01
1.042404240424042428e+01,-4.704725641933720226e-01
1.042544254425442496e+01,-4.703230293102222959e-01
1.042684268426842742e+01,-4.701735686787031909e-01
1.042824282428242810e+01,-4.700241825304374288e-01
1.042964296429642879e+01,-4.698748710815010554e-01
1.043104310431043125e+01,-4.697256345573066483e-01
1.043244324432443193e+01,-4.695764731912817069e-01
1.043384338433843439e+01,-4.694273871993175362e-01
1.043524352435243507e+01,-4.692783768173569570e-01
1.043664366436643576e+01,-4.691294422708836009e-01
1.043804380438043822e+01,-4.689805837868732397e-01
1.043944394439443890e+01,-4.688318015847841025e-01
1.044084408440844136e+01,-4.686830959067265212e-01
1.044224422442244204e+01,-4.685344669604489809e-01
1.044364436443644273e+01,-4.683859149960909463e-01
1.044504450445044519e+01,-4.682374402357538656e-01
1.044644464446444587e+01,-4.680890428975175155e-01
1.044784478447844833e+01,-4.679407232166425956e-01
1.044924492449244902e+01,-4.677924814251923635e-01
1.045064506450644970e+01,-4.676443177560685172e-01
1.045204520452045216e+01,-4.674962324241107581e-01
1.045344534453445284e+01,-4.673482256690419945e-01
1.045484548454845530e+01,-4.672002977289508863e-01
1.045624562456245599e+01,-4.670524488196434731e-01
1.045764576457645667e+01,-4.669046791840401056e-01
1.045904590459045913e+01,-4.667569890353746587e-01
1.046044604460445981e+01,-4.666093786205181004e-01
1.046184618461846227e+01,-4.664618481718179055e-01
1.046324632463246296e+01,-4.663143979042416731e-01
1.046464646464646364e+01,-4.661670280626566409e-01
1.046604660466046610e+01,-4.660197388794102835e-01
1.046744674467446679e+01,-4.658725305885269563e-01
1.046884688468846925e+01,-4.657254034108859742e-01
1.047024702470246993e+01,-4.655783575865228840e-01
1.047164716471647061e+01,-4.654313933502010059e-01
1.047304730473047307e+01,-4.652845109257981449e-01
1.047444744474447376e+01,-4.651377105648606403e-01
1.047584758475847622e+01,-4.649909924776522985e-01
1.047724772477247690e+01,-4.648443569122946428e-01
1.047864786478647758e+01,-4.646978040980940250e-01
1.048004800480048004e+01,-4.645513342730822615e-01
1.048144814481448073e+01,-4.644049476673046684e-01
1.048284828482848319e+01,-4.642586445162351083e-01
1.048424842484248387e+01,-4.641124250509705007e-01
1.048564856485648455e+01,-4.639662895146585697e-01
1.048704870487048701e+01,-4.638202381332234836e-01
1.048844884488448770e+01,-4.636742711505377201e-01
1.048984898489849016e+01,-4.635283887896690658e-01
1.049124912491249084e+01,-4.633825913039402167e-01
1.049264926492649153e+01,-4.632368789153389343e-01
1.049404940494049399e+01,-4.630912518608027995e-01
1.049544954495449467e+01,-4.629457103857532729e-01
1.049684968496849713e+01,-4.628002547096770058e-01
1.049824982498249781e+01,-4.626548850798997137e-01
1.049964996499649850e+01,-4.625096017377643420e-01
1.050105010501050096e+01,-4.623644049154194136e-01
1.050245024502450164e+01,-4.622192948402101820e-01
1.050385038503850410e+01,-4.620742717668377963e-01
1.050525052505250478e+01,-4.619293359201890325e-01
1.050665066506650724e+01,-4.617844875341319266e-01
1.050805080508050793e+01,-4.616397268602412396e-01
1.050945094509450861e+01,-4.614950541193110212e-01
1.051085108510851107e+01,-4.613504695688561696e-01
1.051225122512251176e+01,-4.612059734364493124e-01
1.051365136513651422e+01,-4.610615659540400202e-01
1.051505150515051490e+01,-4.609172473663250003e-01
1.051645164516451558e+01,-4.607730179163525008e-01
1.051785178517851804e+01,-4.606288778347931157e-01
1.051925192519251873e+01,-4.604848273582007323e-01
1.052065206520652119e+01,-4.603408667404238486e-01
1.052205220522052187e+01,-4.601969962043597207e-01
1.052345234523452255e+01,-4.600532160029757733e-01
1.052485248524852501e+01,-4.599095263521064680e-01
1.052625262526252570e+01,-4.597659275197685247e-01
1.052765276527652816e+01,-4.596224197333214079e-01
1.052905290529052884e+01,-4.594790032249562728e-01
1.053045304530452952e+01,-4.593356782399524718e-01
1.053185318531853198e+01,-4.591924450258773049e-01
1.053325332533253267e+01,-4.590493038104455081e-01
1.053465346534653513e+01,-4.589062548456013246e-01
1.053605360536053581e+01,-4.587632983638201267e-01
1.053745374537453650e+01,-4.586204345968667440e-01
1.053885388538853896e+01,-4.584776638064624876e-01
1.054025402540253964e+01,-4.583349862184462609e-01
1.054165416541654210e+01,-4.581924020769747585e-01
1.054305430543054278e+01,-4.580499116205771770e-01
1.054445444544454347e+01,-4.579075150889906354e-01
1.054585458545854593e+01,-4.577652127349693956e-01
1.054725472547254661e+01,-4.576230047838976134e-01
1.054865486548654907e+01,-4.574808914930059700e-01
1.055005500550054975e+01,-4.573388730815395320e-01
1.055145514551455044e+01,-4.571969498071268845e-01
1.055285528552855290e+01,-4.570551219123615283e-01
1.055425542554255358e+01,-4.569133896285109131e-01
1.055565556555655604e+01,-4.567717532037960382e-01
1.055705570557055673e+01,-4.566302128827430806e-01
1.055845584558455741e+01,-4.564887688941610122e-01
1.055985598559855987e+01,-4.563474214939304829e-01
1.056125612561256055e+01,-4.562061709161042700e-01
1.056265626562656301e+01,-4.560650174088323183e-01
1.056405640564056370e+01,-4.559239611989625018e-01
1.056545654565456438e+01,-4.557830025449902678e-01
1.056685668566856684e+01,-4.556421416836826666e-01
1.056825682568256752e+01,-4.555013788651223194e-01
1.056965696569656998e+01,-4.553607143114390965e-01
1.057105710571057067e+01,-4.552201482808868604e-01
1.057245724572457135e+01,-4.550796810144532856e-01
1.057385738573857381e+01,-4.549393127464043118e-01
1.057525752575257449e+01,-4.547990437357611881e-01
1.057665766576657695e+01,-4.546588742020674090e-01
1.057805780578057764e+01,-4.545188044010046724e-01
1.057945794579457832e+01,-4.543788345713011267e-01
1.058085808580858078e+01,-4.542389649559623876e-01
1.058225822582258147e+01,-4.540991958053695043e-01
1.058365836583658393e+01,-4.539595273575116607e-01
1.058505850585058461e+01,-4.538199598547123514e-01
1.058645864586458707e+01,-4.536804935242741976e-01
1.058785878587858775e+01,-4.535411286375961026e-01
1.058925892589258844e+01,-4.534018654116067637e-01
1.059065906590659090e+01,-4.532627041106565002e-01
1.059205920592059158e+01,-4.531236449615079209e-01
1.059345934593459404e+01,-4.529846882190184942e-01
1.059485948594859472e+01,-4.528458341105761065e-01
1.059625962596259541e+01,-4.527070828941930358e-01
1.059765976597659787e+01,-4.525684348013214731e-01
1.059905990599059855e+01,-4.524298900864351936e-01
1.060046004600460101e+01,-4.522914489838001373e-01
1.060186018601860169e+01,-4.521531117351713647e-01
1.060326032603260238e+01,-4.520148785891677790e-01
1.060466046604660484e+01,-4.518767497861091442e-01
1.060606060606060552e+01,-4.517387255696547754e-01
1.060746074607460798e+01,-4.516008061779359650e-01
1.060886088608860867e+01,-4.514629918641048789e-01
1.061026102610260935e+01,-4.513252828608642631e-01
1.061166116611661181e+01,-4.511876794164493276e-01
1.061306130613061249e+01,-4.510501817681671355e-01
1.061446144614461495e+01,-4.509127901584832898e-01
1.061586158615861564e+01,-4.507755048398536246e-01
1.061726172617261632e+01,-4.506383260525836931e-01
1.061866186618661878e+01,-4.505012540294615064e-01
1.062006200620061946e+01,-4.503642890170169721e-01
1.062146214621462192e+01,-4.502274312673648637e-01
1.062286228622862261e+01,-4.500906810105504974e-01
1.062426242624262329e+01,-4.499540385072862136e-01
1.062566256625662575e+01,-4.498175039724401358e-01
1.062706270627062644e+01,-4.496810776775532759e-01
1.062846284628462890e+01,-4.495447598427375624e-01
1.062986298629862958e+01,-4.494085507169387483e-01
1.063126312631263026e+01,-4.492724505417413638e-01
1.063266326632663272e+01,-4.491364595691038630e-01
1.063406340634063341e+01,-4.490005780275367897e-01
1.063546354635463587e+01,-4.488648061710449610e-01
1.063686368636863655e+01,-4.487291442301142297e-01
1.063826382638263723e+01,-4.485935924606820890e-01
1.063966396639663969e+01,-4.484581510901648471e-01
1.064106410641064038e+01,-4.483228203684603841e-01
1.064246424642464284e+01,-4.481876005359453075e-01
1.064386438643864352e+01,-4.480524918402437606e-01
1.064526452645264420e+01,-4.479174945091699556e-01
1.064666466646664666e+01,-4.477826088026688467e-01
1.064806480648064735e+01,-4.476478349393460121e-01
1.064946494649464981e+01,-4.475131731819317338e-01
1.065086508650865049e+01,-4.473786237594765680e-01
1.065226522652265118e+01,-4.472441869168335415e-01
1.065366536653665364e+01,-4.471098629038152694e-01
1.065506550655065432e+01,-4.469756519387857452e-01
1.065646564656465678e+01,-4.468415542812920194e-01
1.065786578657865746e+01,-4.467075701795977238e-01
1.065926592659265815e+01,-4.465736998476614872e-01
1.066066606660666061e+01,-4.464399435464514454e-01
1.066206620662066129e+01,-4.463063015112140874e-01
1.066346634663466375e+01,-4.461727739826386596e-01
1.066486648664866443e+01,-4.460393611949342585e-01
1.066626662666266512e+01,-4.459060634028304548e-01
1.066766676667666758e+01,-4.457728808363867756e-01
1.066906690669066826e+01,-4.456398137344450561e-01
1.067046704670467072e+01,-4.455068623482247858e-01
1.067186718671867141e+01,-4.453740268943420233e-01
1.067326732673267387e+01,-4.452413076353423094e-01
1.067466746674667455e+01,-4.451087047994235490e-01
1.067606760676067523e+01,-4.449762186305292744e-01
1.067746774677467769e+01,-4.448438493646591496e-01
1.067886788678867838e+01,-4.447115972458703936e-01
1.068026802680268084e+01,-4.445794625063967942e-01
1.068166816681668152e+01,-4.444474453827069738e-01
1.068306830683068220e+01,-4.443155461276120377e-01
1.068446844684468466e+01,-4.441837649699351687e-01
1.068586858685868535e+01,-4.440521021528098800e-01
1.068726872687268781e+01,-4.439205579082994291e-01
1.068866886688668849e+01,-4.437891324667049275e-01
1.069006900690068917e+01,-4.436578260861097078e-01
1.069146914691469163e+01,-4.435266389899226169e-01
1.069286928692869232e+01,-4.433955714274162574e-01
1.069426942694269478e+01,-4.432646236212178792e-01
1.069566956695669546e+01,-4.431337958166352564e-01
1.069706970697069615e+01,-4.430030882511317714e-01
1.069846984698469861e+01,-4.428725011661072131e-01
1.069986998699869929e+01,-4.427420347869599482e-01
1.070127012701270175e+01,-4.426116893635736460e-01
1.070267026702670243e+01,-4.424814651117117137e-01
1.070407040704070312e+01,-4.423513622895143271e-01
1.070547054705470558e+01,-4.422213811171218367e-01
1.070687068706870626e+01,-4.420915218514522849e-01
1.070827082708270872e+01,-4.419617846995578248e-01
1.070967096709670940e+01,-4.418321699163954008e-01
1.071107110711071009e+01,-4.417026777298218576e-01
1.071247124712471255e+01,-4.415733083863102593e-01
1.071387138713871323e+01,-4.414440621064983361e-01
1.071527152715271569e+01,-4.413149391239414854e-01
1.071667166716671638e+01,-4.411859396892197083e-01
1.071807180718071706e+01,-4.410570640122415398e-01
1.071947194719471952e+01,-4.409283123555809425e-01
1.072087208720872020e+01,-4.407996849262048045e-01
1.072227222722272266e+01,-4.406711819850954726e-01
1.072367236723672335e+01,-4.405428037354255366e-01
1.072507250725072403e+01,-4.404145504367704689e-01
1.072647264726472649e+01,-4.402864223013551737e-01
1.072787278727872717e+01,-4.401584195770453789e-01
1.072927292729272963e+01,-4.400305424871220339e-01
1.073067306730673032e+01,-4.399027912650126382e-01
1.073207320732073100e+01,-4.397751661442583782e-01
1.073347334733473346e+01,-4.396476673674953872e-01
1.073487348734873414e+01,-4.395202951382088941e-01
1.073627362736273660e+01,-4.393930497154627801e-01
1.073767376737673729e+01,-4.392659313253233222e-01
1.073907390739073797e+01,-4.391389401886272026e-01
1.074047404740474043e+01,-4.390120765301759320e-01
1.074187418741874112e+01,-4.388853405936288254e-01
1.074327432743274358e+01,-4.387587326055921721e-01
1.074467446744674426e+01,-4.386322527947044136e-01
1.074607460746074494e+01,-4.385059013941798867e-01
1.074747474747474740e+01,-4.383796786316622729e-01
1.074887488748874809e+01,-4.382535847325215173e-01
1.075027502750275055e+01,-4.381276199193422372e-01
1.075167516751675123e+01,-4.380017844349737288e-01
1.075307530753075369e+01,-4.378760785005511025e-01
1.075447544754475437e+01,-4.377505023440022569e-01
1.075587558755875506e+01,-4.376250561928571869e-01
1.075727572757275752e+01,-4.374997402738074470e-01
1.075867586758675820e+01,-4.373745548116971804e-01
1.076007600760076066e+01,-4.372495000342837557e-01
1.076147614761476135e+01,-4.371245761749662506e-01
1.076287628762876203e+01,-4.369997834593277730e-01
1.076427642764276449e+01,-4.368751220852402639e-01
1.076567656765676517e+01,-4.367505923167414039e-01
1.076707670767076763e+01,-4.366261943617786301e-01
1.076847684768476832e+01,-4.365019284424249690e-01
1.076987698769876900e+01,-4.363777947797586876e-01
1.077127712771277146e+01,-4.362537936239760938e-01
1.077267726772677214e+01,-4.361299251671226784e-01
1.077407740774077460e+01,-4.360061896579026097e-01
1.077547754775477529e+01,-4.358825872880771612e-01
1.077687768776877597e+01,-4.357591183083400210e-01
1.077827782778277843e+01,-4.356357829387462743e-01
1.077967796779677911e+01,-4.355125813844722416e-01
1.078107810781078157e+01,-4.353895138778085538e-01
1.078247824782478226e+01,-4.352665806418940520e-01
1.078387838783878294e+01,-4.351437818979491112e-01
1.078527852785278540e+01,-4.350211178747258600e-01
1.078667866786678609e+01,-4.348985887772727210e-01
1.078807880788078855e+01,-4.347761948323949355e-01
1.078947894789478923e+01,-4.346539362501573578e-01
1.079087908790878991e+01,-4.345318132711355474e-01
1.079227922792279237e+01,-4.344098260920503662e-01
1.079367936793679306e+01,-4.342879749535626388e-01
1.079507950795079552e+01,-4.341662600608771072e-01
1.079647964796479620e+01,-4.340446816205343339e-01
1.079787978797879688e+01,-4.339232398764352183e-01
1.079927992799279934e+01,-4.338019350267359187e-01
1.080068006800680003e+01,-4.336807673000890873e-01
1.080208020802080249e+01,-4.335597369046553240e-01
1.080348034803480317e+01,-4.334388440602339188e-01
1.080488048804880385e+01,-4.333180889740759767e-01
1.080628062806280631e+01,-4.331974718792253043e-01
1.080768076807680700e+01,-4.330769929846525201e-01
1.080908090809080946e+01,-4.329566524952639384e-01
1.081048104810481014e+01,-4.328364506346247254e-01
1.081188118811881083e+01,-4.327163876073285564e-01
1.081328132813281329e+01,-4.325964636309578282e-01
1.081468146814681397e+01,-4.324766789273013501e-01
1.081608160816081643e+01,-4.323570337018480814e-01
1.081748174817481711e+01,-4.322375281691250848e-01
1.081888188818881780e+01,-4.321181625234800094e-01
1.082028202820282026e+01,-4.319989370075631996e-01
1.082168216821682094e+01,-4.318798518044104640e-01
1.082308230823082340e+01,-4.317609071447918723e-01
1.082448244824482408e+01,-4.316421032358590537e-01
1.082588258825882477e+01,-4.315234402678953529e-01
1.082728272827282723e+01,-4.314049184744419563e-01
1.082868286828682791e+01,-4.312865380536266002e-01
1.083008300830083037e+01,-4.311682992039749251e-01
1.083148314831483106e+01,-4.310502021589996957e-01
1.083288328832883174e+01,-4.309322471102063901e-01
1.083428342834283420e+01,-4.308144342629987023e-01
1.083568356835683488e+01,-4.306967638196823600e-01
1.083708370837083734e+01,-4.305792359984224049e-01
1.083848384838483803e+01,-4.304618510171138723e-01
1.083988398839884049e+01,-4.303446090446385597e-01
1.084128412841284117e+01,-4.302275103072616957e-01
1.084268426842684185e+01,-4.301105550128738741e-01
1.084408440844084431e+01,-4.299937433642639917e-01
1.084548454845484500e+01,-4.298770755547565159e-01
1.084688468846884746e+01,-4.297605517954679044e-01
1.084828482848284814e+01,-4.296441722934645213e-01
1.084968496849684882e+01,-4.295279372388165484e-01
1.085108510851085128e+01,-4.294118468382066567e-01
1.085248524852485197e+01,-4.292959012935995133e-01
1.085388538853885443e+01,-4.291801008110098792e-01
1.085528552855285511e+01,-4.290644455822416603e-01
1.085668566856685580e+01,-4.289489358235272221e-01
1.085808580858085826e+01,-4.288335716980782308e-01
1.085948594859485894e+01,-4.287183534390379691e-01
1.086088608860886140e+01,-4.286032812371871614e-01
1.086228622862286208e+01,-4.284883552858502753e-01
1.086368636863686277e+01,-4.283735757755238183e-01
1.086508650865086523e+01,-4.282589429137857451e-01
1.086648664866486591e+01,-4.281444568917294191e-01
1.086788678867886837e+01,-4.280301179109073928e-01
1.086928692869286905e+01,-4.279159261633509459e-01
1.087068706870686974e+01,-4.278018818415318947e-01
1.087208720872087220e+01,-4.276879851413326605e-01
1.087348734873487288e+01,-4.275742362566177235e-01
1.087488748874887534e+01,-4.274606353776704282e-01
1.087628762876287603e+01,-4.273471827042811810e-01
1.087768776877687671e+01,-4.272338784097939879e-01
1.087908790879087917e+01,-4.271207227212840962e-01
1.088048804880487985e+01,-4.270077158022189678e-01
1.088188818881888231e+01,-4.268948578450135756e-01
1.088328832883288300e+01,-4.267821490414576147e-01
1.088468846884688368e+01,-4.266695895851739806e-01
1.088608860886088614e+01,-4.265571796606906219e-01
1.088748874887488682e+01,-4.264449194655952624e-01
1.088888888888888928e+01,-4.263328091859932556e-01
1.089028902890288997e+01,-4.262208489956975654e-01
1.089168916891689065e+01,-4.261090390950954543e-01
1.089308930893089311e+01,-4.259973796666827184e-01
1.089448944894489379e+01,-4.258858708976731577e-01
1.089588958895889625e+01,-4.257745129591370414e-01
1.089728972897289694e+01,-4.256633060591070716e-01
1.089868986898689762e+01,-4.255522503521262934e-01
1.090009000900090008e+01,-4.254413460680694925e-01
1.090149014901490077e+01,-4.253305933392965699e-01
1.090289028902890323e+01,-4.252199923689801153e-01
1.090429042904290391e+01,-4.251095433456839601e-01
1.090569056905690459e+01,-4.249992464405494275e-01
1.090709070907090705e+01,-4.248891018373512907e-01
1.090849084908490774e+01,-4.247791097203901245e-01
1.090989098909891020e+01,-4.246692702592582691e-01
1.091129112911291088e+01,-4.245595836351299113e-01
1.091269126912691156e+01,-4.244500500345367300e-01
1.091409140914091402e+01,-4.243406696224667485e-01
1.091549154915491471e+01,-4.242314425867874661e-01
1.091689168916891717e+01,-4.241223691017950159e-01
1.091829182918291785e+01,-4.240134493296636720e-01
1.091969196919691854e+01,-4.239046834695585630e-01
1.092109210921092100e+01,-4.237960716713615739e-01
1.092249224922492168e+01,-4.236876141332572843e-01
1.092389238923892414e+01,-4.235793110076713219e-01
1.092529252925292482e+01,-4.234711624776821282e-01
1.092669266926692728e+01,-4.233631687121999221e-01
1.092809280928092797e+01,-4.232553298894572436e-01
1.092949294929492865e+01,-4.231476461563090652e-01
1.093089308930893111e+01,-4.230401177118920941e-01
1.093229322932293179e+01,-4.229327447058892631e-01
1.093369336933693425e+01,-4.228255273237238043e-01
1.093509350935093494e+01,-4.227184657318474592e-01
1.093649364936493562e+01,-4.226115600750972590e-01
1.093789378937893808e+01,-4.225048105427617884e-01
1.093929392939293876e+01,-4.223982173041491706e-01
1.094069406940694122e+01,-4.222917805035137917e-01
1.094209420942094191e+01,-4.221855003258951911e-01
1.094349434943494259e+01,-4.220793769276838248e-01
1.094489448944894505e+01,-4.219734104594010660e-01
1.094629462946294574e+01,-4.218676011022637340e-01
1.094769476947694820e+01,-4.217619490097206381e-01
1.094909490949094888e+01,-4.216564543552436817e-01
1.095049504950494956e+01,-4.215511172861994282e-01
1.095189518951895202e+01,-4.214459379776513970e-01
1.095329532953295271e+01,-4.213409165618458019e-01
1.095469546954695517e+01,-4.212360532230832177e-01
1.095609560956095585e+01,-4.211313481167593409e-01
1.095749574957495653e+01,-4.210268013908944340e-01
1.095889588958895899e+01,-4.209224132059290469e-01
1.096029602960295968e+01,-4.208181837152409344e-01
1.096169616961696214e+01,-4.207141130855660549e-01
1.096309630963096282e+01,-4.206102014571655445e-01
1.096449644964496350e+01,-4.205064490095793417e-01
1.096589658965896596e+01,-4.204028558509094182e-01
1.096729672967296665e+01,-4.202994221745939285e-01
1.096869686968696911e+01,-4.201961481172418189e-01
1.097009700970096979e+01,-4.200930338284791787e-01
1.097149714971497048e+01,-4.199900794688602446e-01
1.097289728972897294e+01,-4.198872851648047799e-01
1.097429742974297362e+01,-4.197846510917599971e-01
1.097569756975697608e+01,-4.196821774024641627e-01
1.097709770977097676e+01,-4.195798642096661979e-01
1.097849784978497745e+01,-4.194777116804999650e-01
1.097989798979897991e+01,-4.193757199767134125e-01
1.098129812981298059e+01,-4.192738892158587305e-01
1.098269826982698305e+01,-4.191722195627249903e-01
1.098409840984098373e+01,-4.190707111517326666e-01
1.098549854985498442e+01,-4.189693641136642555e-01
1.098689868986898688e+01,-4.188681786266386098e-01
1.098829882988298756e+01,-4.187671548065168281e-01
1.098969896989699002e+01,-4.186662927948532342e-01
1.099109910991099071e+01,-4.185655927449829505e-01
1.099249924992499139e+01,-4.184650547815209620e-01
1.099389938993899385e+01,-4.183646790533686044e-01
1.099529952995299453e+01,-4.182644656826965956e-01
1.099669966996699699e+01,-4.181644148208221168e-01
1.099809980998099768e+01,-4.180645266240361480e-01
1.099949994999499836e+01,-4.179648011826344600e-01
1.100090009000900082e+01,-4.178652386656978024e-01
1.100230023002300150e+01,-4.177658391914604863e-01
1.100370037003700396e+01,-4.176666028947835230e-01
1.100510051005100465e+01,-4.175675299237013860e-01
1.100650065006500711e+01,-4.174686203837723042e-01
1.100790079007900779e+01,-4.173698744449154674e-01
1.100930093009300847e+01,-4.172712921949255360e-01
1.101070107010701093e+01,-4.171728737901077011e-01
1.101210121012101162e+01,-4.170746193402834479e-01
1.101350135013501408e+01,-4.169765290010047920e-01
1.101490149014901476e+01,-4.168786028622122330e-01
1.101630163016301545e+01,-4.167808410779940687e-01
1.101770177017701791e+01,-4.166832437552443480e-01
1.101910191019101859e+01,-4.165858110532809633e-01
1.102050205020502105e+01,-4.164885430679845513e-01
1.102190219021902173e+01,-4.163914399176320558e-01
1.102330233023302242e+01,-4.162945017380081936e-01
1.102470247024702488e+01,-4.161977286324116676e-01
1.102610261026102556e+01,-4.161011207482374630e-01
1.102750275027502802e+01,-4.160046782003234966e-01
1.102890289028902870e+01,-4.159084010823761446e-01
1.103030303030302939e+01,-4.158122895289011467e-01
1.103170317031703185e+01,-4.157163436681372559e-01
1.103310331033103253e+01,-4.156205636064953524e-01
1.103450345034503499e+01,-4.155249494562553991e-01
1.103590359035903568e+01,-4.154295013354953880e-01
1.103730373037303636e+01,-4.153342193612701294e-01
1.103870387038703882e+01,-4.152391036416673842e-01
1.104010401040103950e+01,-4.151441542889671155e-01
1.104150415041504196e+01,-4.150493714271021872e-01
1.104290429042904265e+01,-4.149547551475336604e-01
1.104430443044304333e+01,-4.148603055719632948e-01
1.104570457045704579e+01,-4.147660227978491321e-01
1.104710471047104647e+01,-4.146719069397590829e-01
1.104850485048504893e+01,-4.145779581203044017e-01
1.104990499049904962e+01,-4.144841764252902294e-01
1.105130513051305030e+01,-4.143905619690997355e-01
1.105270527052705276e+01,-4.142971148454819286e-01
1.105410541054105344e+01,-4.142038351817092234e-01
1.105550555055505590e+01,-4.141107230592382393e-01
1.105690569056905659e+01,-4.140177785901215657e-01
1.105830583058305727e+01,-4.139250018741478243e-01
1.105970597059705973e+01,-4.138323929936120749e-01
1.106110611061106042e+01,-4.137399520692355281e-01
1.106250625062506288e+01,-4.136476791940140174e-01
1.106390639063906356e+01,-4.135555744862813299e-01
1.106530653065306424e+01,-4.134636380093326125e-01
1.106670667066706670e+01,-4.133718698532078406e-01
1.106810681068106739e+01,-4.132802701612945384e-01
1.106950695069506985e+01,-4.131888389671161121e-01
1.107090709070907053e+01,-4.130975764100952574e-01
1.107230723072307121e+01,-4.130064825668284811e-01
1.107370737073707367e+01,-4.129155575288478985e-01
1.107510751075107436e+01,-4.128248013764306279e-01
1.107650765076507682e+01,-4.127342142244998513e-01
1.107790779077907750e+01,-4.126437961348585759e-01
1.107930793079307819e+01,-4.125535472130366088e-01
1.108070807080708065e+01,-4.124634675237501824e-01
1.108210821082108133e+01,-4.123735571711648618e-01
1.108350835083508379e+01,-4.122838162362540970e-01
1.108490849084908447e+01,-4.121942448132216441e-01
1.108630863086308516e+01,-4.121048429759213150e-01
1.108770877087708762e+01,-4.120156107892967157e-01
1.108910891089108830e+01,-4.119265483522980276e-01
1.109050905090509076e+01,-4.118376557493235168e-01
1.109190919091909144e+01,-4.117489330599255482e-01
1.109330933093309390e+01,-4.116603803540357376e-01
1.109470947094709459e+01,-4.115719976976777161e-01
1.109610961096109527e+01,-4.114837851928285772e-01
1.109750975097509773e+01,-4.113957429039913904e-01
1.109890989098909841e+01,-4.113078709024051705e-01
1.110031003100310087e+01,-4.112201692702086575e-01
1.110171017101710156e+01,-4.111326380606641351e-01
1.110311031103110224e+01,-4.110452773621062761e-01
1.110451045104510470e+01,-4.109580872418092667e-01
1.110591059105910539e+01,-4.108710677616187468e-01
1.110731073107310785e+01,-4.107842190010444483e-01
1.110871087108710853e+01,-4.106975410189903641e-01
1.111011101110110921e+01,-4.106110339077702065e-01
1.111151115111511167e+01,-4.105246977037353417e-01
1.111291129112911236e+01,-4.104385324866939300e-01
1.111431143114311482e+01,-4.103525383032433638e-01
1.111571157115711550e+01,-4.102667152312733378e-01
1.111711171117111618e+01,-4.101810633374753934e-01
1.111851185118511864e+01,-4.100955826654342218e-01
1.111991199119911933e+01,-4.100102732731869537e-01
1.112131213121312179e+01,-4.099251352491393163e-01
1.112271227122712247e+01,-4.098401686339911976e-01
1.112411241124112316e+01,-4.097553734783332402e-01
1.112551255125512562e+01,-4.096707498332534669e-01
1.112691269126912630e+01,-4.095862977865607490e-01
1.112831283128312876e+01,-4.095020173547965214e-01
1.112971297129712944e+01,-4.094179086011848767e-01
1.113111311131113013e+01,-4.093339715883530516e-01
1.113251325132513259e+01,-4.092502063664085199e-01
1.113391339133913327e+01,-4.091666129732089985e-01
1.113531353135313573e+01,-4.090831914661237079e-01
1.113671367136713641e+01,-4.089999418816177013e-01
1.113811381138113710e+01,-4.089168642926495068e-01
1.113951395139513956e+01,-4.088339587148794863e-01
1.114091409140914024e+01,-4.087512252089453568e-01
1.114231423142314270e+01,-4.086686638273562266e-01
1.114371437143714338e+01,-4.085862746007080659e-01
1.114511451145114407e+01,-4.085040575656222472e-01
1.114651465146514653e+01,-4.084220127736841732e-01
1.114791479147914721e+01,-4.083401402539408309e-01
1.114931493149314967e+01,-4.082584400539275293e-01
1.115071507150715036e+01,-4.081769122000906691e-01
1.115211521152115104e+01,-4.080955567422961394e-01
1.115351535153515350e+01,-4.080143737310351071e-01
1.115491549154915418e+01,-4.079333631523525128e-01
1.115631563156315664e+01,-4.078525250856586126e-01
1.115771577157715733e+01,-4.077718595311665695e-01
1.115911591159115801e+01,-4.076913665514183549e-01
1.116051605160516047e+01,-4.076110461395927587e-01
1.116191619161916115e+01,-4.075308983671988017e-01
1.116331633163316361e+01,-4.074509232238767709e-01
1.116471647164716430e+01,-4.073711207513213139e-01
1.116611661166116498e+01,-4.072914909873759370e-01
1.116751675167516744e+01,-4.072120339606897232e-01
1.116891689168916812e+01,-4.071327496488947872e-01
1.117031703170317058e+01,-4.070536381152862759e-01
1.117171717171717127e+01,-4.069746993884137964e-01
1.117311731173117195e+01,-4.068959334796602434e-01
1.117451745174517441e+01,-4.068173403796322418e-01
1.117591759175917510e+01,-4.067389201428568413e-01
1.117731773177317756e+01,-4.066606727565300616e-01
1.117871787178717824e+01,-4.065825982751363199e-01
1.118011801180118070e+01,-4.065046966751992841e-01
1.118151815181518138e+01,-4.064269680013836705e-01
1.118291829182918207e+01,-4.063494122565316502e-01
1.118431843184318453e+01,-4.062720294478339156e-01
1.118571857185718521e+01,-4.061948195613211965e-01
1.118711871187118767e+01,-4.061177826731068308e-01
1.118851885188518835e+01,-4.060409187265463515e-01
1.118991899189918904e+01,-4.059642277555326473e-01
1.119131913191319150e+01,-4.058877097776303344e-01
1.119271927192719218e+01,-4.058113647724042039e-01
1.119411941194119464e+01,-4.057351927672669945e-01
1.119551955195519533e+01,-4.056591937532800785e-01
1.119691969196919601e+01,-4.055833677319924391e-01
1.119831983198319847e+01,-4.055077147053509634e-01
1.119971997199719915e+01,-4.054322346816832123e-01
1.120112011201120161e+01,-4.053569276450588177e-01
1.120252025202520230e+01,-4.052817936096602125e-01
1.120392039203920298e+01,-4.052068325579369912e-01
1.120532053205320544e+01,-4.051320444924186859e-01
1.120672067206720612e+01,-4.050574294002444731e-01
1.120812081208120858e+01,-4.049829872648729179e-01
1.120952095209520927e+01,-4.049087181118835588e-01
1.121092109210920995e+01,-4.048346219084351105e-01
1.121232123212321241e+01,-4.047606986493121894e-01
1.121372137213721309e+01,-4.046869483167796488e-01
1.121512151215121555e+01,-4.046133708932728723e-01
1.121652165216521624e+01,-4.045399663905158150e-01
1.121792179217921692e+01,-4.044667347653643219e-01
1.121932193219321938e+01,-4.043936760115371953e-01
1.122072207220722007e+01,-4.043207901175378538e-01
1.122212221222122253e+01,-4.042480770659580003e-01
1.122352235223522321e+01,-4.041755368163393314e-01
1.122492249224922389e+01,-4.041031693866159458e-01
1.122632263226322635e+01,-4.040309747161501264e-01
1.122772277227722704e+01,-4.039589528144489350e-01
1.122912291229122950e+01,-4.038871036165687656e-01
1.123052305230523018e+01,-4.038154271291887198e-01
1.123192319231923086e+01,-4.037439233110546866e-01
1.123332333233323332e+01,-4.036725921536401529e-01
1.123472347234723401e+01,-4.036014336175952621e-01
1.123612361236123647e+01,-4.035304476537930896e-01
1.123752375237523715e+01,-4.034596342622904785e-01
1.123892389238923784e+01,-4.033889933667751393e-01
1.124032403240324030e+01,-4.033185249893875834e-01
1.124172417241724098e+01,-4.032482290723748974e-01
1.124312431243124344e+01,-4.031781055562930760e-01
1.124452445244524412e+01,-4.031081544391383886e-01
1.124592459245924481e+01,-4.030383756625752767e-01
1.124732473247324727e+01,-4.029687691790400095e-01
1.124872487248724795e+01,-4.028993349648004596e-01
1.125012501250125041e+01,-4.028300729744529463e-01
1.125152515251525109e+01,-4.027609831730956103e-01
1.125292529252925178e+01,-4.026920654914789566e-01
1.125432543254325424e+01,-4.026233199003428354e-01
1.125572557255725492e+01,-4.025547463523793112e-01
1.125712571257125738e+01,-4.024863448115496567e-01
1.125852585258525806e+01,-4.024181151964967285e-01
1.125992599259926052e+01,-4.023500575010530156e-01
1.126132613261326121e+01,-4.022821716263393910e-01
1.126272627262726189e+01,-4.022144575342849748e-01
1.126412641264126435e+01,-4.021469152075525244e-01
1.126552655265526504e+01,-4.020795445512703736e-01
1.126692669266926750e+01,-4.020123455102293519e-01
1.126832683268326818e+01,-4.019453180449801266e-01
1.126972697269726886e+01,-4.018784620936486363e-01
1.127112711271127132e+01,-4.018117775901259847e-01
1.127252725272527201e+01,-4.017452644551440244e-01
1.127392739273927447e+01,-4.016789226642600852e-01
1.127532753275327515e+01,-4.016127521245351772e-01
1.127672767276727583e+01,-4.015467527818969984e-01
1.127812781278127829e+01,-4.014809245664707760e-01
1.127952795279527898e+01,-4.014152674064064286e-01
1.128092809280928144e+01,-4.013497812483279858e-01
1.128232823282328212e+01,-4.012844660119583295e-01
1.128372837283728281e+01,-4.012193216379955629e-01
1.128512851285128527e+01,-4.011543480312553811e-01
1.128652865286528595e+01,-4.010895451369407283e-01
1.128792879287928841e+01,-4.010249128715059896e-01
1.128932893289328909e+01,-4.009604511669522253e-01
1.129072907290728978e+01,-4.008961599467824044e-01
1.129212921292129224e+01,-4.008320391008197703e-01
1.129352935293529292e+01,-4.007680885954982841e-01
1.129492949294929538e+01,-4.007043083364862923e-01
1.129632963296329606e+01,-4.006406981928307687e-01
1.129772977297729675e+01,-4.005772581665354437e-01
1.129912991299129921e+01,-4.005139881138859437e-01
1.130053005300529989e+01,-4.004508879586126113e-01
1.130193019301930235e+01,-4.003879576050621836e-01
1.130333033303330303e+01,-4.003251970125489834e-01
1.130473047304730372e+01,-4.002626060083969151e-01
1.130613061306130618e+01,-4.002001845867226848e-01
1.130753075307530686e+01,-4.001379325985823243e-01
1.130893089308930932e+01,-4.000758499647076860e-01
1.131033103310331001e+01,-4.000139366138029118e-01
1.131173117311731069e+01,-3.999521924343554247e-01
1.131313131313131315e+01,-3.998906172882215060e-01
1.131453145314531383e+01,-3.998292111443504382e-01
1.131593159315931629e+01,-3.997679738514108294e-01
1.131733173317331698e+01,-3.997069053460649002e-01
1.131873187318731766e+01,-3.996460055088135732e-01
1.132013201320132012e+01,-3.995852742187508966e-01
1.132153215321532080e+01,-3.995247113922317794e-01
1.132293229322932326e+01,-3.994643169184541875e-01
1.132433243324332395e+01,-3.994040906910356625e-01
1.132573257325732463e+01,-3.993440325912871458e-01
1.132713271327132709e+01,-3.992841425350519557e-01
1.132853285328532777e+01,-3.992244203798946955e-01
1.132993299329933024e+01,-3.991648660202429255e-01
1.133133313331333092e+01,-3.991054793421113800e-01
1.133273327332733160e+01,-3.990462602561137828e-01
1.133413341334133406e+01,-3.989872086106629467e-01
1.133553355335533475e+01,-3.989283243037533566e-01
1.133693369336933721e+01,-3.988696072179322982e-01
1.133833383338333789e+01,-3.988110572066290160e-01
1.133973397339733857e+01,-3.987526741753697479e-01
1.134113411341134103e+01,-3.986944580207563149e-01
1.134253425342534172e+01,-3.986364085687768011e-01
1.134393439343934418e+01,-3.985785257256679870e-01
1.134533453345334486e+01,-3.985208093523056050e-01
1.134673467346734732e+01,-3.984632593088548447e-01
1.134813481348134800e+01,-3.984058755049773026e-01
1.134953495349534869e+01,-3.983486577851209631e-01
1.135093509350935115e+01,-3.982916060100336608e-01
1.135233523352335183e+01,-3.982347200400937481e-01
1.135373537353735429e+01,-3.981779997747452171e-01
1.135513551355135498e+01,-3.981214450365939683e-01
1.135653565356535566e+01,-3.980650557220144492e-01
1.135793579357935812e+01,-3.980088316648817681e-01
1.135933593359335880e+01,-3.979527727659046832e-01
1.136073607360736126e+01,-3.978968788015606606e-01
1.136213621362136195e+01,-3.978411497193263813e-01
1.136353635363536263e+01,-3.977855853293021937e-01
1.136493649364936509e+01,-3.977301855031214473e-01
1.136633663366336577e+01,-3.976749500760234923e-01
1.136773677367736823e+01,-3.976198789195422023e-01
1.136913691369136892e+01,-3.975649718699969526e-01
1.137053705370536960e+01,-3.975102287772216414e-01
1.137193719371937206e+01,-3.974556494811736229e-01
1.137333733373337274e+01,-3.974012338517667331e-01
1.137473747374737520e+01,-3.973469817132411208e-01
1.137613761376137589e+01,-3.972928929241703599e-01
1.137753775377537657e+01,-3.972389673277660904e-01
1.137893789378937903e+01,-3.971852047504285110e-01
1.138033803380337972e+01,-3.971316050285906840e-01
1.138173817381738218e+01,-3.970781680274910741e-01
1.138313831383138286e+01,-3.970248935679023816e-01
1.138453845384538354e+01,-3.969717814837707692e-01
1.138593859385938600e+01,-3.969188315987963733e-01
1.138733873387338669e+01,-3.968660437630688875e-01
1.138873887388738915e+01,-3.968134178226989661e-01
1.139013901390138983e+01,-3.967609535827563150e-01
1.139153915391539051e+01,-3.967086508744870343e-01
1.139293929392939297e+01,-3.966565095335852220e-01
1.139433943394339366e+01,-3.966045293658737592e-01
1.139573957395739612e+01,-3.965527102403285653e-01
1.139713971397139680e+01,-3.965010519295191216e-01
1.139853985398539749e+01,-3.964495542867325639e-01
1.139993999399939995e+01,-3.963982171352711248e-01
1.140134013401340063e+01,-3.963470402894699873e-01
1.140274027402740309e+01,-3.962960235399322073e-01
1.140414041404140377e+01,-3.962451667574100611e-01
1.140554055405540446e+01,-3.961944697208394928e-01
1.140694069406940692e+01,-3.961439322415287734e-01
1.140834083408340760e+01,-3.960935541330741216e-01
1.140974097409741006e+01,-3.960433352372660920e-01
1.141114111411141074e+01,-3.959932753203077027e-01
1.141254125412541143e+01,-3.959433742389251165e-01
1.141394139413941389e+01,-3.958936317622061551e-01
1.141534153415341457e+01,-3.958440477088487341e-01
1.141674167416741703e+01,-3.957946218724686105e-01
1.141814181418141771e+01,-3.957453540834450223e-01
1.141954195419541840e+01,-3.956962441277909193e-01
1.142094209420942086e+01,-3.956472918174682718e-01
1.142234223422342154e+01,-3.955984968921484324e-01
1.142374237423742400e+01,-3.955498592454347317e-01
1.142514251425142469e+01,-3.955013786034271561e-01
1.142654265426542537e+01,-3.954530547865999779e-01
1.142794279427942783e+01,-3.954048875691427156e-01
1.142934293429342851e+01,-3.953568767852573274e-01
1.143074307430743097e+01,-3.953090221984609798e-01
1.143214321432143166e+01,-3.952613235937292302e-01
1.143354335433543412e+01,-3.952137807640525580e-01
1.143494349434943480e+01,-3.951663935080063084e-01
1.143634363436343548e+01,-3.951191615837217341e-01
1.143774377437743794e+01,-3.950720848001338936e-01
1.143914391439143863e+01,-3.950251629482153248e-01
1.144054405440544109e+01,-3.949783957727106554e-01
1.144194419441944177e+01,-3.949317830869745194e-01
1.144334433443344246e+01,-3.948853246441075271e-01
1.144474447444744492e+01,-3.948390202202602950e-01
1.144614461446144560e+01,-3.947928696351823419e-01
1.144754475447544806e+01,-3.947468726163378960e-01
1.144894489448944874e+01,-3.947010289672761019e-01
1.145034503450344943e+01,-3.946553384464124292e-01
1.145174517451745189e+01,-3.946098008255489731e-01
1.145314531453145257e+01,-3.945644158420122949e-01
1.145454545454545503e+01,-3.945191833129655379e-01
1.145594559455945571e+01,-3.944741029948772848e-01
1.145734573457345640e+01,-3.944291746228856255e-01
1.145874587458745886e+01,-3.943843979824208645e-01
1.146014601460145954e+01,-3.943397728295110483e-01
1.146154615461546200e+01,-3.942952989477106485e-01
1.146294629462946268e+01,-3.942509760612011860e-01
1.146434643464346337e+01,-3.942068039196726659e-01
1.146574657465746583e+01,-3.941627823441535838e-01
1.146714671467146651e+01,-3.941189110060889789e-01
1.146854685468546897e+01,-3.940751897430487816e-01
1.146994699469946966e+01,-3.940316182369940634e-01
1.147134713471347034e+01,-3.939881962724172126e-01
1.147274727472747280e+01,-3.939449235915333247e-01
1.147414741474147348e+01,-3.939017999486793542e-01
1.147554755475547594e+01,-3.938588250805850066e-01
1.147694769476947663e+01,-3.938159987159082220e-01
1.147834783478347731e+01,-3.937733206320928048e-01
1.147974797479747977e+01,-3.937307905965354848e-01
1.148114811481148045e+01,-3.936884082744143143e-01
1.148254825482548291e+01,-3.936461734623293296e-01
1.148394839483948360e+01,-3.936040858636147277e-01
1.148534853485348428e+01,-3.935621452375528406e-01
1.148674867486748674e+01,-3.935203513044598367e-01
1.148814881488148743e+01,-3.934787038211027266e-01
1.148954895489548989e+01,-3.934372024987453642e-01
1.149094909490949057e+01,-3.933958470834966192e-01
1.149234923492349125e+01,-3.933546372921341572e-01
1.149374937493749371e+01,-3.933135728623113891e-01
1.149514951495149440e+01,-3.932726535011425995e-01
1.149654965496549686e+01,-3.932318789635473877e-01
1.149794979497949754e+01,-3.931912489653939247e-01
1.149934993499349822e+01,-3.931507632210866632e-01
1.150075007500750068e+01,-3.931104214645841921e-01
1.150215021502150137e+01,-3.930702234040381882e-01
1.150355035503550383e+01,-3.930301687466766225e-01
1.150495049504950451e+01,-3.929902572330661314e-01
1.150635063506350519e+01,-3.929504885718415608e-01
1.150775077507750765e+01,-3.929108624734141131e-01
1.150915091509150834e+01,-3.928713786463333690e-01
1.151055105510551080e+01,-3.928320368216162706e-01
1.151195119511951148e+01,-3.927928366916262348e-01
1.151335133513351394e+01,-3.927537780010510460e-01
1.151475147514751463e+01,-3.927148603592343079e-01
1.151615161516151531e+01,-3.926760835860392262e-01
1.151755175517551777e+01,-3.926374473397942211e-01
1.151895189518951845e+01,-3.925989513219150240e-01
1.152035203520352091e+01,-3.925605952099289198e-01
1.152175217521752160e+01,-3.925223787541085585e-01
1.152315231523152228e+01,-3.924843016203141133e-01
1.152455245524552474e+01,-3.924463635231347780e-01
1.152595259525952542e+01,-3.924085641303207694e-01
1.152735273527352788e+01,-3.923709031728179752e-01
1.152875287528752857e+01,-3.923333803275994569e-01
1.153015301530152925e+01,-3.922959952946456497e-01
1.153155315531553171e+01,-3.922587477710521853e-01
1.153295329532953239e+01,-3.922216373796771904e-01
1.153435343534353485e+01,-3.921846638829720177e-01
1.153575357535753554e+01,-3.921478269429741204e-01
1.153715371537153622e+01,-3.921111262511089990e-01
1.153855385538553868e+01,-3.920745614928193845e-01
1.153995399539953937e+01,-3.920381323423498543e-01
1.154135413541354183e+01,-3.920018384852994586e-01
1.154275427542754251e+01,-3.919656795757333612e-01
1.154415441544154319e+01,-3.919296553254696391e-01
1.154555455545554565e+01,-3.918937654076302124e-01
1.154695469546954634e+01,-3.918580094725143681e-01
1.154835483548354880e+01,-3.918223872074122482e-01
1.154975497549754948e+01,-3.917868983018877316e-01
1.155115511551155016e+01,-3.917515423965625132e-01
1.155255525552555262e+01,-3.917163191765098418e-01
1.155395539553955331e+01,-3.916812283208201961e-01
1.155535553555355577e+01,-3.916462694635498565e-01
1.155675567556755645e+01,-3.916114423106336062e-01
1.155815581558155714e+01,-3.915767464894628347e-01
1.155955595559555960e+01,-3.915421816869155691e-01
1.156095609560956028e+01,-3.915077475473367485e-01
1.156235623562356274e+01,-3.914734437373112996e-01
1.156375637563756342e+01,-3.914392699560522715e-01
1.156515651565156411e+01,-3.914052257568982895e-01
1.156655665566556657e+01,-3.913713109049439254e-01
1.156795679567956725e+01,-3.913375249686197321e-01
1.156935693569356971e+01,-3.913038676931535065e-01
1.157075707570757039e+01,-3.912703386286722207e-01
1.157215721572157108e+01,-3.912369374809401279e-01
1.157355735573557354e+01,-3.912036639160874074e-01
1.157495749574957422e+01,-3.911705175285504765e-01
1.157635763576357668e+01,-3.911374980174855409e-01
1.157775777577757736e+01,-3.911046049527726609e-01
1.157915791579157805e+01,-3.910718380928415172e-01
1.158055805580558051e+01,-3.910391969610884644e-01
1.158195819581958119e+01,-3.910066812648835821e-01
1.158335833583358365e+01,-3.909742906003259577e-01
1.158475847584758434e+01,-3.909420246512951280e-01
1.158615861586158502e+01,-3.909098830068842290e-01
1.158755875587558748e+01,-3.908778653315181373e-01
1.158895889588958816e+01,-3.908459712937997210e-01
1.159035903590359062e+01,-3.908142004518140311e-01
1.159175917591759131e+01,-3.907825524575088139e-01
1.159315931593159199e+01,-3.907510269794016722e-01
1.159455945594559445e+01,-3.907196235736449808e-01
1.159595959595959513e+01,-3.906883419346627306e-01
1.159735973597359759e+01,-3.906571816681037035e-01
1.159875987598759828e+01,-3.906261423855568182e-01
1.160016001600160074e+01,-3.905952236821121915e-01
1.160156015601560142e+01,-3.905644252427435958e-01
1.160296029602960211e+01,-3.905337466189280349e-01
1.160436043604360457e+01,-3.905031875004993935e-01
1.160576057605760525e+01,-3.904727474583893354e-01
1.160716071607160771e+01,-3.904424260946655068e-01
1.160856085608560839e+01,-3.904122230349855727e-01
1.160996099609960908e+01,-3.903821379203407105e-01
1.161136113611361154e+01,-3.903521703350492089e-01
1.161276127612761222e+01,-3.903223199031344848e-01
1.161416141614161468e+01,-3.902925861825394804e-01
1.161556155615561536e+01,-3.902629688521983553e-01
1.161696169616961605e+01,-3.902334674807974579e-01
1.161836183618361851e+01,-3.902040816709018145e-01
1.161976197619761919e+01,-3.901748110086913357e-01
1.162116211621162165e+01,-3.901456551568998066e-01
1.162256225622562233e+01,-3.901166136408846796e-01
1.162396239623962302e+01,-3.900876860908510935e-01
1.162536253625362548e+01,-3.900588721244560020e-01
1.162676267626762616e+01,-3.900301713279930027e-01
1.162816281628162862e+01,-3.900015832546017691e-01
1.162956295629562931e+01,-3.899731075330521435e-01
1.163096309630962999e+01,-3.899447437512151282e-01
1.163236323632363245e+01,-3.899164915174679891e-01
1.163376337633763313e+01,-3.898883503786976235e-01
1.163516351635163559e+01,-3.898603199220929127e-01
1.163656365636563628e+01,-3.898323997675703367e-01
1.163796379637963696e+01,-3.898045894931669864e-01
1.163936393639363942e+01,-3.897768886618138140e-01
1.164076407640764010e+01,-3.897492968798559332e-01
1.164216421642164256e+01,-3.897218137282862926e-01
1.164356435643564325e+01,-3.896944387331870985e-01
1.164496449644964393e+01,-3.896671715502577626e-01
1.164636463646364639e+01,-3.896400116968408156e-01
1.164776477647764708e+01,-3.896129587782581893e-01
1.164916491649164954e+01,-3.895860123403167563e-01
1.165056505650565022e+01,-3.895591720064999208e-01
1.165196519651965090e+01,-3.895324372499402443e-01
1.165336533653365336e+01,-3.895058077890922732e-01
1.165476547654765405e+01,-3.894792830045616938e-01
1.165616561656165651e+01,-3.894528626532007820e-01
1.165756575657565719e+01,-3.894265461725154864e-01
1.165896589658965787e+01,-3.894003331646445076e-01
1.166036603660366033e+01,-3.893742232125276814e-01
1.166176617661766102e+01,-3.893482158315606512e-01
1.166316631663166348e+01,-3.893223106249337206e-01
1.166456645664566416e+01,-3.892965071232339369e-01
1.166596659665966484e+01,-3.892708049110211732e-01
1.166736673667366730e+01,-3.892452035093327822e-01
1.166876687668766799e+01,-3.892197024652404025e-01
1.167016701670167045e+01,-3.891943013882865898e-01
1.167156715671567113e+01,-3.891689998097120906e-01
1.167296729672967182e+01,-3.891437972245626042e-01
1.167436743674367428e+01,-3.891186932520582786e-01
1.167576757675767496e+01,-3.890936874080352936e-01
1.167716771677167742e+01,-3.890687792684275337e-01
1.167856785678567810e+01,-3.890439683207205235e-01
1.167996799679967879e+01,-3.890192541396260140e-01
1.168136813681368125e+01,-3.889946362853322626e-01
1.168276827682768193e+01,-3.889701142896626607e-01
1.168416841684168439e+01,-3.889456876718071499e-01
1.168556855685568507e+01,-3.889213559695434697e-01
1.168696869686968753e+01,-3.888971187569723043e-01
1.168836883688368822e+01,-3.888729755300772695e-01
1.168976897689768890e+01,-3.888489258614953314e-01
1.169116911691169136e+01,-3.888249692459027074e-01
1.169256925692569205e+01,-3.888011052133890644e-01
1.169396939693969451e+01,-3.887773333376856044e-01
1.169536953695369519e+01,-3.887536531070594492e-01
1.169676967696769587e+01,-3.887300640254522932e-01
1.169816981698169833e+01,-3.887065657109189942e-01
1.169956995699569902e+01,-3.886831576245270981e-01
1.170097009700970148e+01,-3.886598392745952424e-01
1.170237023702370216e+01,-3.886366102127567501e-01
1.170377037703770284e+01,-3.886134699960308581e-01
1.170517051705170530e+01,-3.885904180795876073e-01
1.170657065706570599e+01,-3.885674539808690042e-01
1.170797079707970845e+01,-3.885445772570363943e-01
1.170937093709370913e+01,-3.885217874274928818e-01
1.171077107710770981e+01,-3.884990839269732987e-01
1.171217121712171227e+01,-3.884764663742430457e-01
1.171357135713571296e+01,-3.884539342316628563e-01
1.171497149714971542e+01,-3.884314870278586795e-01
1.171637163716371610e+01,-3.884091242288718604e-01
1.171777177717771679e+01,-3.883868453626178052e-01
1.171917191719171925e+01,-3.883646499786124195e-01
1.172057205720571993e+01,-3.883425375198186202e-01
1.172197219721972239e+01,-3.883205075210867108e-01
1.172337233723372307e+01,-3.882985595065235884e-01
1.172477247724772376e+01,-3.882766929080929685e-01
1.172617261726172622e+01,-3.882549073205723289e-01
1.172757275727572690e+01,-3.882332021603787098e-01
1.172897289728972936e+01,-3.882115769624903123e-01
1.173037303730373004e+01,-3.881900312071593362e-01
1.173177317731773073e+01,-3.881685644220027598e-01
1.173317331733173319e+01,-3.881471760549857208e-01
1.173457345734573387e+01,-3.881258655971890903e-01
1.173597359735973633e+01,-3.881046326200703334e-01
1.173737373737373701e+01,-3.880834765272140885e-01
1.173877387738773770e+01,-3.880623968393166479e-01
1.174017401740174016e+01,-3.880413930623518581e-01
1.174157415741574084e+01,-3.880204646180231975e-01
1.174297429742974330e+01,-3.879996110467942572e-01
1.174437443744374399e+01,-3.879788318248102996e-01
1.174577457745774467e+01,-3.879581264257012663e-01
1.174717471747174713e+01,-3.879374943500124573e-01
1.174857485748574781e+01,-3.879169350513649306e-01
1.174997499749975027e+01,-3.878964479886377603e-01
1.175137513751375096e+01,-3.878760326935832836e-01
1.175277527752775164e+01,-3.878556886334365572e-01
1.175417541754175410e+01,-3.878354152120380149e-01
1.175557555755575478e+01,-3.878152119868332193e-01
1.175697569756975724e+01,-3.877950783638510757e-01
1.175837583758375793e+01,-3.877750139049425115e-01
1.175977597759775861e+01,-3.877550179808508801e-01
1.176117611761176107e+01,-3.877350901212395229e-01
1.176257625762576176e+01,-3.877152297386459168e-01
1.176397639763976422e+01,-3.876954363578306584e-01
1.176537653765376490e+01,-3.876757094328411313e-01
1.176677667766776736e+01,-3.876560483901840826e-01
1.176817681768176804e+01,-3.876364526934281685e-01
1.176957695769576873e+01,-3.876169218812037798e-01
1.177097709770977119e+01,-3.875974553154719615e-01
1.177237723772377187e+01,-3.875780525034286939e-01
1.177377737773777433e+01,-3.875587129003292830e-01
1.177517751775177501e+01,-3.875394359393027344e-01
1.177657765776577570e+01,-3.875202211098383032e-01
1.177797779777977816e+01,-3.875010678538330922e-01
1.177937793779377884e+01,-3.874819755787939357e-01
1.178077807780778130e+01,-3.874629438278702764e-01
1.178217821782178198e+01,-3.874439719291871143e-01
1.178357835783578267e+01,-3.874250594656132307e-01
1.178497849784978513e+01,-3.874062057696079364e-01
1.178637863786378581e+01,-3.873874103028498439e-01
1.178777877787778827e+01,-3.873686726311973416e-01
1.178917891789178896e+01,-3.873499920450171885e-01
1.179057905790578964e+01,-3.873313680866345976e-01
1.179197919791979210e+01,-3.873128001362005079e-01
1.179337933793379278e+01,-3.872942876697038628e-01
1.179477947794779524e+01,-3.872758300916814278e-01
1.179617961796179593e+01,-3.872574268877571058e-01
1.179757975797579661e+01,-3.872390774691893967e-01
1.179897989798979907e+01,-3.872207812747205935e-01
1.180038003800379975e+01,-3.872025377421550729e-01
1.180178017801780221e+01,-3.871843463000885777e-01
1.180318031803180290e+01,-3.871662063490077799e-01
1.180458045804580358e+01,-3.871481173711259771e-01
1.180598059805980604e+01,-3.871300787628655371e-01
1.180738073807380673e+01,-3.871120899666919968e-01
1.180878087808780919e+01,-3.870941504286804502e-01
1.181018101810180987e+01,-3.870762595494880998e-01
1.181158115811581055e+01,-3.870584167261057473e-01
1.181298129812981301e+01,-3.870406214545027979e-01
1.181438143814381370e+01,-3.870228730982319121e-01
1.181578157815781616e+01,-3.870051710796929001e-01
1.181718171817181684e+01,-3.869875148201487036e-01
1.181858185818581752e+01,-3.869699038192777607e-01
1.181998199819981998e+01,-3.869523373901699870e-01
1.182138213821382067e+01,-3.869348149741966836e-01
1.182278227822782313e+01,-3.869173360190671929e-01
1.182418241824182381e+01,-3.868998999353294721e-01
1.182558255825582449e+01,-3.868825060944516281e-01
1.182698269826982695e+01,-3.868651539723515498e-01
1.182838283828382764e+01,-3.868478429211279490e-01
1.182978297829783010e+01,-3.868305723467244661e-01
1.183118311831183078e+01,-3.868133417224584036e-01
1.183258325832583147e+01,-3.867961504234926906e-01
1.183398339833983393e+01,-3.867789978720708177e-01
1.183538353835383461e+01,-3.867618833902213282e-01
1.183678367836783707e+01,-3.867448064787453177e-01
1.183818381838183775e+01,-3.867277664937915915e-01
1.183958395839583844e+01,-3.867107628680912512e-01
1.184098409840984090e+01,-3.866937950002409252e-01
1.184238423842384158e+01,-3.866768622732763561e-01
1.184378437843784404e+01,-3.866599640270180771e-01
1.184518451845184472e+01,-3.866430997780980761e-01
1.184658465846584541e+01,-3.866262688342487763e-01
1.184798479847984787e+01,-3.866094706561824523e-01
1.184938493849384855e+01,-3.865927045739141477e-01
1.185078507850785101e+01,-3.865759700078115202e-01
1.185218521852185170e+01,-3.865592663686499009e-01
1.185358535853585416e+01,-3.865425930387687004e-01
1.185498549854985484e+01,-3.865259494104691385e-01
1.185638563856385552e+01,-3.865093348158552544e-01
1.185778577857785798e+01,-3.864927487426399466e-01
1.185918591859185867e+01,-3.864761904524414149e-01
1.186058605860586113e+01,-3.864596594666664942e-01
1.186198619861986181e+01,-3.864431550961313633e-01
1.186338633863386249e+01,-3.864266767390063251e-01
1.186478647864786495e+01,-3.864102237631783510e-01
1.186618661866186564e+01,-3.863937955743068642e-01
1.186758675867586810e+01,-3.863773915063575259e-01
1.186898689868986878e+01,-3.863610110235669026e-01
1.187038703870386946e+01,-3.863446534031140800e-01
1.187178717871787192e+01,-3.863283181111825115e-01
1.187318731873187261e+01,-3.863120044569541278e-01
1.187458745874587507e+01,-3.862957118408729684e-01
1.187598759875987575e+01,-3.862794396726627610e-01
1.187738773877387644e+01,-3.862631872630544194e-01
1.187878787878787890e+01,-3.862469540032122950e-01
1.188018801880187958e+01,-3.862307393115287368e-01
1.188158815881588204e+01,-3.862145425154466238e-01
1.188298829882988272e+01,-3.861983629780212368e-01
1.188438843884388341e+01,-3.861822001075267963e-01
1.188578857885788587e+01,-3.861660531576802668e-01
1.188718871887188655e+01,-3.861499216653498934e-01
1.188858885888588901e+01,-3.861338048944702450e-01
1.188998899889988969e+01,-3.861177022211705889e-01
1.189138913891389038e+01,-3.861016129881846837e-01
1.189278927892789284e+01,-3.860855365888937740e-01
1.189418941894189352e+01,-3.860694724171764847e-01
1.189558955895589598e+01,-3.860534197516187760e-01
1.189698969896989666e+01,-3.860373779981927100e-01
1.189838983898389735e+01,-3.860213464903949898e-01
1.189978997899789981e+01,-3.860053246648789127e-01
1.190119011901190049e+01,-3.859893117802641882e-01
1.190259025902590295e+01,-3.859733072303868084e-01
1.190399039903990364e+01,-3.859573103541293904e-01
1.190539053905390432e+01,-3.859413205557729043e-01
1.190679067906790678e+01,-3.859253371060020754e-01
1.190819081908190746e+01,-3.859093594437723596e-01
1.190959095909590992e+01,-3.858933868771430298e-01
1.191099109910991061e+01,-3.858774187115301402e-01
1.191239123912391129e+01,-3.858614543578084977e-01
1.191379137913791375e+01,-3.858454931858119608e-01
1.191519151915191443e+01,-3.858295344562918672e-01
1.191659165916591689e+01,-3.858135775831357250e-01
1.191799179917991758e+01,-3.857976218852741113e-01
1.191939193919391826e+01,-3.857816666952658125e-01
1.192079207920792072e+01,-3.857657113974113372e-01
1.192219221922192141e+01,-3.857497552719308942e-01
1.192359235923592387e+01,-3.857337977289176933e-01
1.192499249924992455e+01,-3.857178380397385808e-01
1.192639263926392523e+01,-3.857018755765295737e-01
1.192779277927792769e+01,-3.856859097276839066e-01
1.192919291929192838e+01,-3.856699397972391807e-01
1.193059305930593084e+01,-3.856539650228114624e-01
1.193199319931993152e+01,-3.856379848902236063e-01
1.193339333933393220e+01,-3.856219986423923274e-01
1.193479347934793466e+01,-3.856060056754984089e-01
1.193619361936193535e+01,-3.855900052502931885e-01
1.193759375937593781e+01,-3.855739967398932322e-01
1.193899389938993849e+01,-3.855579794788042136e-01
1.194039403940394095e+01,-3.855419527870225238e-01
1.194179417941794163e+01,-3.855259160174568933e-01
1.194319431943194232e+01,-3.855098684713027524e-01
1.194459445944594478e+01,-3.854938094607973653e-01
1.194599459945994546e+01,-3.854777383890564124e-01
1.194739473947394792e+01,-3.854616544671216616e-01
1.194879487948794861e+01,-3.854455571281931725e-01
1.195019501950194929e+01,-3.854294456284890202e-01
1.195159515951595175e+01,-3.854133193356830134e-01
1.195299529952995243e+01,-3.853971775433535640e-01
1.195439543954395489e+01,-3.853810195938223160e-01
1.195579557955795558e+01,-3.853648447803692534e-01
1.195719571957195626e+01,-3.853486524105704802e-01
1.195859585958595872e+01,-3.853324418503234483e-01
1.195999599959995940e+01,-3.853162124459004190e-01
1.196139613961396186e+01,-3.852999634576974586e-01
1.196279627962796255e+01,-3.852836941848778451e-01
1.196419641964196323e+01,-3.852674039835903841e-01
1.196559655965596569e+01,-3.852510921815763822e-01
1.196699669966996638e+01,-3.852347580712347508e-01
1.196839683968396884e+01,-3.852184009360684058e-01
1.196979697969796952e+01,-3.852020201710075753e-01
1.197119711971197020e+01,-3.851856150066765849e-01
1.197259725972597266e+01,-3.851691847786327116e-01
1.197399739973997335e+01,-3.851527288001506122e-01
1.197539753975397581e+01,-3.851362464354508575e-01
1.197679767976797649e+01,-3.851197368935288523e-01
1.197819781978197717e+01,-3.851031995834404142e-01
1.197959795979597963e+01,-3.850866337176768184e-01
1.198099809980998032e+01,-3.850700386987142565e-01
1.198239823982398278e+01,-3.850534137520327249e-01
1.198379837983798346e+01,-3.850367582243450215e-01
1.198519851985198414e+01,-3.850200714087037568e-01
1.198659865986598660e+01,-3.850033526270095763e-01
1.198799879987998729e+01,-3.849866011676255084e-01
1.198939893989398975e+01,-3.849698162968024917e-01
1.199079907990799043e+01,-3.849529973703482710e-01
1.199219921992199112e+01,-3.849361437019211962e-01
1.199359935993599358e+01,-3.849192545482367223e-01
1.199499949994999426e+01,-3.849023292012532238e-01
1.199639963996399672e+01,-3.848853670308898245e-01
1.199779977997799740e+01,-3.848683672717498894e-01
1.199919991999199809e+01,-3.848513291691659788e-01
1.200060006000600055e+01,-3.848342521691421325e-01
1.200200020002000123e+01,-3.848171354889444729e-01
1.200340034003400369e+01,-3.847999783984619171e-01
1.200480048004800437e+01,-3.847827802170229461e-01
1.200620062006200506e+01,-3.847655401849578993e-01
1.200760076007600752e+01,-3.847482577300382900e-01
1.200900090009000820e+01,-3.847309320657643639e-01
1.201040104010401066e+01,-3.847135624498889683e-01
1.201180118011801135e+01,-3.846961482359176898e-01
1.201320132013201203e+01,-3.846786886945636752e-01
1.201460146014601449e+01,-3.846611830498005702e-01
1.201600160016001517e+01,-3.846436306862273113e-01
1.201740174017401763e+01,-3.846260308639699588e-01
1.201880188018801832e+01,-3.846083828893824830e-01
1.202020202020202078e+01,-3.845906859502150610e-01
1.202160216021602146e+01,-3.845729394784598298e-01
1.202300230023002214e+01,-3.845551427016005164e-01
1.202440244024402460e+01,-3.845372948572247651e-01
1.202580258025802529e+01,-3.845193953033998469e-01
1.202720272027202775e+01,-3.845014432610156518e-01
1.202860286028602843e+01,-3.844834380542039298e-01
1.203000300030002911e+01,-3.844653789348626560e-01
1.203140314031403157e+01,-3.844472652573784899e-01
1.203280328032803226e+01,-3.844290962172891568e-01
1.203420342034203472e+01,-3.844108711756177854e-01
1.203560356035603540e+01,-3.843925893739879029e-01
1.203700370037003609e+01,-3.843742500352220759e-01
1.203840384038403855e+01,-3.843558525247203761e-01
1.203980398039803923e+01,-3.843373960946365742e-01
1.204120412041204169e+01,-3.843188800649102177e-01
1.204260426042604237e+01,-3.843003036430872044e-01
1.204400440044004306e+01,-3.842816661234849107e-01
1.204540454045404552e+01,-3.842629668080377314e-01
1.204680468046804620e+01,-3.842442049604528620e-01
1.204820482048204866e+01,-3.842253798938628506e-01
1.204960496049604934e+01,-3.842064907888413927e-01
1.205100510051005003e+01,-3.841875370485325902e-01
1.205240524052405249e+01,-3.841685178096980735e-01
1.205380538053805317e+01,-3.841494324453122999e-01
1.205520552055205563e+01,-3.841302802557748919e-01
1.205660566056605632e+01,-3.841110604134314599e-01
1.205800580058005700e+01,-3.840917722819341407e-01
1.205940594059405946e+01,-3.840724150347512023e-01
1.206080608060806014e+01,-3.840529880493050996e-01
1.206220622062206260e+01,-3.840334905357423168e-01
1.206360636063606329e+01,-3.840139217599158883e-01
1.206500650065006397e+01,-3.839942810237744197e-01
1.206640664066406643e+01,-3.839745675723094109e-01
1.206780678067806711e+01,-3.839547807531147328e-01
1.206920692069206957e+01,-3.839349197046857398e-01
1.207060706070607026e+01,-3.839149837332911375e-01
1.207200720072007094e+01,-3.838949722512126073e-01
1.207340734073407340e+01,-3.838748842776169568e-01
1.207480748074807408e+01,-3.838547193413859304e-01
1.207620762076207654e+01,-3.838344764507723994e-01
1.207760776077607723e+01,-3.838141550987757000e-01
1.207900790079007791e+01,-3.837937544257954414e-01
1.208040804080408037e+01,-3.837732736688366231e-01
1.208180818081808106e+01,-3.837527121981594291e-01
1.208320832083208352e+01,-3.837320692753962703e-01
1.208460846084608420e+01,-3.837113440986428259e-01
1.208600860086008488e+01,-3.836905359673181692e-01
1.208740874087408734e+01,-3.836696440470177549e-01
1.208880888088808803e+01,-3.836486677641346432e-01
1.209020902090209049e+01,-3.836276062902612694e-01
1.209160916091609117e+01,-3.836064589327037311e-01
1.209300930093009185e+01,-3.835852248770947881e-01
1.209440944094409431e+01,-3.835639034655855539e-01
1.209580958095809500e+01,-3.835424938931879524e-01
1.209720972097209746e+01,-3.835209954990546066e-01
1.209860986098609814e+01,-3.834994074744457748e-01
1.210001000100009882e+01,-3.834777291305613289e-01
1.210141014101410128e+01,-3.834559596498081646e-01
1.210281028102810197e+01,-3.834340984401336527e-01
1.210421042104210443e+01,-3.834121445950842144e-01
1.210561056105610511e+01,-3.833900974638027037e-01
1.210701070107010757e+01,-3.833679562732044133e-01
1.210841084108410826e+01,-3.833457203002978986e-01
1.210981098109810894e+01,-3.833233888127836053e-01
1.211121112111211140e+01,-3.833009610701196834e-01
1.211261126112611208e+01,-3.832784362824810387e-01
1.211401140114011454e+01,-3.832558137680450727e-01
1.211541154115411523e+01,-3.832330927397293863e-01
1.211681168116811591e+01,-3.832102724676644812e-01
1.211821182118211837e+01,-3.831873522268836041e-01
1.211961196119611905e+01,-3.831643312443304694e-01
1.212101210121012151e+01,-3.831412088785413061e-01
1.212241224122412220e+01,-3.831179842115375322e-01
1.212381238123812288e+01,-3.830946566100408290e-01
1.212521252125212534e+01,-3.830712252938752727e-01
1.212661266126612603e+01,-3.830476895271885951e-01
1.212801280128012849e+01,-3.830240486064298011e-01
1.212941294129412917e+01,-3.830003017364731477e-01
1.213081308130812985e+01,-3.829764481443191926e-01
1.213221322132213231e+01,-3.829524871848661860e-01
1.213361336133613300e+01,-3.829284180502270374e-01
1.213501350135013546e+01,-3.829042399818831655e-01
1.213641364136413614e+01,-3.828799522760277796e-01
1.213781378137813682e+01,-3.828555541025906450e-01
1.213921392139213928e+01,-3.828310448444938174e-01
1.214061406140613997e+01,-3.828064236272012977e-01
1.214201420142014243e+01,-3.827816897307485533e-01
1.214341434143414311e+01,-3.827568425011662612e-01
1.214481448144814379e+01,-3.827318811528641618e-01
1.214621462146214625e+01,-3.827068049004509476e-01
1.214761476147614694e+01,-3.826816129343626471e-01
1.214901490149014940e+01,-3.826563046620918840e-01
1.215041504150415008e+01,-3.826308792438766204e-01
1.215181518151815077e+01,-3.826053359691172773e-01
1.215321532153215323e+01,-3.825796740015618980e-01
1.215461546154615391e+01,-3.825538926928260253e-01
1.215601560156015637e+01,-3.825279913090611217e-01
1.215741574157415705e+01,-3.825019689589623795e-01
1.215881588158815774e+01,-3.824758250430164708e-01
1.216021602160216020e+01,-3.824495587670639907e-01
1.216161616161616088e+01,-3.824231693939168508e-01
1.216301630163016334e+01,-3.823966561112115414e-01
1.216441644164416402e+01,-3.823700182550737736e-01
1.216581658165816471e+01,-3.823432550346979042e-01
1.216721672167216717e+01,-3.823163656381751707e-01
1.216861686168616785e+01,-3.822893495046599810e-01
1.217001700170017031e+01,-3.822622056851088246e-01
1.217141714171417100e+01,-3.822349335595305320e-01
1.217281728172817168e+01,-3.822075322999012315e-01
1.217421742174217414e+01,-3.821800011256328844e-01
1.217561756175617482e+01,-3.821523394611432423e-01
1.217701770177017728e+01,-3.821245463959144217e-01
1.217841784178417797e+01,-3.820966212171157395e-01
1.217981798179817865e+01,-3.820685632273352894e-01
1.218121812181218111e+01,-3.820403715854183702e-01
1.218261826182618179e+01,-3.820120456515780916e-01
1.218401840184018425e+01,-3.819835846226879994e-01
1.218541854185418494e+01,-3.819549877424748274e-01
1.218681868186818562e+01,-3.819262542853465447e-01
1.218821882188218808e+01,-3.818973834876828732e-01
1.218961896189618876e+01,-3.818683745652862171e-01
1.219101910191019122e+01,-3.818392269017749641e-01
1.219241924192419191e+01,-3.818099395220713177e-01
1.219381938193819437e+01,-3.817805118791852692e-01
1.219521952195219505e+01,-3.817509432267627290e-01
1.219661966196619574e+01,-3.817212326489283214e-01
1.219801980198019820e+01,-3.816913795072736093e-01
1.219941994199419888e+01,-3.816613830320392253e-01
1.220082008200820134e+01,-3.816312425035590650e-01
1.220222022202220202e+01,-3.816009571991685334e-01
1.220362036203620271e+01,-3.815705262450848068e-01
1.220502050205020517e+01,-3.815399490527084936e-01
1.220642064206420585e+01,-3.815092247509852541e-01
1.220782078207820831e+01,-3.814783526202205621e-01
1.220922092209220899e+01,-3.814473319192046574e-01
1.221062106210620968e+01,-3.814161620053369006e-01
1.221202120212021214e+01,-3.813848419827650105e-01
1.221342134213421282e+01,-3.813533711625183287e-01
1.221482148214821528e+01,-3.813217488230833396e-01
1.221622162216221597e+01,-3.812899741292596900e-01
1.221762176217621665e+01,-3.812580464544055303e-01
1.221902190219021911e+01,-3.812259649902358660e-01
1.222042204220421979e+01,-3.811937289573705812e-01
1.222182218221822225e+01,-3.811613376798561603e-01
1.222322232223222294e+01,-3.811287903737223814e-01
1.222462246224622362e+01,-3.810960863940522358e-01
1.222602260226022608e+01,-3.810632247659242466e-01
1.222742274227422676e+01,-3.810302049105729338e-01
1.222882288228822922e+01,-3.809970260665522801e-01
1.223022302230222991e+01,-3.809636875002553325e-01
1.223162316231623059e+01,-3.809301884703018004e-01
1.223302330233023305e+01,-3.808965280821610122e-01
1.223442344234423373e+01,-3.808627058275249055e-01
1.223582358235823619e+01,-3.808287208345007002e-01
1.223722372237223688e+01,-3.807945723503252111e-01
1.223862386238623756e+01,-3.807602597030381730e-01
1.224002400240024002e+01,-3.807257820895415534e-01
1.224142414241424071e+01,-3.806911388000173702e-01
1.224282428242824317e+01,-3.806563290077633610e-01
1.224422442244224385e+01,-3.806213521532129107e-01
1.224562456245624453e+01,-3.805862072423309428e-01
1.224702470247024699e+01,-3.805508937475110542e-01
1.224842484248424768e+01,-3.805154109051755995e-01
1.224982498249825014e+01,-3.804797578300167515e-01
1.225122512251225082e+01,-3.804439339367604589e-01
1.225262526252625150e+01,-3.804079383867957631e-01
1.225402540254025396e+01,-3.803717705495586188e-01
1.225542554255425465e+01,-3.803354295735772439e-01
1.225682568256825711e+01,-3.802989147602602316e-01
1.225822582258225779e+01,-3.802622253285363740e-01
1.225962596259625847e+01,-3.802253606901473404e-01
1.226102610261026093e+01,-3.801883198720474866e-01
1.226242624262426162e+01,-3.801511023630013142e-01
1.226382638263826408e+01,-3.801137072873643774e-01
1.226522652265226476e+01,-3.800761339686573592e-01
1.226662666266626545e+01,-3.800383817029171496e-01
1.226802680268026791e+01,-3.800004495967925777e-01
1.226942694269426859e+01,-3.799623370764635411e-01
1.227082708270827105e+01,-3.799240433900763492e-01
1.227222722272227173e+01,-3.798855677011516718e-01
1.227362736273627419e+01,-3.798469094082292941e-01
1.227502750275027488e+01,-3.798080676600079642e-01
1.227642764276427556e+01,-3.797690418200261320e-01
1.227782778277827802e+01,-3.797298310897190277e-01
1.227922792279227870e+01,-3.796904347184124617e-01
1.228062806280628116e+01,-3.796508520816814780e-01
1.228202820282028185e+01,-3.796110823632119491e-01
1.228342834283428253e+01,-3.795711248817781325e-01
1.228482848284828499e+01,-3.795309788122693817e-01
1.228622862286228568e+01,-3.794906435387019883e-01
1.228762876287628814e+01,-3.794501182652396665e-01
1.228902890289028882e+01,-3.794094022797480648e-01
1.229042904290428950e+01,-3.793684949228151027e-01
1.229182918291829196e+01,-3.793273952866087484e-01
1.229322932293229265e+01,-3.792861028437499726e-01
1.229462946294629511e+01,-3.792446167260408174e-01
1.229602960296029579e+01,-3.792029363035425149e-01
1.229742974297429647e+01,-3.791610607663216115e-01
1.229882988298829893e+01,-3.791189894892852408e-01
1.230023002300229962e+01,-3.790767216512023197e-01
1.230163016301630208e+01,-3.790342566038589212e-01
1.230303030303030276e+01,-3.789915935813752412e-01
1.230443044304430344e+01,-3.789487319025539591e-01
1.230583058305830590e+01,-3.789056707427107540e-01
1.230723072307230659e+01,-3.788624095149089044e-01
1.230863086308630905e+01,-3.788189474240368781e-01
1.231003100310030973e+01,-3.787752837595803612e-01
1.231143114311431042e+01,-3.787314177841807350e-01
1.231283128312831288e+01,-3.786873487970012775e-01
1.231423142314231356e+01,-3.786430760925725281e-01
1.231563156315631602e+01,-3.785985989518394490e-01
1.231703170317031670e+01,-3.785539167194116317e-01
1.231843184318431739e+01,-3.785090285236805130e-01
1.231983198319831985e+01,-3.784639338053779056e-01
1.232123212321232053e+01,-3.784186317329698568e-01
1.232263226322632299e+01,-3.783731216602177483e-01
1.232403240324032367e+01,-3.783274028822631863e-01
1.232543254325432436e+01,-3.782814745698885872e-01
1.232683268326832682e+01,-3.782353362423265253e-01
1.232823282328232750e+01,-3.781889869457870645e-01
1.232963296329632996e+01,-3.781424260637180623e-01
1.233103310331033065e+01,-3.780956529634238450e-01
1.233243324332433133e+01,-3.780486667963742775e-01
1.233383338333833379e+01,-3.780014670186204739e-01
1.233523352335233447e+01,-3.779540527041973519e-01
1.233663366336633693e+01,-3.779064234125968369e-01
1.233803380338033762e+01,-3.778585781712706648e-01
1.233943394339433830e+01,-3.778105164638390079e-01
1.234083408340834076e+01,-3.777622375711047198e-01
1.234223422342234144e+01,-3.777137407103339228e-01
1.234363436343634390e+01,-3.776650252170838939e-01
1.234503450345034459e+01,-3.776160903171756900e-01
1.234643464346434527e+01,-3.775669354432409364e-01
1.234783478347834773e+01,-3.775175598264439714e-01
1.234923492349234841e+01,-3.774679627213828326e-01
1.235063506350635087e+01,-3.774181435038883592e-01
1.235203520352035156e+01,-3.773681014853451643e-01
1.235343534353435224e+01,-3.773178359384559144e-01
1.235483548354835470e+01,-3.772673461371596204e-01
1.235623562356235539e+01,-3.772166314141429666e-01
1.235763576357635785e+01,-3.771656910789573658e-01
1.235903590359035853e+01,-3.771145244354698889e-01
1.236043604360436099e+01,-3.770631307373690788e-01
1.236183618361836167e+01,-3.770115094344816953e-01
1.236323632363236236e+01,-3.769596597489623946e-01
1.236463646364636482e+01,-3.769075809303501501e-01
1.236603660366036550e+01,-3.768552723302747154e-01
1.236743674367436796e+01,-3.768027333104129184e-01
1.236883688368836864e+01,-3.767499632453024105e-01
1.237023702370236933e+01,-3.766969611851465061e-01
1.237163716371637179e+01,-3.766437267596671745e-01
1.237303730373037247e+01,-3.765902590555612051e-01
1.237443744374437493e+01,-3.765365575651742347e-01
1.237583758375837562e+01,-3.764826214497389856e-01
1.237723772377237630e+01,-3.764284500989703020e-01
1.237863786378637876e+01,-3.763740428988171516e-01
1.238003800380037944e+01,-3.763193990240552012e-01
1.238143814381438190e+01,-3.762645178940147161e-01
1.238283828382838259e+01,-3.762093988719215076e-01
1.238423842384238327e+01,-3.761540410766315290e-01
1.238563856385638573e+01,-3.760984441417747348e-01
1.238703870387038641e+01,-3.760426072126819008e-01
1.238843884388438887e+01,-3.759865295880757685e-01
1.238983898389838956e+01,-3.759302106144559730e-01
1.239123912391239024e+01,-3.758736496902201907e-01
1.239263926392639270e+01,-3.758168461257866966e-01
1.239403940394039338e+01,-3.757597991798036219e-01
1.239543954395439584e+01,-3.757025082775982128e-01
1.239683968396839653e+01,-3.756449726733421812e-01
1.239823982398239721e+01,-3.755871917904869406e-01
1.239963996399639967e+01,-3.755291648474496924e-01
1.240104010401040036e+01,-3.754708912848769842e-01
1.240244024402440282e+01,-3.754123704338923062e-01
1.240384038403840350e+01,-3.753536015808549564e-01
1.240524052405240418e+01,-3.752945841075785438e-01
1.240664066406640664e+01,-3.752353173143347931e-01
1.240804080408040733e+01,-3.751758006360574882e-01
1.240944094409440979e+01,-3.751160332298155708e-01
1.241084108410841047e+01,-3.750560146716708232e-01
1.241224122412241115e+01,-3.749957441000617564e-01
1.241364136413641361e+01,-3.749352210301708510e-01
1.241504150415041430e+01,-3.748744447387366563e-01
1.241644164416441676e+01,-3.748134144804708967e-01
1.241784178417841744e+01,-3.747521297708971133e-01
1.241924192419241813e+01,-3.746905898983214911e-01
1.242064206420642059e+01,-3.746287941722101777e-01
1.242204220422042127e+01,-3.745667420342471132e-01
1.242344234423442373e+01,-3.745044327576891874e-01
1.242484248424842441e+01,-3.744418657772570214e-01
1.242624262426242510e+01,-3.743790403258770993e-01
1.242764276427642756e+01,-3.743159559178508289e-01
1.242904290429042824e+01,-3.742526118100215626e-01
1.243044304430443070e+01,-3.741890073695515184e-01
1.243184318431843138e+01,-3.741251419567674930e-01
1.243324332433243207e+01,-3.740610150301932890e-01
1.243464346434643453e+01,-3.739966258890490280e-01
1.243604360436043521e+01,-3.739319738520947567e-01
1.243744374437443767e+01,-3.738670584070433733e-01
1.243884388438843835e+01,-3.738018788421726413e-01
1.244024402440244081e+01,-3.737364345309401870e-01
1.244164416441644150e+01,-3.736707248089459199e-01
1.244304430443044218e+01,-3.736047492051284280e-01
1.244444444444444464e+01,-3.735385068353025417e-01
1.244584458445844533e+01,-3.734719973216158451e-01
1.244724472447244779e+01,-3.734052199632031943e-01
1.244864486448644847e+01,-3.733381740527619286e-01
1.245004500450044915e+01,-3.732708591262223763e-01
1.245144514451445161e+01,-3.732032744096756005e-01
1.245284528452845230e+01,-3.731354193954388165e-01
1.245424542454245476e+01,-3.730672934636203308e-01
1.245564556455645544e+01,-3.729988959460541764e-01
1.245704570457045612e+01,-3.729302262672575807e-01
1.245844584458445858e+01,-3.728612837717264483e-01
1.245984598459845927e+01,-3.727920679249479008e-01
1.246124612461246173e+01,-3.727225780371412611e-01
1.246264626462646241e+01,-3.726528134972539874e-01
1.246404640464046309e+01,-3.725827738518461274e-01
1.246544654465446555e+01,-3.725124582985586130e-01
1.246684668466846624e+01,-3.724418663721991152e-01
1.246824682468246870e+01,-3.723709974459410432e-01
1.246964696469646938e+01,-3.722998509135777567e-01
1.247104710471047007e+01,-3.722284260907287035e-01
1.247244724472447253e+01,-3.721567225510966637e-01
1.247384738473847321e+01,-3.720847395637036925e-01
1.247524752475247567e+01,-3.720124765595471672e-01
1.247664766476647635e+01,-3.719399330411903293e-01
1.247804780478047704e+01,-3.718671082946372053e-01
1.247944794479447950e+01,-3.717940017534431263e-01
1.248084808480848018e+01,-3.717206129497157008e-01
1.248224822482248264e+01,-3.716469412012770590e-01
1.248364836483648332e+01,-3.715729858734420077e-01
1.248504850485048401e+01,-3.714987464463774813e-01
1.248644864486448647e+01,-3.714242223975503521e-01
1.248784878487848715e+01,-3.713494129853955883e-01
1.248924892489248961e+01,-3.712743177840565068e-01
1.249064906490649030e+01,-3.711989362397218883e-01
1.249204920492049098e+01,-3.711232675935320913e-01
1.249344934493449344e+01,-3.710473114612966583e-01
1.249484948494849412e+01,-3.709710671470958232e-01
1.249624962496249658e+01,-3.708945342322778060e-01
1.249764976497649727e+01,-3.708177120184501518e-01
1.249904990499049795e+01,-3.707405999102491023e-01
1.250045004500450041e+01,-3.706631974548031394e-01
1.250185018501850109e+01,-3.705855040863355043e-01
1.250325032503250355e+01,-3.705075190852937794e-01
1.250465046504650424e+01,-3.704292420760424420e-01
1.250605060506050492e+01,-3.703506724789775717e-01
1.250745074507450738e+01,-3.702718096948132143e-01
1.250885088508850806e+01,-3.701926531097967654e-01
1.251025102510251052e+01,-3.701132022579969316e-01
1.251165116511651121e+01,-3.700334565265279707e-01
1.251305130513051189e+01,-3.699534154737875724e-01
1.251445144514451435e+01,-3.698730785364148232e-01
1.251585158515851504e+01,-3.697924449333953589e-01
1.251725172517251750e+01,-3.697115143989577746e-01
1.251865186518651818e+01,-3.696302863303344566e-01
1.252005200520051886e+01,-3.695487600880511536e-01
1.252145214521452132e+01,-3.694669352971260423e-01
1.252285228522852201e+01,-3.693848112555855323e-01
1.252425242524252447e+01,-3.693023876513876758e-01
1.252565256525652515e+01,-3.692196635945776961e-01
1.252705270527052761e+01,-3.691366387957941697e-01
1.252845284528452829e+01,-3.690533128087309933e-01
1.252985298529852898e+01,-3.689696849095440712e-01
1.253125312531253144e+01,-3.688857546134869381e-01
1.253265326532653212e+01,-3.688015215122248946e-01
1.253405340534053458e+01,-3.687169850241502900e-01
1.253545354535453527e+01,-3.686321445642022354e-01
1.253685368536853595e+01,-3.685469997971040357e-01
1.253825382538253841e+01,-3.684615499406760364e-01
1.253965396539653909e+01,-3.683757945943995082e-01
1.254105410541054155e+01,-3.682897333356436320e-01
1.254245424542454224e+01,-3.682033656514533959e-01
1.254385438543854292e+01,-3.681166908642552471e-01
1.254525452545254538e+01,-3.680297086415293961e-01
1.254665466546654606e+01,-3.679424184297488409e-01
1.254805480548054852e+01,-3.678548197347168980e-01
1.254945494549454921e+01,-3.677669120035886863e-01
1.255085508550854989e+01,-3.676786947889496560e-01
1.255225522552255235e+01,-3.675901674431116817e-01
1.255365536553655303e+01,-3.675013298185518806e-01
1.255505550555055549e+01,-3.674121810376504982e-01
1.255645564556455618e+01,-3.673227208624325613e-01
1.255785578557855686e+01,-3.672329486580423463e-01
1.255925592559255932e+01,-3.671428641440854790e-01
1.256065606560656001e+01,-3.670524665962062727e-01
1.256205620562056247e+01,-3.669617556616344700e-01
1.256345634563456315e+01,-3.668707308452923144e-01
1.256485648564856383e+01,-3.667793916041404145e-01
1.256625662566256629e+01,-3.666877375664370220e-01
1.256765676567656698e+01,-3.665957681272544733e-01
1.256905690569056944e+01,-3.665034829669622241e-01
1.257045704570457012e+01,-3.664108816249580514e-01
1.257185718571857080e+01,-3.663179633864217521e-01
1.257325732573257326e+01,-3.662247280866068877e-01
1.257465746574657395e+01,-3.661311750534252951e-01
1.257605760576057641e+01,-3.660373039191711086e-01
1.257745774577457709e+01,-3.659431142655193980e-01
1.257885788578857778e+01,-3.658486055157084138e-01
1.258025802580258024e+01,-3.657537773541861270e-01
1.258165816581658092e+01,-3.656586291441072945e-01
1.258305830583058338e+01,-3.655631606331297689e-01
1.258445844584458406e+01,-3.654673711792355562e-01
1.258585858585858475e+01,-3.653712605456149731e-01
1.258725872587258721e+01,-3.652748280762523336e-01
1.258865886588658789e+01,-3.651780735056036065e-01
1.259005900590059035e+01,-3.650809963596088892e-01
1.259145914591459103e+01,-3.649835961155218911e-01
1.259285928592859172e+01,-3.648858724139643073e-01
1.259425942594259418e+01,-3.647878246782028100e-01
1.259565956595659486e+01,-3.646894527478394821e-01
1.259705970597059732e+01,-3.645907560425172278e-01
1.259845984598459800e+01,-3.644917340232609604e-01
1.259985998599859869e+01,-3.643923864874523133e-01
1.260126012601260115e+01,-3.642927129017010657e-01
1.260266026602660183e+01,-3.641927127573154621e-01
1.260406040604060429e+01,-3.640923858140183711e-01
1.260546054605460498e+01,-3.639917314731491160e-01
1.260686068606860566e+01,-3.638907495755887567e-01
1.260826082608260812e+01,-3.637894394565819312e-01
1.260966096609660880e+01,-3.636878008707071785e-01
1.261106110611061126e+01,-3.635858333178418889e-01
1.261246124612461195e+01,-3.634835363459956170e-01
1.261386138613861441e+01,-3.633809097640181562e-01
1.261526152615261509e+01,-3.632779529418428410e-01
1.261666166616661577e+01,-3.631746657577394899e-01
1.261806180618061823e+01,-3.630710475384972824e-01
1.261946194619461892e+01,-3.629670979435672962e-01
1.262086208620862138e+01,-3.628628167487732981e-01
1.262226222622262206e+01,-3.627582033603999889e-01
1.262366236623662274e+01,-3.626532575688798943e-01
1.262506250625062520e+01,-3.625479789103565054e-01
1.262646264626462589e+01,-3.624423669887306687e-01
1.262786278627862835e+01,-3.623364214929978289e-01
1.262926292629262903e+01,-3.622301419921996057e-01
1.263066306630662972e+01,-3.621235281512724669e-01
1.263206320632063218e+01,-3.620165795524599162e-01
1.263346334633463286e+01,-3.619092958718681530e-01
1.263486348634863532e+01,-3.618016767302236758e-01
1.263626362636263600e+01,-3.616937217018261208e-01
1.263766376637663669e+01,-3.615854306548413888e-01
1.263906390639063915e+01,-3.614768028933355026e-01
1.264046404640463983e+01,-3.613678382327520922e-01
1.264186418641864229e+01,-3.612585363804328153e-01
1.264326432643264297e+01,-3.611488969562941520e-01
1.264466446644664366e+01,-3.610389196142733681e-01
1.264606460646064612e+01,-3.609286038879417902e-01
1.264746474647464680e+01,-3.608179495244456803e-01
1.264886488648864926e+01,-3.607069562680038644e-01
1.265026502650264995e+01,-3.605956236601031151e-01
1.265166516651665063e+01,-3.604839514393063382e-01
1.265306530653065309e+01,-3.603719392600908122e-01
1.265446544654465377e+01,-3.602595866660038837e-01
1.265586558655865623e+01,-3.601468935493841173e-01
1.265726572657265692e+01,-3.600338594071956777e-01
1.265866586658665760e+01,-3.599204840523810844e-01
1.266006600660066006e+01,-3.598067670366305038e-01
1.266146614661466074e+01,-3.596927080740215388e-01
1.266286628662866320e+01,-3.595783069886238081e-01
1.266426642664266389e+01,-3.594635633417766485e-01
1.266566656665666457e+01,-3.593484767929311374e-01
1.266706670667066703e+01,-3.592330470462457015e-01
1.266846684668466771e+01,-3.591172740112824613e-01
1.266986698669867017e+01,-3.590011571049984695e-01
1.267126712671267086e+01,-3.588846960879692460e-01
1.267266726672667154e+01,-3.587678908347129436e-01
1.267406740674067400e+01,-3.586507409211918684e-01
1.267546754675467469e+01,-3.585332460067434113e-01
1.267686768676867715e+01,-3.584154058392527986e-01
1.267826782678267783e+01,-3.582972203005141409e-01
1.267966796679667851e+01,-3.581786888982492201e-01
1.268106810681068097e+01,-3.580598114261732690e-01
1.268246824682468166e+01,-3.579405875997849762e-01
1.268386838683868412e+01,-3.578210172165228187e-01
1.268526852685268480e+01,-3.577010998633909367e-01
1.268666866686668548e+01,-3.575808353429863473e-01
1.268806880688068794e+01,-3.574602235301540532e-01
1.268946894689468863e+01,-3.573392640032864165e-01
1.269086908690869109e+01,-3.572179564271067420e-01
1.269226922692269177e+01,-3.570963007429810432e-01
1.269366936693669423e+01,-3.569742965026847514e-01
1.269506950695069492e+01,-3.568519437185528886e-01
1.269646964696469560e+01,-3.567292418846790270e-01
1.269786978697869806e+01,-3.566061907567927847e-01
1.269926992699269874e+01,-3.564827903342830950e-01
1.270067006700670120e+01,-3.563590401471685709e-01
1.270207020702070189e+01,-3.562349400188509208e-01
1.270347034703470257e+01,-3.561104898935383289e-01
1.270487048704870503e+01,-3.559856892100015102e-01
1.270627062706270571e+01,-3.558605380113846195e-01
1.270767076707670817e+01,-3.557350359627662328e-01
1.270907090709070886e+01,-3.556091828358063367e-01
1.271047104710470954e+01,-3.554829783841029212e-01
1.271187118711871200e+01,-3.553564223592076132e-01
1.271327132713271268e+01,-3.552295147305102319e-01
1.271467146714671514e+01,-3.551022552072709004e-01
1.271607160716071583e+01,-3.549746435153622315e-01
1.271747174717471651e+01,-3.548466795243001570e-01
1.271887188718871897e+01,-3.547183628805896660e-01
1.272027202720271966e+01,-3.545896935249004400e-01
1.272167216721672212e+01,-3.544606713169002887e-01
1.272307230723072280e+01,-3.543312958369853050e-01
1.272447244724472348e+01,-3.542015671755223138e-01
1.272587258725872594e+01,-3.540714849168722367e-01
1.272727272727272663e+01,-3.539410489585179675e-01
1.272867286728672909e+01,-3.538102591342777714e-01
1.273007300730072977e+01,-3.536791153194371873e-01
1.273147314731473045e+01,-3.535476172417162388e-01
1.273287328732873291e+01,-3.534157645851507823e-01
1.273427342734273360e+01,-3.532835575949775375e-01
1.273567356735673606e+01,-3.531509957808083300e-01
1.273707370737073674e+01,-3.530180790917398781e-01
1.273847384738473743e+01,-3.528848071978814005e-01
1.273987398739873989e+01,-3.527511801855496287e-01
1.274127412741274057e+01,-3.526171978353005443e-01
1.274267426742674303e+01,-3.524828598613822805e-01
1.274407440744074371e+01,-3.523481662602421238e-01
1.274547454745474440e+01,-3.522131168965501047e-01
1.274687468746874686e+01,-3.520777114784294781e-01
1.274827482748274754e+01,-3.519419499423435127e-01
1.274967496749675000e+01,-3.518058322461712351e-01
1.275107510751075068e+01,-3.516693580664309593e-01
1.275247524752475137e+01,-3.515325275762393176e-01
1.275387538753875383e+01,-3.513953403818561583e-01
1.275527552755275451e+01,-3.512577962812599708e-01
1.275667566756675697e+01,-3.511198954524843430e-01
1.275807580758075765e+01,-3.509816375422900592e-01
1.275947594759475834e+01,-3.508430225641347988e-01
1.276087608760876080e+01,-3.507040503982779001e-01
1.276227622762276148e+01,-3.505647210291868987e-01
1.276367636763676394e+01,-3.504250340466938951e-01
1.276507650765076463e+01,-3.502849896132289587e-01
1.276647664766476531e+01,-3.501445875421751452e-01
1.276787678767876777e+01,-3.500038277799717434e-01
1.276927692769276845e+01,-3.498627101585469745e-01
1.277067706770677091e+01,-3.497212346003806260e-01
1.277207720772077160e+01,-3.495794009981523232e-01
1.277347734773477228e+01,-3.494372095205733331e-01
1.277487748774877474e+01,-3.492946598484110154e-01
1.277627762776277542e+01,-3.491517518488223004e-01
1.277767776777677788e+01,-3.490084856532291724e-01
1.277907790779077857e+01,-3.488648611106839326e-01
1.278047804780478103e+01,-3.487208780681783082e-01
1.278187818781878171e+01,-3.485765365119846138e-01
1.278327832783278240e+01,-3.484318364377969601e-01
1.278467846784678486e+01,-3.482867777636613482e-01
1.278607860786078554e+01,-3.481413604376655258e-01
1.278747874787478800e+01,-3.479955844314446267e-01
1.278887888788878868e+01,-3.478494496134061365e-01
1.279027902790278937e+01,-3.477029559926450020e-01
1.279167916791679183e+01,-3.475561036076157961e-01
1.279307930793079251e+01,-3.474088923249354366e-01
1.279447944794479497e+01,-3.472613221186549026e-01
1.279587958795879565e+01,-3.471133929989491662e-01
1.279727972797279634e+01,-3.469651048191764175e-01
1.279867986798679880e+01,-3.468164578412284982e-01
1.280008000800079948e+01,-3.466674517195258431e-01
1.280148014801480194e+01,-3.465180865467090143e-01
1.280288028802880262e+01,-3.463683625574134339e-01
1.280428042804280331e+01,-3.462182794482231429e-01
1.280568056805680577e+01,-3.460678371496754835e-01
1.280708070807080645e+01,-3.459170359561909436e-01
1.280848084808480891e+01,-3.457658756633605890e-01
1.280988098809880960e+01,-3.456143562962097349e-01
1.281128112811281028e+01,-3.454624779191561856e-01
1.281268126812681274e+01,-3.453102405336210268e-01
1.281408140814081342e+01,-3.451576441348720437e-01
1.281548154815481588e+01,-3.450046887376174709e-01
1.281688168816881657e+01,-3.448513744053087748e-01
1.281828182818281725e+01,-3.446977012293501730e-01
1.281968196819681971e+01,-3.445436690196288509e-01
1.282108210821082039e+01,-3.443892779534820647e-01
1.282248224822482285e+01,-3.442345280934375751e-01
1.282388238823882354e+01,-3.440794193788008215e-01
1.282528252825282422e+01,-3.439239518829140252e-01
1.282668266826682668e+01,-3.437681257485820652e-01
1.282808280828082736e+01,-3.436119408149380661e-01
1.282948294829482982e+01,-3.434553974731500148e-01
1.283088308830883051e+01,-3.432984953785052085e-01
1.283228322832283119e+01,-3.431412349287086272e-01
1.283368336833683365e+01,-3.429836159975252485e-01
1.283508350835083434e+01,-3.428256387699377683e-01
1.283648364836483680e+01,-3.426673032022335974e-01
1.283788378837883748e+01,-3.425086093429712264e-01
1.283928392839283816e+01,-3.423495575749626596e-01
1.284068406840684062e+01,-3.421901475517188373e-01
1.284208420842084131e+01,-3.420303796123675966e-01
1.284348434843484377e+01,-3.418702537734361613e-01
1.284488448844884445e+01,-3.417097702378555368e-01
1.284628462846284513e+01,-3.415489289721449495e-01
1.284768476847684759e+01,-3.413877300751977373e-01
1.284908490849084828e+01,-3.412261736812070012e-01
1.285048504850485074e+01,-3.410642600085509457e-01
1.285188518851885142e+01,-3.409019889588051910e-01
1.285328532853285211e+01,-3.407393607341475672e-01
1.285468546854685457e+01,-3.405763756374540208e-01
1.285608560856085525e+01,-3.404130334343875575e-01
1.285748574857485771e+01,-3.402493345227384225e-01
1.285888588858885839e+01,-3.400852788845440955e-01
1.286028602860285908e+01,-3.399208669408579908e-01
1.286168616861686154e+01,-3.397560984150231889e-01
1.286308630863086222e+01,-3.395909736911875143e-01
1.286448644864486468e+01,-3.394254927890756335e-01
1.286588658865886536e+01,-3.392596560998555333e-01
1.286728672867286782e+01,-3.390934634364271005e-01
1.286868686868686851e+01,-3.389269152840483912e-01
1.287008700870086919e+01,-3.387600113641866528e-01
1.287148714871487165e+01,-3.385927524649900988e-01
1.287288728872887233e+01,-3.384251381958307547e-01
1.287428742874287479e+01,-3.382571688817250788e-01
1.287568756875687548e+01,-3.380888449319741085e-01
1.287708770877087616e+01,-3.379201662392290473e-01
1.287848784878487862e+01,-3.377511330966456171e-01
1.287988798879887931e+01,-3.375817455938090461e-01
1.288128812881288177e+01,-3.374120040658397102e-01
1.288268826882688245e+01,-3.372419086506113217e-01
1.288408840884088313e+01,-3.370714596249655415e-01
1.288548854885488559e+01,-3.369006569277530616e-01
1.288688868886888628e+01,-3.367295009677917506e-01
1.288828882888288874e+01,-3.365579920039039052e-01
1.288968896889688942e+01,-3.363861300749135808e-01
1.289108910891089010e+01,-3.362139155978667304e-01
1.289248924892489256e+01,-3.360413485377620191e-01
1.289388938893889325e+01,-3.358684293860250136e-01
1.289528952895289571e+01,-3.356951581477432001e-01
1.289668966896689639e+01,-3.355215352464426815e-01
1.289808980898089708e+01,-3.353475607271434455e-01
1.289948994899489954e+01,-3.351732350393916704e-01
1.290089008900890022e+01,-3.349985581183574368e-01
1.290229022902290268e+01,-3.348235304814295432e-01
1.290369036903690336e+01,-3.346481522464728187e-01
1.290509050905090405e+01,-3.344724238865524057e-01
1.290649064906490651e+01,-3.342963453615226399e-01
1.290789078907890719e+01,-3.341199170083086756e-01
1.290929092909290965e+01,-3.339431393433471840e-01
1.291069106910691033e+01,-3.337660122237480209e-01
1.291209120912091102e+01,-3.335885362066761672e-01
1.291349134913491348e+01,-3.334107114728368515e-01
1.291489148914891416e+01,-3.332325385017753661e-01
1.291629162916291662e+01,-3.330540172362219664e-01
1.291769176917691730e+01,-3.328751481469112150e-01
1.291909190919091799e+01,-3.326959316007531697e-01
1.292049204920492045e+01,-3.325163676459368389e-01
1.292189218921892113e+01,-3.323364568113760242e-01
1.292329232923292359e+01,-3.321561993857358175e-01
1.292469246924692428e+01,-3.319755956851935252e-01
1.292609260926092496e+01,-3.317946458338383309e-01
1.292749274927492742e+01,-3.316133501991203048e-01
1.292889288928892810e+01,-3.314317094695553578e-01
1.293029302930293056e+01,-3.312497236047136084e-01
1.293169316931693125e+01,-3.310673928911143094e-01
1.293309330933093193e+01,-3.308847177615916735e-01
1.293449344934493439e+01,-3.307016987063349234e-01
1.293589358935893507e+01,-3.305183358069143651e-01
1.293729372937293753e+01,-3.303346296630564893e-01
1.293869386938693822e+01,-3.301505804264621702e-01
1.294009400940093890e+01,-3.299661885192222144e-01
1.294149414941494136e+01,-3.297814543978887514e-01
1.294289428942894205e+01,-3.295963783193940344e-01
1.294429442944294451e+01,-3.294109605124759810e-01
1.294569456945694519e+01,-3.292252015272936205e-01
1.294709470947094765e+01,-3.290391017451241851e-01
1.294849484948494833e+01,-3.288526615491775829e-01
1.294989498949894902e+01,-3.286658812594822621e-01
1.295129512951295148e+01,-3.284787611067798707e-01
1.295269526952695216e+01,-3.282913017236808173e-01
1.295409540954095462e+01,-3.281035033541712664e-01
1.295549554955495530e+01,-3.279153666060494743e-01
1.295689568956895599e+01,-3.277268918397595598e-01
1.295829582958295845e+01,-3.275380792160262899e-01
1.295969596959695913e+01,-3.273489292489557556e-01
1.296109610961096159e+01,-3.271594422548105285e-01
1.296249624962496227e+01,-3.269696190527895396e-01
1.296389638963896296e+01,-3.267794597268505186e-01
1.296529652965296542e+01,-3.265889647603756885e-01
1.296669666966696610e+01,-3.263981345925373034e-01
1.296809680968096856e+01,-3.262069696674245733e-01
1.296949694969496925e+01,-3.260154704794473446e-01
1.297089708970896993e+01,-3.258236373505241090e-01
1.297229722972297239e+01,-3.256314708263516877e-01
1.297369736973697307e+01,-3.254389713572436449e-01
1.297509750975097553e+01,-3.252461393651913113e-01
1.297649764976497622e+01,-3.250529753304363112e-01
1.297789778977897690e+01,-3.248594796259709483e-01
1.297929792979297936e+01,-3.246656528540938780e-01
1.298069806980698004e+01,-3.244714953289218329e-01
1.298209820982098250e+01,-3.242770077065557643e-01
1.298349834983498319e+01,-3.240821903170569840e-01
1.298489848984898387e+01,-3.238870438250103234e-01
1.298629862986298633e+01,-3.236915685111370067e-01
1.298769876987698701e+01,-3.234957649516587708e-01
1.298909890989098948e+01,-3.232996338635274469e-01
1.299049904990499016e+01,-3.231031754023661051e-01
1.299189918991899084e+01,-3.229063901022186656e-01
1.299329932993299330e+01,-3.227092787216463421e-01
1.299469946994699399e+01,-3.225118416405905464e-01
1.299609960996099645e+01,-3.223140793243572944e-01
1.299749974997499713e+01,-3.221159922461538372e-01
1.299889988998899781e+01,-3.219175811680372590e-01
1.300030003000300027e+01,-3.217188464525833069e-01
1.300170017001700096e+01,-3.215197887305549784e-01
1.300310031003100342e+01,-3.213204083392753319e-01
1.300450045004500410e+01,-3.211207062747121199e-01
1.300590059005900478e+01,-3.209206824539023728e-01
1.300730073007300724e+01,-3.207203379143379607e-01
1.300870087008700793e+01,-3.205196729550436885e-01
1.301010101010101039e+01,-3.203186882801247748e-01
1.301150115011501107e+01,-3.201173845139777541e-01
1.301290129012901176e+01,-3.199157619034593836e-01
1.301430143014301422e+01,-3.197138214662800237e-01
1.301570157015701490e+01,-3.195115633496641294e-01
1.301710171017101736e+01,-3.193089883601771817e-01
1.301850185018501804e+01,-3.191060972305876930e-01
1.301990199019901873e+01,-3.189028903959183481e-01
1.302130213021302119e+01,-3.186993683599581573e-01
1.302270227022702187e+01,-3.184955318127578039e-01
1.302410241024102433e+01,-3.182913813052437035e-01
1.302550255025502501e+01,-3.180869174453988535e-01
1.302690269026902570e+01,-3.178821411146373066e-01
1.302830283028302816e+01,-3.176770526024057517e-01
1.302970297029702884e+01,-3.174716525106191511e-01
1.303110311031103130e+01,-3.172659416298273527e-01
1.303250325032503198e+01,-3.170599206670772219e-01
1.303390339033903444e+01,-3.168535901223492601e-01
1.303530353035303513e+01,-3.166469507164180186e-01
1.303670367036703581e+01,-3.164400030393323959e-01
1.303810381038103827e+01,-3.162327475376969232e-01
1.303950395039503896e+01,-3.160251850747641811e-01
1.304090409040904142e+01,-3.158173166184639058e-01
1.304230423042304210e+01,-3.156091420966902206e-01
1.304370437043704278e+01,-3.154006628699050907e-01
1.304510451045104524e+01,-3.151918793643773142e-01
1.304650465046504593e+01,-3.149827919125272047e-01
1.304790479047904839e+01,-3.147734017245795712e-01
1.304930493049304907e+01,-3.145637092059700990e-01
1.305070507050704975e+01,-3.143537150424435822e-01
1.305210521052105221e+01,-3.141434201216526390e-01
1.305350535053505290e+01,-3.139328248797852439e-01
1.305490549054905536e+01,-3.137219300613196538e-01
1.305630563056305604e+01,-3.135107365982747751e-01
1.305770577057705673e+01,-3.132992447845452944e-01
1.305910591059105919e+01,-3.130874559504093213e-01
1.306050605060505987e+01,-3.128753700833044604e-01
1.306190619061906233e+01,-3.126629885586282853e-01
1.306330633063306301e+01,-3.124503117559811471e-01
1.306470647064706370e+01,-3.122373406012570740e-01
1.306610661066106616e+01,-3.120240754136318628e-01
1.306750675067506684e+01,-3.118105175088174974e-01
1.306890689068906930e+01,-3.115966670799110716e-01
1.307030703070306998e+01,-3.113825253088293721e-01
1.307170717071707067e+01,-3.111680928596598505e-01
1.307310731073107313e+01,-3.109533703493809753e-01
1.307450745074507381e+01,-3.107383585217746713e-01
1.307590759075907627e+01,-3.105230583865079552e-01
1.307730773077307695e+01,-3.103074703315655825e-01
1.307870787078707764e+01,-3.100915957213032925e-01
1.308010801080108010e+01,-3.098754346523833192e-01
1.308150815081508078e+01,-3.096589885557676780e-01
1.308290829082908324e+01,-3.094422576480724274e-01
1.308430843084308393e+01,-3.092252431442545912e-01
1.308570857085708461e+01,-3.090079456346472853e-01
1.308710871087108707e+01,-3.087903659321256100e-01
1.308850885088508775e+01,-3.085725049386383034e-01
1.308990899089909021e+01,-3.083543634845966608e-01
1.309130913091309090e+01,-3.081359422146334737e-01
1.309270927092709158e+01,-3.079172419248124015e-01
1.309410941094109404e+01,-3.076982637775813600e-01
1.309550955095509472e+01,-3.074790082488760845e-01
1.309690969096909718e+01,-3.072594764077933860e-01
1.309830983098309787e+01,-3.070396689598595685e-01
1.309970997099709855e+01,-3.068195868057301823e-01
1.310111011101110101e+01,-3.065992308221581197e-01
1.310251025102510170e+01,-3.063786017638108206e-01
1.310391039103910416e+01,-3.061577005871356505e-01
1.310531053105310484e+01,-3.059365283029933380e-01
1.310671067106710552e+01,-3.057150852585266421e-01
1.310811081108110798e+01,-3.054933728608943966e-01
1.310951095109510867e+01,-3.052713917599874094e-01
1.311091109110911113e+01,-3.050491428351591594e-01
1.311231123112311181e+01,-3.048266269965296260e-01
1.311371137113711249e+01,-3.046038450888914895e-01
1.311511151115111495e+01,-3.043807981383679362e-01
1.311651165116511564e+01,-3.041574869395873293e-01
1.311791179117911810e+01,-3.039339124860163110e-01
1.311931193119311878e+01,-3.037100754505814848e-01
1.312071207120712124e+01,-3.034859770836959569e-01
1.312211221122112192e+01,-3.032616178784195426e-01
1.312351235123512261e+01,-3.030369992900290299e-01
1.312491249124912507e+01,-3.028121220311703610e-01
1.312631263126312575e+01,-3.025869866429360400e-01
1.312771277127712821e+01,-3.023615945953253004e-01
1.312911291129112890e+01,-3.021359465555519819e-01
1.313051305130512958e+01,-3.019100436264920972e-01
1.313191319131913204e+01,-3.016838865331266106e-01
1.313331333133313272e+01,-3.014574763594453088e-01
1.313471347134713518e+01,-3.012308142997284222e-01
1.313611361136113587e+01,-3.010039006542797324e-01
1.313751375137513655e+01,-3.007767371980065718e-01
1.313891389138913901e+01,-3.005493242787338204e-01
1.314031403140313969e+01,-3.003216633764651533e-01
1.314171417141714215e+01,-3.000937548522983889e-01
1.314311431143114284e+01,-2.998656004811977027e-01
1.314451445144514352e+01,-2.996372006337821858e-01
1.314591459145914598e+01,-2.994085564873074645e-01
1.314731473147314667e+01,-2.991796690981942675e-01
1.314871487148714913e+01,-2.989505393964435598e-01
1.315011501150114981e+01,-2.987211683416006736e-01
1.315151515151515049e+01,-2.984915571094859388e-01
1.315291529152915295e+01,-2.982617065639630027e-01
1.315431543154315364e+01,-2.980316179035611412e-01
1.315571557155715610e+01,-2.978012920479500281e-01
1.315711571157115678e+01,-2.975707300574441661e-01
1.315851585158515746e+01,-2.973399329348183073e-01
1.315991599159915992e+01,-2.971089016966175222e-01
1.316131613161316061e+01,-2.968776373149069059e-01
1.316271627162716307e+01,-2.966461411614176313e-01
1.316411641164116375e+01,-2.964144140269269201e-01
1.316551655165516443e+01,-2.961824569248250327e-01
1.316691669166916689e+01,-2.959502712810717640e-01
1.316831683168316758e+01,-2.957178576752710342e-01
1.316971697169717004e+01,-2.954852174201363368e-01
1.317111711171117072e+01,-2.952523516501770473e-01
1.317251725172517141e+01,-2.950192613663631391e-01
1.317391739173917387e+01,-2.947859477993262090e-01
1.317531753175317455e+01,-2.945524117707094547e-01
1.317671767176717701e+01,-2.943186546300609052e-01
1.317811781178117769e+01,-2.940846774505558869e-01
1.317951795179517838e+01,-2.938504811473734435e-01
1.318091809180918084e+01,-2.936160669318468308e-01
1.318231823182318152e+01,-2.933814357913462345e-01
1.318371837183718398e+01,-2.931465894722151688e-01
1.318511851185118466e+01,-2.929115280857530479e-01
1.318651865186518535e+01,-2.926762537266824893e-01
1.318791879187918781e+01,-2.924407668751740630e-01
1.318931893189318849e+01,-2.922050689869450935e-01
1.319071907190719095e+01,-2.919691610199066645e-01
1.319211921192119163e+01,-2.917330445307015907e-01
1.319351935193519232e+01,-2.914967199963456324e-01
1.319491949194919478e+01,-2.912601889933057464e-01
1.319631963196319546e+01,-2.910234526763986196e-01
1.319771977197719792e+01,-2.907865123268891239e-01
1.319911991199119861e+01,-2.905493688295166521e-01
1.320052005200520107e+01,-2.903120233628158076e-01
1.320192019201920175e+01,-2.900744774674279824e-01
1.320332033203320243e+01,-2.898367320863997065e-01
1.320472047204720489e+01,-2.895987883127588702e-01
1.320612061206120558e+01,-2.893606474581105203e-01
1.320752075207520804e+01,-2.891223107764346878e-01
1.320892089208920872e+01,-2.888837794376399870e-01
1.321032103210320940e+01,-2.886450544375662730e-01
1.321172117211721186e+01,-2.884061371404271767e-01
1.321312131213121255e+01,-2.881670291454128119e-01
1.321452145214521501e+01,-2.879277310612309293e-01
1.321592159215921569e+01,-2.876882446154098716e-01
1.321732173217321638e+01,-2.874485706758207471e-01
1.321872187218721884e+01,-2.872087104746015029e-01
1.322012201220121952e+01,-2.869686657070360525e-01
1.322152215221522198e+01,-2.867284370500868818e-01
1.322292229222922266e+01,-2.864880262066975547e-01
1.322432243224322335e+01,-2.862474340216323299e-01
1.322572257225722581e+01,-2.860066621009451637e-01
1.322712271227122649e+01,-2.857657116413179210e-01
1.322852285228522895e+01,-2.855245837531157349e-01
1.322992299229922963e+01,-2.852832796872348808e-01
1.323132313231323032e+01,-2.850418010576731831e-01
1.323272327232723278e+01,-2.848001490063580832e-01
1.323412341234123346e+01,-2.845583245336200662e-01
1.323552355235523592e+01,-2.843163294210029335e-01
1.323692369236923660e+01,-2.840741644681088474e-01
1.323832383238323729e+01,-2.838318312407324129e-01
1.323972397239723975e+01,-2.835893308524219947e-01
1.324112411241124043e+01,-2.833466653078033914e-01
1.324252425242524289e+01,-2.831038350117012214e-01
1.324392439243924358e+01,-2.828608414218365397e-01
1.324532453245324426e+01,-2.826176864707292680e-01
1.324672467246724672e+01,-2.823743712180402099e-01
1.324812481248124740e+01,-2.821308967514681854e-01
1.324952495249524986e+01,-2.818872645173797764e-01
1.325092509250925055e+01,-2.816434758050974096e-01
1.325232523252325123e+01,-2.813995322893845241e-01
1.325372537253725369e+01,-2.811554351243614747e-01
1.325512551255125437e+01,-2.809111855018784354e-01
1.325652565256525683e+01,-2.806667850015429622e-01
1.325792579257925752e+01,-2.804222348546687726e-01
1.325932593259325820e+01,-2.801775365752803282e-01
1.326072607260726066e+01,-2.799326914341548900e-01
1.326212621262126135e+01,-2.796877008368454653e-01
1.326352635263526381e+01,-2.794425661895445501e-01
1.326492649264926449e+01,-2.791972889317122508e-01
1.326632663266326517e+01,-2.789518703515341258e-01
1.326772677267726763e+01,-2.787063118703514419e-01
1.326912691269126832e+01,-2.784606150090951360e-01
1.327052705270527078e+01,-2.782147810007273847e-01
1.327192719271927146e+01,-2.779688112800897670e-01
1.327332733273327214e+01,-2.777227076089587854e-01
1.327472747274727460e+01,-2.774764706864232267e-01
1.327612761276127529e+01,-2.772301029198729339e-01
1.327752775277527775e+01,-2.769836049465226324e-01
1.327892789278927843e+01,-2.767369783892945634e-01
1.328032803280327911e+01,-2.764902248999021594e-01
1.328172817281728157e+01,-2.762433458464670366e-01
1.328312831283128226e+01,-2.759963424390861064e-01
1.328452845284528472e+01,-2.757492164226817977e-01
1.328592859285928540e+01,-2.755019691873741294e-01
1.328732873287328786e+01,-2.752546021401087728e-01
1.328872887288728855e+01,-2.750071168310483927e-01
1.329012901290128923e+01,-2.747595145733612298e-01
1.329152915291529169e+01,-2.745117970249424388e-01
1.329292929292929237e+01,-2.742639657650869367e-01
1.329432943294329483e+01,-2.740160216566067675e-01
1.329572957295729552e+01,-2.737679670732404702e-01
1.329712971297129620e+01,-2.735198031156613752e-01
1.329852985298529866e+01,-2.732715310073245973e-01
1.329992999299929934e+01,-2.730231524364228335e-01
1.330133013301330180e+01,-2.727746694204711275e-01
1.330273027302730249e+01,-2.725260829140268015e-01
1.330413041304130317e+01,-2.722773944732637119e-01
1.330553055305530563e+01,-2.720286057108296518e-01
1.330693069306930632e+01,-2.717797182062469119e-01
1.330833083308330878e+01,-2.715307335425762858e-01
1.330973097309730946e+01,-2.712816527599244409e-01
1.331113111311131014e+01,-2.710324782442796732e-01
1.331253125312531260e+01,-2.707832109481103089e-01
1.331393139313931329e+01,-2.705338527967739992e-01
1.331533153315331575e+01,-2.702844048996126958e-01
1.331673167316731643e+01,-2.700348690986515976e-01
1.331813181318131711e+01,-2.697852471148536324e-01
1.331953195319531957e+01,-2.695355400086896225e-01
1.332093209320932026e+01,-2.692857500181560226e-01
1.332233223322332272e+01,-2.690358781209596373e-01
1.332373237323732340e+01,-2.687859262501746116e-01
1.332513251325132408e+01,-2.685358958593013767e-01
1.332653265326532654e+01,-2.682857886410232595e-01
1.332793279327932723e+01,-2.680356060073734170e-01
1.332933293329332969e+01,-2.677853499593965125e-01
1.333073307330733037e+01,-2.675350217174212730e-01
1.333213321332133106e+01,-2.672846228140173253e-01
1.333353335333533352e+01,-2.670341553175887839e-01
1.333493349334933420e+01,-2.667836204093418928e-01
1.333633363336333666e+01,-2.665330200896818269e-01
1.333773377337733734e+01,-2.662823557649005579e-01
1.333913391339133803e+01,-2.660316293304418878e-01
1.334053405340534049e+01,-2.657808418247924465e-01
1.334193419341934117e+01,-2.655299951900929045e-01
1.334333433343334363e+01,-2.652790915404210637e-01
1.334473447344734431e+01,-2.650281319695011462e-01
1.334613461346134500e+01,-2.647771180564575388e-01
1.334753475347534746e+01,-2.645260522309627049e-01
1.334893489348934814e+01,-2.642749351602589059e-01
1.335033503350335060e+01,-2.640237693554894349e-01
1.335173517351735128e+01,-2.637725560592087959e-01
1.335313531353135197e+01,-2.635212969105253933e-01
1.335453545354535443e+01,-2.632699935776656730e-01
1.335593559355935511e+01,-2.630186483594485480e-01
1.335733573357335757e+01,-2.627672622496390886e-01
1.335873587358735826e+01,-2.625158370055657997e-01
1.336013601360135894e+01,-2.622643745663708614e-01
1.336153615361536140e+01,-2.620128764749267702e-01
1.336293629362936208e+01,-2.617613446251283449e-01
1.336433643364336454e+01,-2.615097809280513275e-01
1.336573657365736523e+01,-2.612581864224949868e-01
1.336713671367136591e+01,-2.610065635740852485e-01
1.336853685368536837e+01,-2.607549134057762785e-01
1.336993699369936905e+01,-2.605032381392362595e-01
1.337133713371337151e+01,-2.602515392822795093e-01
1.337273727372737220e+01,-2.599998190071914905e-01
1.337413741374137466e+01,-2.597480786205750292e-01
1.337553755375537534e+01,-2.594963196763870883e-01
1.337693769376937603e+01,-2.592445446040301249e-01
1.337833783378337849e+01,-2.589927546389390045e-01
1.337973797379737917e+01,-2.587409518698677857e-01
1.338113811381138163e+01,-2.584891376423144038e-01
1.338253825382538231e+01,-2.582373141141971473e-01
1.338393839383938300e+01,-2.579854829438090746e-01
1.338533853385338546e+01,-2.577336459952874748e-01
1.338673867386738614e+01,-2.574818049347413762e-01
1.338813881388138860e+01,-2.572299613454731571e-01
1.338953895389538928e+01,-2.569781175317444877e-01
1.339093909390938997e+01,-2.567262748243450687e-01
1.339233923392339243e+01,-2.564744354082790778e-01
1.339373937393739311e+01,-2.562226009261507897e-01
1.339513951395139557e+01,-2.559707729712670243e-01
1.339653965396539625e+01,-2.557189536383646100e-01
1.339793979397939694e+01,-2.554671448601339989e-01
1.339933993399339940e+01,-2.552153479335999009e-01
1.340074007400740008e+01,-2.549635654044521971e-01
1.340214021402140254e+01,-2.547117983952915665e-01
1.340354035403540323e+01,-2.544600491929287500e-01
1.340494049404940391e+01,-2.542083197606075373e-01
1.340634063406340637e+01,-2.539566116322333755e-01
1.340774077407740705e+01,-2.537049264489894540e-01
1.340914091409140951e+01,-2.534532667220759095e-01
1.341054105410541020e+01,-2.532016339467588750e-01
1.341194119411941088e+01,-2.529500296549400673e-01
1.341334133413341334e+01,-2.526984562748566532e-01
1.341474147414741402e+01,-2.524469153224373486e-01
1.341614161416141648e+01,-2.521954089553446465e-01
1.341754175417541717e+01,-2.519439390059972084e-01
1.341894189418941785e+01,-2.516925071412430270e-01
1.342034203420342031e+01,-2.514411151407927036e-01
1.342174217421742100e+01,-2.511897653770205352e-01
1.342314231423142346e+01,-2.509384598693173984e-01
1.342454245424542414e+01,-2.506871995244637219e-01
1.342594259425942482e+01,-2.504359871022785455e-01
1.342734273427342728e+01,-2.501848242953315093e-01
1.342874287428742797e+01,-2.499337130538634710e-01
1.343014301430143043e+01,-2.496826552561515200e-01
1.343154315431543111e+01,-2.494316528612756656e-01
1.343294329432943179e+01,-2.491807077213650246e-01
1.343434343434343425e+01,-2.489298214706536783e-01
1.343574357435743494e+01,-2.486789970065075295e-01
1.343714371437143740e+01,-2.484282352981068698e-01
1.343854385438543808e+01,-2.481775388848319608e-01
1.343994399439943876e+01,-2.479269091209346243e-01
1.344134413441344122e+01,-2.476763485535116160e-01
1.344274427442744191e+01,-2.474258588336653020e-01
1.344414441444144437e+01,-2.471754419899241384e-01
1.344554455445544505e+01,-2.469251000065497692e-01
1.344694469446944574e+01,-2.466748347628850979e-01
1.344834483448344820e+01,-2.464246485019145894e-01
1.344974497449744888e+01,-2.461745427495145577e-01
1.345114511451145134e+01,-2.459245198799351328e-01
1.345254525452545202e+01,-2.456745815910892361e-01
1.345394539453945448e+01,-2.454247302446361800e-01
1.345534553455345517e+01,-2.451749673840879495e-01
1.345674567456745585e+01,-2.449252953014280365e-01
1.345814581458145831e+01,-2.446757160040249346e-01
1.345954595459545899e+01,-2.444262315165275368e-01
1.346094609460946145e+01,-2.441768436422790955e-01
1.346234623462346214e+01,-2.439275546753947310e-01
1.346374637463746282e+01,-2.436783661830759229e-01
1.346514651465146528e+01,-2.434292806691047417e-01
1.346654665466546597e+01,-2.431802996876371026e-01
1.346794679467946843e+01,-2.429314258683916705e-01
1.346934693469346911e+01,-2.426826607628242982e-01
1.347074707470746979e+01,-2.424340068408952220e-01
1.347214721472147225e+01,-2.421854658170587982e-01
1.347354735473547294e+01,-2.419370395271585039e-01
1.347494749474947540e+01,-2.416887304599839581e-01
1.347634763476347608e+01,-2.414405404660442400e-01
1.347774777477747676e+01,-2.411924715718072321e-01
1.347914791479147922e+01,-2.409445261546494521e-01
1.348054805480547991e+01,-2.406967059595501723e-01
1.348194819481948237e+01,-2.404490130423226901e-01
1.348334833483348305e+01,-2.402014494718116566e-01
1.348474847484748373e+01,-2.399540175882606263e-01
1.348614861486148619e+01,-2.397067193504227589e-01
1.348754875487548688e+01,-2.394595567499493427e-01
1.348894889488948934e+01,-2.392125320196498706e-01
1.349034903490349002e+01,-2.389656470683689804e-01
1.349174917491749071e+01,-2.387189039863955031e-01
1.349314931493149317e+01,-2.384723050405028744e-01
1.349454945494549385e+01,-2.382258524146720902e-01
1.349594959495949631e+01,-2.379795478496191663e-01
1.349734973497349699e+01,-2.377333940427490688e-01
1.349874987498749768e+01,-2.374873923416487287e-01
1.350015001500150014e+01,-2.372415453822753761e-01
1.350155015501550082e+01,-2.369958555697309066e-01
1.350295029502950328e+01,-2.367503243826405424e-01
1.350435043504350396e+01,-2.365049538581303068e-01
1.350575057505750465e+01,-2.362597472025242951e-01
1.350715071507150711e+01,-2.360147054259584820e-01
1.350855085508550779e+01,-2.357698311201232855e-01
1.350995099509951025e+01,-2.355251263705326892e-01
1.351135113511351094e+01,-2.352805934217627737e-01
1.351275127512751162e+01,-2.350362342603631305e-01
1.351415141514151408e+01,-2.347920513504391238e-01
1.351555155515551476e+01,-2.345480464788636255e-01
1.351695169516951722e+01,-2.343042223476032859e-01
1.351835183518351791e+01,-2.340605805362656611e-01
1.351975197519751859e+01,-2.338171234653856345e-01
1.352115211521152105e+01,-2.335738534936950828e-01
1.352255225522552173e+01,-2.333307722993680500e-01
1.352395239523952419e+01,-2.330878824701869689e-01
1.352535253525352488e+01,-2.328451860055338329e-01
1.352675267526752556e+01,-2.326026853897644742e-01
1.352815281528152802e+01,-2.323603827607740868e-01
1.352955295529552870e+01,-2.321182796175094154e-01
1.353095309530953116e+01,-2.318763792427631643e-01
1.353235323532353185e+01,-2.316346829725262069e-01
1.353375337533753253e+01,-2.313931935880901847e-01
1.353515351535153499e+01,-2.311519129874710643e-01
1.353655365536553568e+01,-2.309108436600126879e-01
1.353795379537953814e+01,-2.306699875228304109e-01
1.353935393539353882e+01,-2.304293466571181170e-01
1.354075407540754128e+01,-2.301889237085390505e-01
1.354215421542154196e+01,-2.299487209427439893e-01
1.354355435543554265e+01,-2.297087403975694997e-01
1.354495449544954511e+01,-2.294689844604818063e-01
1.354635463546354579e+01,-2.292294549442175366e-01
1.354775477547754825e+01,-2.289901543876879941e-01
1.354915491549154893e+01,-2.287510854014271899e-01
1.355055505550554962e+01,-2.285122495736402470e-01
1.355195519551955208e+01,-2.282736492467307698e-01
1.355335533553355276e+01,-2.280352872221129701e-01
1.355475547554755522e+01,-2.277971653447394829e-01
1.355615561556155590e+01,-2.275592860130899453e-01
1.355755575557555659e+01,-2.273216510921400868e-01
1.355895589558955905e+01,-2.270842634913918801e-01
1.356035603560355973e+01,-2.268471251336876549e-01
1.356175617561756219e+01,-2.266102385690800247e-01
1.356315631563156288e+01,-2.263736058617951130e-01
1.356455645564556356e+01,-2.261372292380059434e-01
1.356595659565956602e+01,-2.259011111785298453e-01
1.356735673567356670e+01,-2.256652536477048443e-01
1.356875687568756916e+01,-2.254296593704623319e-01
1.357015701570156985e+01,-2.251943301859142821e-01
1.357155715571557053e+01,-2.249592687078632025e-01
1.357295729572957299e+01,-2.247244773282943697e-01
1.357435743574357367e+01,-2.244899580175427900e-01
1.357575757575757613e+01,-2.242557135706277904e-01
1.357715771577157682e+01,-2.240217458620037405e-01
1.357855785578557750e+01,-2.237880572829453740e-01
1.357995799579957996e+01,-2.235546503429475251e-01
1.358135813581358065e+01,-2.233215271723167916e-01
1.358275827582758311e+01,-2.230886900811270834e-01
1.358415841584158379e+01,-2.228561415933540957e-01
1.358555855585558447e+01,-2.226238842596330869e-01
1.358695869586958693e+01,-2.223919197302848261e-01
1.358835883588358762e+01,-2.221602508394937558e-01
1.358975897589759008e+01,-2.219288798878409352e-01
1.359115911591159076e+01,-2.216978092605046413e-01
1.359255925592559144e+01,-2.214670407997374468e-01
1.359395939593959390e+01,-2.212365777394040833e-01
1.359535953595359459e+01,-2.210064214515909953e-01
1.359675967596759705e+01,-2.207765749467256455e-01
1.359815981598159773e+01,-2.205470408068919141e-01
1.359955995599559841e+01,-2.203178205635936138e-01
1.360096009600960087e+01,-2.200889175009308474e-01
1.360236023602360156e+01,-2.198603336745605930e-01
1.360376037603760402e+01,-2.196320706442804749e-01
1.360516051605160470e+01,-2.194041316917463291e-01
1.360656065606560539e+01,-2.191765194830566088e-01
1.360796079607960785e+01,-2.189492353613502473e-01
1.360936093609360853e+01,-2.187222822590939586e-01
1.361076107610761099e+01,-2.184956629227343683e-01
1.361216121612161167e+01,-2.182693789560801179e-01
1.361356135613561236e+01,-2.180434334322143286e-01
1.361496149614961482e+01,-2.178178287749119590e-01
1.361636163616361550e+01,-2.175925667471005909e-01
1.361776177617761796e+01,-2.173676500372181408e-01
1.361916191619161864e+01,-2.171430812245631614e-01
1.362056205620562110e+01,-2.169188628494254090e-01
1.362196219621962179e+01,-2.166949971321514568e-01
1.362336233623362247e+01,-2.164714858280802900e-01
1.362476247624762493e+01,-2.162483322893677951e-01
1.362616261626162562e+01,-2.160255388050984493e-01
1.362756275627562808e+01,-2.158031077155300181e-01
1.362896289628962876e+01,-2.155810410669545263e-01
1.363036303630362944e+01,-2.153593417790773401e-01
1.363176317631763190e+01,-2.151380119802013269e-01
1.363316331633163259e+01,-2.149170540879623559e-01
1.363456345634563505e+01,-2.146964708598488869e-01
1.363596359635963573e+01,-2.144762646025668573e-01
1.363736373637363641e+01,-2.142564374367736946e-01
1.363876387638763887e+01,-2.140369923488947279e-01
1.364016401640163956e+01,-2.138179314100909778e-01
1.364156415641564202e+01,-2.135992572292053637e-01
1.364296429642964270e+01,-2.133809718918087128e-01
1.364436443644364338e+01,-2.131630783297424614e-01
1.364576457645764584e+01,-2.129455787984539938e-01
1.364716471647164653e+01,-2.127284760450152135e-01
1.364856485648564899e+01,-2.125117720255502718e-01
1.364996499649964967e+01,-2.122954692918312958e-01
1.365136513651365036e+01,-2.120795704371545298e-01
1.365276527652765282e+01,-2.118640785686238814e-01
1.365416541654165350e+01,-2.116489949814877036e-01
1.365556555655565596e+01,-2.114343228793700291e-01
1.365696569656965664e+01,-2.112200650201430108e-01
1.365836583658365733e+01,-2.110062231565166257e-01
1.365976597659765979e+01,-2.107927996764402678e-01
1.366116611661166047e+01,-2.105797980243693246e-01
1.366256625662566293e+01,-2.103672200782114032e-01
1.366396639663966361e+01,-2.101550682548065652e-01
1.366536653665366430e+01,-2.099433449481864500e-01
1.366676667666766676e+01,-2.097320528965980202e-01
1.366816681668166744e+01,-2.095211952634770114e-01
1.366956695669566990e+01,-2.093107732290917511e-01
1.367096709670967059e+01,-2.091007897805923221e-01
1.367236723672367127e+01,-2.088912484463349983e-01
1.367376737673767373e+01,-2.086821498369744177e-01
1.367516751675167441e+01,-2.084734980014388839e-01
1.367656765676567687e+01,-2.082652948926408953e-01
1.367796779677967756e+01,-2.080575432220257426e-01
1.367936793679367824e+01,-2.078502452440176285e-01
1.368076807680768070e+01,-2.076434035741812067e-01
1.368216821682168138e+01,-2.074370204095998815e-01
1.368356835683568384e+01,-2.072310988245220642e-01
1.368496849684968453e+01,-2.070256416333933203e-01
1.368636863686368521e+01,-2.068206502194556151e-01
1.368776877687768767e+01,-2.066161279424107988e-01
1.368916891689168835e+01,-2.064120770086503853e-01
1.369056905690569081e+01,-2.062085001540481244e-01
1.369196919691969150e+01,-2.060053999258713020e-01
1.369336933693369218e+01,-2.058027788283141035e-01
1.369476947694769464e+01,-2.056006394277147820e-01
1.369616961696169533e+01,-2.053989837480543201e-01
1.369756975697569779e+01,-2.051978150974775872e-01
1.369896989698969847e+01,-2.049971354195889717e-01
1.370037003700369915e+01,-2.047969480610731807e-01
1.370177017701770161e+01,-2.045972549089896120e-01
1.370317031703170230e+01,-2.043980584526821076e-01
1.370457045704570476e+01,-2.041993615462303069e-01
1.370597059705970544e+01,-2.040011664381040646e-01
1.370737073707370790e+01,-2.038034761686020602e-01
1.370877087708770858e+01,-2.036062926715374033e-01
1.371017101710170927e+01,-2.034096190252370207e-01
1.371157115711571173e+01,-2.032134578238640188e-01
1.371297129712971241e+01,-2.030178110625513455e-01
1.371437143714371487e+01,-2.028226820945064901e-01
1.371577157715771556e+01,-2.026280728645986073e-01
1.371717171717171624e+01,-2.024339860238058009e-01
1.371857185718571870e+01,-2.022404243134445778e-01
1.371997199719971938e+01,-2.020473902831696478e-01
1.372137213721372184e+01,-2.018548864715228319e-01
1.372277227722772253e+01,-2.016629153668247909e-01
1.372417241724172321e+01,-2.014714801812118594e-01
1.372557255725572567e+01,-2.012805821059231448e-01
1.372697269726972635e+01,-2.010902250945179048e-01
1.372837283728372881e+01,-2.009004111564536288e-01
1.372977297729772950e+01,-2.007111430491477222e-01
1.373117311731173018e+01,-2.005224228627469074e-01
1.373257325732573264e+01,-2.003342533076164500e-01
1.373397339733973332e+01,-2.001466382391896559e-01
1.373537353735373578e+01,-1.999595784629804029e-01
1.373677367736773647e+01,-1.997730779569479864e-01
1.373817381738173715e+01,-1.995871375247304513e-01
1.373957395739573961e+01,-1.994017616085415057e-01
1.374097409740974030e+01,-1.992169525040026201e-01
1.374237423742374276e+01,-1.990327119676749135e-01
1.374377437743774344e+01,-1.988490429239675450e-01
1.374517451745174412e+01,-1.986659486302642108e-01
1.374657465746574658e+01,-1.984834307913416751e-01
1.374797479747974727e+01,-1.983014923871877500e-01
1.374937493749374973e+01,-1.981201362424656054e-01
1.375077507750775041e+01,-1.979393648447569376e-01
1.375217521752175109e+01,-1.977591800215350304e-01
1.375357535753575355e+01,-1.975795856077695589e-01
1.375497549754975424e+01,-1.974005835860310754e-01
1.375637563756375670e+01,-1.972221766801141030e-01
1.375777577757775738e+01,-1.970443672944668378e-01
1.375917591759175806e+01,-1.968671584074570546e-01
1.376057605760576052e+01,-1.966905521770883070e-01
1.376197619761976121e+01,-1.965145516786179769e-01
1.376337633763376367e+01,-1.963391595341761331e-01
1.376477647764776435e+01,-1.961643779812760613e-01
1.376617661766176504e+01,-1.959902092722245470e-01
1.376757675767576750e+01,-1.958166574472528509e-01
1.376897689768976818e+01,-1.956437236918446843e-01
1.377037703770377064e+01,-1.954714109978112901e-01
1.377177717771777132e+01,-1.952997227853501272e-01
1.377317731773177201e+01,-1.951286603054569468e-01
1.377457745774577447e+01,-1.949582279466994805e-01
1.377597759775977515e+01,-1.947884265895680755e-01
1.377737773777377761e+01,-1.946192597980456185e-01
1.377877787778777829e+01,-1.944507302132620907e-01
1.378017801780177898e+01,-1.942828398046430038e-01
1.378157815781578144e+01,-1.941155918437544869e-01
1.378297829782978212e+01,-1.939489886876657465e-01
1.378437843784378458e+01,-1.937830332874597161e-01
1.378577857785778527e+01,-1.936177276051012086e-01
1.378717871787178595e+01,-1.934530751765208834e-01
1.378857885788578841e+01,-1.932890779569618189e-01
1.378997899789978909e+01,-1.931257390022409481e-01
1.379137913791379155e+01,-1.929630604319640952e-01
1.379277927792779224e+01,-1.928010451408255221e-01
1.379417941794179470e+01,-1.926396957719731517e-01
1.379557955795579538e+01,-1.924790150363264729e-01
1.379697969796979606e+01,-1.923190059956993991e-01
1.379837983798379852e+01,-1.921596702640755439e-01
1.379977997799779921e+01,-1.920010114292836079e-01
1.380118011801180167e+01,-1.918430314423602567e-01
1.380258025802580235e+01,-1.916857329014334255e-01
1.380398039803980303e+01,-1.915291193192132368e-01
1.380538053805380549e+01,-1.913731924987445154e-01
1.380678067806780618e+01,-1.912179555416315679e-01
1.380818081808180864e+01,-1.910634106267963261e-01
1.380958095809580932e+01,-1.909095610341466909e-01
1.381098109810981001e+01,-1.907564090065392293e-01
1.381238123812381247e+01,-1.906039571085784701e-01
1.381378137813781315e+01,-1.904522083870574534e-01
1.381518151815181561e+01,-1.903011650951214051e-01
1.381658165816581629e+01,-1.901508296156606548e-01
1.381798179817981698e+01,-1.900012054579747200e-01
1.381938193819381944e+01,-1.898522942287286241e-01
1.382078207820782012e+01,-1.897040996255583423e-01
1.382218221822182258e+01,-1.895566233066574569e-01
1.382358235823582326e+01,-1.894098688564156419e-01
1.382498249824982395e+01,-1.892638384980216415e-01
1.382638263826382641e+01,-1.891185344832138071e-01
1.382778277827782709e+01,-1.889739603455495853e-01
1.382918291829182955e+01,-1.888301174850255393e-01
1.383058305830583024e+01,-1.886870097251716061e-01
1.383198319831983092e+01,-1.885446386802271945e-01
1.383338333833383338e+01,-1.884030083300700653e-01
1.383478347834783406e+01,-1.882621204083960720e-01
1.383618361836183652e+01,-1.881219771363475957e-01
1.383758375837583721e+01,-1.879825824056950978e-01
1.383898389838983789e+01,-1.878439374367388837e-01
1.384038403840384035e+01,-1.877060460888344551e-01
1.384178417841784103e+01,-1.875689104072080227e-01
1.384318431843184349e+01,-1.874325334866142612e-01
1.384458445844584418e+01,-1.872969171574254688e-01
1.384598459845984486e+01,-1.871620649774143885e-01
1.384738473847384732e+01,-1.870279787542443728e-01
1.384878487848784800e+01,-1.868946620527793812e-01
1.385018501850185046e+01,-1.867621166565527346e-01
1.385158515851585115e+01,-1.866303453029587445e-01
1.385298529852985183e+01,-1.864993516186927991e-01
1.385438543854385429e+01,-1.863691370611064713e-01
1.385578557855785498e+01,-1.862397048956694334e-01
1.385718571857185744e+01,-1.861110573434530124e-01
1.385858585858585812e+01,-1.859831974150978340e-01
1.385998599859985880e+01,-1.858561277225021513e-01
1.386138613861386126e+01,-1.857298507905511542e-01
1.386278627862786195e+01,-1.856043696616751504e-01
1.386418641864186441e+01,-1.854796861036192013e-01
1.386558655865586509e+01,-1.853558035349180955e-01
1.386698669866986577e+01,-1.852327238761262151e-01
1.386838683868386823e+01,-1.851104503487874808e-01
1.386978697869786892e+01,-1.849889858701914136e-01
1.387118711871187138e+01,-1.848683323009367996e-01
1.387258725872587206e+01,-1.847484929295148959e-01
1.387398739873987452e+01,-1.846294696886729980e-01
1.387538753875387521e+01,-1.845112658826195684e-01
1.387678767876787589e+01,-1.843938840787728850e-01
1.387818781878187835e+01,-1.842773261377743665e-01
1.387958795879587903e+01,-1.841615958210525150e-01
1.388098809880988149e+01,-1.840466949698935650e-01
1.388238823882388218e+01,-1.839326265662606374e-01
1.388378837883788286e+01,-1.838193926909070797e-01
1.388518851885188532e+01,-1.837069970708569144e-01
1.388658865886588600e+01,-1.835954415730611800e-01
1.388798879887988846e+01,-1.834847284407175039e-01
1.388938893889388915e+01,-1.833748612006758094e-01
1.389078907890788983e+01,-1.832658421087245415e-01
1.389218921892189229e+01,-1.831576736328770494e-01
1.389358935893589297e+01,-1.830503584007203699e-01
1.389498949894989543e+01,-1.829438992451315471e-01
1.389638963896389612e+01,-1.828382987599042053e-01
1.389778977897789680e+01,-1.827335591540446558e-01
1.389918991899189926e+01,-1.826296834194494068e-01
1.390059005900589995e+01,-1.825266747669758161e-01
1.390199019901990241e+01,-1.824245348102380149e-01
1.390339033903390309e+01,-1.823232658498881165e-01
1.390479047904790377e+01,-1.822228724730479144e-01
1.390619061906190623e+01,-1.821233552225720587e-01
1.390759075907590692e+01,-1.820247176025731051e-01
1.390899089908990938e+01,-1.819269622430823574e-01
1.391039103910391006e+01,-1.818300914208492713e-01
1.391179117911791074e+01,-1.817341081978440798e-01
1.391319131913191320e+01,-1.816390147254054455e-01
1.391459145914591389e+01,-1.815448142726978631e-01
1.391599159915991635e+01,-1.814515081605492242e-01
1.391739173917391703e+01,-1.813591001525622914e-01
1.391879187918791771e+01,-1.812675932058311901e-01
1.392019201920192017e+01,-1.811769882123428488e-01
1.392159215921592086e+01,-1.810872894218960028e-01
1.392299229922992332e+01,-1.809984987876305240e-01
1.392439243924392400e+01,-1.809106187952949085e-01
1.392579257925792469e+01,-1.808236521344781522e-01
1.392719271927192715e+01,-1.807376016052302248e-01
1.392859285928592783e+01,-1.806524693344897514e-01
1.392999299929993029e+01,-1.805682578730767318e-01
1.393139313931393097e+01,-1.804849709246099110e-01
1.393279327932793166e+01,-1.804026098954096824e-01
1.393419341934193412e+01,-1.803211778830728917e-01
1.393559355935593480e+01,-1.802406771702607102e-01
1.393699369936993726e+01,-1.801611099769075963e-01
1.393839383938393794e+01,-1.800824801833869060e-01
1.393979397939793863e+01,-1.800047895519583108e-01
1.394119411941194109e+01,-1.799280399901448391e-01
1.394259425942594177e+01,-1.798522355312712762e-01
1.394399439943994423e+01,-1.797773775365243409e-01
1.394539453945394492e+01,-1.797034690269896373e-01
1.394679467946794560e+01,-1.796305127664794554e-01
1.394819481948194806e+01,-1.795585105916188695e-01
1.394959495949594874e+01,-1.794874662252681219e-01
1.395099509950995120e+01,-1.794173813511861226e-01
1.395239523952395189e+01,-1.793482582911991585e-01
1.395379537953795257e+01,-1.792801003493451617e-01
1.395519551955195503e+01,-1.792129099178367824e-01
1.395659565956595571e+01,-1.791466894473785487e-01
1.395799579957995817e+01,-1.790814410522472144e-01
1.395939593959395886e+01,-1.790171683176140505e-01
1.396079607960796132e+01,-1.789538726266641788e-01
1.396219621962196200e+01,-1.788915570269864475e-01
1.396359635963596268e+01,-1.788302245686992364e-01
1.396499649964996514e+01,-1.787698771174888179e-01
1.396639663966396583e+01,-1.787105168584020021e-01
1.396779677967796829e+01,-1.786521472108404396e-01
1.396919691969196897e+01,-1.785947700306707020e-01
1.397059705970596966e+01,-1.785383884116527042e-01
1.397199719971997212e+01,-1.784830045800305243e-01
1.397339733973397280e+01,-1.784286209577601312e-01
1.397479747974797526e+01,-1.783752405258525187e-01
1.397619761976197594e+01,-1.783228652280541837e-01
1.397759775977597663e+01,-1.782714973904546696e-01
1.397899789978997909e+01,-1.782211404325124704e-01
1.398039803980397977e+01,-1.781717963135065474e-01
1.398179817981798223e+01,-1.781234671223046462e-01
1.398319831983198291e+01,-1.780761565860302653e-01
1.398459845984598360e+01,-1.780298659504495618e-01
1.398599859985998606e+01,-1.779845986951755776e-01
1.398739873987398674e+01,-1.779403564443953201e-01
1.398879887988798920e+01,-1.778971421091597449e-01
1.399019901990198989e+01,-1.778549581416370984e-01
1.399159915991599057e+01,-1.778138067203514083e-01
1.399299929992999303e+01,-1.777736905970073167e-01
1.399439943994399371e+01,-1.777346126263807946e-01
1.399579957995799617e+01,-1.776965748902057385e-01
1.399719971997199686e+01,-1.776595800781137768e-01
1.399859985998599754e+01,-1.776236303389140403e-01
1.400000000000000000e+01,-1.775887275395717779e-01
